N,a,kBT,Rg,L,L_over_Rg,tether_fraction,tether_definition,boundary,survival_exact,F_exact,force_exact,force_exact_Rg_over_kBT,delta_L,deltaL_over_Rg,force_FD,force_FD_Rg_over_kBT,relative_FD_error,absolute_scaled_force_error,production_deltaL
200,1.0,1.0,5.773502691896258,4.618802153517007,0.8,0.5,"z0=tether_fraction*L, co-moving","absorbing z=0,L",2.5558970285313794e-07,15.179692401431623,6.677600106754752,38.5531421917553,1.0,0.1732050807568877,7.350564374433609,42.438503202749175,0.10077936038699258,3.8853610109938757,False
200,1.0,1.0,5.773502691896258,4.618802153517007,0.8,0.5,"z0=tether_fraction*L, co-moving","absorbing z=0,L",2.5558970285313794e-07,15.179692401431623,6.677600106754752,38.5531421917553,2.0,0.3464101615137754,10.115181226800093,58.400026041948834,0.5147928994082834,19.846883850193535,True
200,1.0,1.0,5.773502691896258,4.618802153517007,0.8,0.5,"z0=tether_fraction*L, co-moving","absorbing z=0,L",2.5558970285313794e-07,15.179692401431623,6.677600106754752,38.5531421917553,4.0,0.6928203230275508,nan,nan,nan,nan,False
200,1.0,1.0,5.773502691896258,5.196152422706633,0.9,0.5,"z0=tether_fraction*L, co-moving","absorbing z=0,L",6.503745500343432e-06,11.943132316197847,4.68989198169881,27.077103981040754,1.0,0.1732050807568877,5.057590613400047,29.200013020974417,0.0784023668639051,2.1229090399336634,False
200,1.0,1.0,5.773502691896258,5.196152422706633,0.9,0.5,"z0=tether_fraction*L, co-moving","absorbing z=0,L",6.503745500343432e-06,11.943132316197847,4.68989198169881,27.077103981040754,2.0,0.3464101615137754,6.463008042832573,37.31419433304103,0.3780718336483928,10.237090352000276,True
200,1.0,1.0,5.773502691896258,5.196152422706633,0.9,0.5,"z0=tether_fraction*L, co-moving","absorbing z=0,L",6.503745500343432e-06,11.943132316197847,4.68989198169881,27.077103981040754,4.0,0.6928203230275508,28.255630203788655,163.133957042799,5.024793388429743,136.05685306175826,False
200,1.0,1.0,5.773502691896258,5.773502691896258,1.0,0.5,"z0=tether_fraction*L, co-moving","absorbing z=0,L",6.58560060543942e-05,9.628039925818866,3.418931254658432,19.73920880217871,1.0,0.1732050807568877,3.6336818521186443,20.979071954701574,0.06281220108406861,1.2398631525228652,False
200,1.0,1.0,5.773502691896258,5.773502691896258,1.0,0.5,"z0=tether_fraction*L, co-moving","absorbing z=0,L",6.58560060543942e-05,9.628039925818866,3.418931254658432,19.73920880217871,2.0,0.3464101615137754,4.4149422193419845,25.489680787937388,0.29132231404958714,5.750471985758679,True
200,1.0,1.0,5.773502691896258,5.773502691896258,1.0,0.5,"z0=tether_fraction*L, co-moving","absorbing z=0,L",6.58560060543942e-05,9.628039925818866,3.418931254658432,19.73920880217871,4.0,0.6928203230275508,12.643976533500071,73.00003255243578,2.698224852070992,53.260823750257074,False
200,1.0,1.0,5.773502691896258,6.350852961085884,1.1,0.5,"z0=tether_fraction*L, co-moving","absorbing z=0,L",0.0003651751790664999,7.9151333768694725,2.568693654889881,14.830359731163567,1.0,0.1732050807568877,2.7009655128729366,15.594031659290858,0.051493823613904616,0.763671928127291,False
200,1.0,1.0,5.773502691896258,6.350852961085884,1.1,0.5,"z0=tether_fraction*L, co-moving","absorbing z=0,L",0.0003651751790664999,7.9151333768694725,2.568693654889881,14.830359731163567,2.0,0.3464101615137754,3.165410638939715,18.275506844875498,0.2323036781415707,3.445147113711931,True
200,1.0,1.0,5.773502691896258,6.350852961085884,1.1,0.5,"z0=tether_fraction*L, co-moving","absorbing z=0,L",0.0003651751790664999,7.9151333768694725,2.568693654889881,14.830359731163567,4.0,0.6928203230275508,7.05727975253105,40.745223648702975,1.747419778569739,25.914863917539407,False
200,1.0,1.0,5.773502691896258,6.9282032302755105,1.2000000000000002,0.5,"z0=tether_fraction*L, co-moving","absorbing z=0,L",0.0013437010832274994,6.612327469930448,1.9785481797791846,11.423153242001565,1.0,0.1732050807568877,2.063637395297078,11.914416056845463,0.043005885015845235,0.491262814843898,False
200,1.0,1.0,5.773502691896258,6.9282032302755105,1.2000000000000002,0.5,"z0=tether_fraction*L, co-moving","absorbing z=0,L",0.0013437010832274994,6.612327469930448,1.9785481797791846,11.423153242001565,2.0,0.3464101615137754,2.3546358503157236,13.594496420233265,0.19008264462809907,2.1713431782317,True
200,1.0,1.0,5.773502691896258,6.9282032302755105,1.2000000000000002,0.5,"z0=tether_fraction*L, co-moving","absorbing z=0,L",0.0013437010832274994,6.612327469930448,1.9785481797791846,11.423153242001565,4.0,0.6928203230275508,4.451733404491972,25.702094794438896,1.249999999994343,14.278941552437331,False
200,1.0,1.0,5.773502691896258,7.505553499465136,1.3,0.5,"z0=tether_fraction*L, co-moving","absorbing z=0,L",0.0037036438155730127,5.598438128924394,1.5561817272000145,8.984619391069051,1.0,0.1732050807568877,1.612937520342562,9.312299115558258,0.036471185948614315,0.32767972448920624,False
200,1.0,1.0,5.773502691896258,7.505553499465136,1.3,0.5,"z0=tether_fraction*L, co-moving","absorbing z=0,L",0.0037036438155730127,5.598438128924394,1.5561817272000145,8.984619391069051,2.0,0.3464101615137754,1.8031606276343535,10.410552737568286,0.1587082640269269,1.4259333464992352,True
200,1.0,1.0,5.773502691896258,7.505553499465136,1.3,0.5,"z0=tether_fraction*L, co-moving","absorbing z=0,L",0.0037036438155730127,5.598438128924394,1.5561817272000145,8.984619391069051,4.0,0.6928203230275508,3.035728864773193,17.5267887726352,0.9507547298060606,8.542169381566149,False
200,1.0,1.0,5.773502691896258,8.082903768654763,1.4000000000000001,0.5,"z0=tether_fraction*L, co-moving","absorbing z=0,L",0.008279704709995827,4.793947974264892,1.2459662006772705,7.193589213621975,1.0,0.1732050807568877,1.2850019481118404,7.418962206515647,0.03132970012617619,0.2253729928936723,False
200,1.0,1.0,5.773502691896258,8.082903768654763,1.4000000000000001,0.5,"z0=tether_fraction*L, co-moving","absorbing z=0,L",0.008279704709995827,4.793947974264892,1.2459662006772705,7.193589213621975,2.0,0.3464101615137754,1.4137830093691495,8.162480010349977,0.13468809073685845,0.9688907967280027,True
200,1.0,1.0,5.773502691896258,8.082903768654763,1.4000000000000001,0.5,"z0=tether_fraction*L, co-moving","absorbing z=0,L",0.008279704709995827,4.793947974264892,1.2459662006772705,7.193589213621975,4.0,0.6928203230275508,2.1852190262824016,12.616367930624365,0.7538349155013844,5.422778717002391,False
200,1.0,1.0,5.773502691896258,8.660254037844387,1.5,0.5,"z0=tether_fraction*L, co-moving","absorbing z=0,L",0.01584460255187496,4.144926369658112,1.0130166680469412,5.848654459904793,1.0,0.1732050807568877,1.0405804889999157,6.007794254375738,0.02720964207441574,0.15913979447094473,False
200,1.0,1.0,5.773502691896258,8.660254037844387,1.5,0.5,"z0=tether_fraction*L, co-moving","absorbing z=0,L",0.01584460255187496,4.144926369658112,1.0130166680469412,5.848654459904793,2.0,0.3464101615137754,1.1303746791762168,6.526221253075257,0.11585002974880708,0.6775667931704641,True
200,1.0,1.0,5.773502691896258,8.660254037844387,1.5,0.5,"z0=tether_fraction*L, co-moving","absorbing z=0,L",0.01584460255187496,4.144926369658112,1.0130166680469412,5.848654459904793,4.0,0.6928203230275508,1.636948792600918,9.45092826057773,0.6159149639234416,3.6022738006729362,False
200,1.0,1.0,5.773502691896258,9.237604307034013,1.6,0.5,"z0=tether_fraction*L, co-moving","absorbing z=0,L",0.026950599313273704,3.613749743905051,0.834700013344254,4.819142773968894,1.0,0.1732050807568877,0.8546126337609139,4.934108341547187,0.023856020244781444,0.11496556757829346,False
200,1.0,1.0,5.773502691896258,9.237604307034013,1.6,0.5,"z0=tether_fraction*L, co-moving","absorbing z=0,L",0.026950599313273704,3.613749743905051,0.834700013344254,4.819142773968894,2.0,0.3464101615137754,0.918820546730132,5.304812899916009,0.1007793602983738,0.48567012594711567,True
200,1.0,1.0,5.773502691896258,9.237604307034013,1.6,0.5,"z0=tether_fraction*L, co-moving","absorbing z=0,L",0.026950599313273704,3.613749743905051,0.834700013344254,4.819142773968894,4.0,0.6928203230275508,1.2643976408477169,7.3000031830615715,0.5147928844302574,2.480860409092678,False
200,1.0,1.0,5.773502691896258,9.81495457622364,1.7000000000000002,0.5,"z0=tether_fraction*L, co-moving","absorbing z=0,L",0.041855856449185734,3.1735235527885646,0.6958948208113164,4.0177506212308,1.0,0.1732050807568877,0.7105705820197956,4.102481168073581,0.02108905077260002,0.08473054684278125,False
200,1.0,1.0,5.773502691896258,9.81495457622364,1.7000000000000002,0.5,"z0=tether_fraction*L, co-moving","absorbing z=0,L",0.041855856449185734,3.1735235527885646,0.6958948208113164,4.0177506212308,2.0,0.3464101615137754,0.7574949665411851,4.3733992284233985,0.08851933350797399,0.35564860719259883,True
200,1.0,1.0,5.773502691896258,9.81495457622364,1.7000000000000002,0.5,"z0=tether_fraction*L, co-moving","absorbing z=0,L",0.041855856449185734,3.1735235527885646,0.6958948208113164,4.0177506212308,4.0,0.6928203230275508,1.0007029639131095,5.777561255940902,0.43800892604205527,1.7598106347101021,False
200,1.0,1.0,5.773502691896258,10.392304845413266,1.8,0.5,"z0=tether_fraction*L, co-moving","absorbing z=0,L",0.060530390206283556,2.804609722605291,0.5862364976715615,3.3846379973945946,1.0,0.1732050807568877,0.5972453931645914,3.4481978851584074,0.018778932285443584,0.06355988776381283,False
200,1.0,1.0,5.773502691896258,10.392304845413266,1.8,0.5,"z0=tether_fraction*L, co-moving","absorbing z=0,L",0.060530390206283556,2.804609722605291,0.5862364976715615,3.3846379973945946,2.0,0.3464101615137754,0.632198823670254,3.6500016102738595,0.07840236181344495,0.2653636128792649,True
200,1.0,1.0,5.773502691896258,10.392304845413266,1.8,0.5,"z0=tether_fraction*L, co-moving","absorbing z=0,L",0.060530390206283556,2.804609722605291,0.5862364976715615,3.3846379973945946,4.0,0.6928203230275508,0.8078758789803107,4.664273562010879,0.3780716181763941,1.2796355646162847,False
200,1.0,1.0,5.773502691896258,10.969655114602892,1.9000000000000001,0.5,"z0=tether_fraction*L, co-moving","absorbing z=0,L",0.08271138974382132,2.4923979628101103,0.49845914153186777,2.8778551954345364,1.0,0.1732050807568877,0.5068482070926996,2.9262894880324932,0.01682999640662728,0.04843429259795684,False
200,1.0,1.0,5.773502691896258,10.969655114602892,1.9000000000000001,0.5,"z0=tether_fraction*L, co-moving","absorbing z=0,L",0.08271138974382132,2.4923979628101103,0.49845914153186777,2.8778551954345364,2.0,0.3464101615137754,0.5333264276285269,3.079161565572715,0.06995013872050729,0.20130637013817854,True
200,1.0,1.0,5.773502691896258,10.969655114602892,1.9000000000000001,0.5,"z0=tether_fraction*L, co-moving","absorbing z=0,L",0.08271138974382132,2.4923979628101103,0.49845914153186777,2.8778551954345364,4.0,0.6928203230275508,0.6630634329774644,3.828198515193365,0.33022624670847384,0.9503433197588285,False
200,1.0,1.0,5.773502691896258,11.547005383792516,2.0,0.5,"z0=tether_fraction*L, co-moving","absorbing z=0,L",0.10797704444410909,2.2258366258936113,0.42736640378342877,2.467401082669649,1.0,0.1732050807568877,0.43384973988171993,2.5048326410856014,0.0151704393253538,0.03743155841595236,False
200,1.0,1.0,5.773502691896258,11.547005383792516,2.0,0.5,"z0=tether_fraction*L, co-moving","absorbing z=0,L",0.10797704444410909,2.2258366258936113,0.42736640378342877,2.467401082669649,2.0,0.3464101615137754,0.4542101822466528,2.6223837098877403,0.06281209338305252,0.1549826272180912,True
200,1.0,1.0,5.773502691896258,11.547005383792516,2.0,0.5,"z0=tether_fraction*L, co-moving","absorbing z=0,L",0.10797704444410909,2.2258366258936113,0.42736640378342877,2.467401082669649,4.0,0.6928203230275508,0.5518669995616736,3.186205607538034,0.2913205031468419,0.7188045248683848,False
200,1.0,1.0,5.773502691896258,12.124355652982143,2.1,0.5,"z0=tether_fraction*L, co-moving","absorbing z=0,L",0.13581779102141112,1.9964410634442793,0.36917515406763707,2.1314337457907184,1.0,0.1732050807568877,0.3742496453957035,2.160731335133314,0.013745484418858582,0.029297589342595742,False
200,1.0,1.0,5.773502691896258,12.124355652982143,2.1,0.5,"z0=tether_fraction*L, co-moving","absorbing z=0,L",0.13581779102141112,1.9964410634442793,0.36917515406763707,2.1314337457907184,2.0,0.3464101615137754,0.3901170269429123,2.252341705209469,0.056726116707838975,0.12090795941875054,True
200,1.0,1.0,5.773502691896258,12.124355652982143,2.1,0.5,"z0=tether_fraction*L, co-moving","absorbing z=0,L",0.13581779102141112,1.9964410634442793,0.36917515406763707,2.1314337457907184,4.0,0.6928203230275508,0.4648608793944654,2.683875538541208,0.2591878794456943,0.5524417927504897,False
200,1.0,1.0,5.773502691896258,12.701705922171769,2.2,0.5,"z0=tether_fraction*L, co-moving","absorbing z=0,L",0.1656944225267388,1.797610015184094,0.3210866364286977,1.8537945597530014,1.0,0.1732050807568877,0.32510430157848946,1.876990560310462,0.012512713685248384,0.023196000557460517,False
200,1.0,1.0,5.773502691896258,12.701705922171769,2.2,0.5,"z0=tether_fraction*L, co-moving","absorbing z=0,L",0.1656944225267388,1.797610015184094,0.3210866364286977,1.8537945597530014,2.0,0.3464101615137754,0.3376202600716923,1.9492514803626304,0.05149271806167538,0.09545692060962896,True
200,1.0,1.0,5.773502691896258,12.701705922171769,2.2,0.5,"z0=tether_fraction*L, co-moving","absorbing z=0,L",0.1656944225267388,1.797610015184094,0.3210866364286977,1.8537945597530014,4.0,0.6928203230275508,0.3956730018944768,2.284419141548435,0.23229358373605852,0.4306245817954335,False
200,1.0,1.0,5.773502691896258,13.279056191361393,2.3,0.5,"z0=tether_fraction*L, co-moving","absorbing z=0,L",0.1970800374629769,1.6241453512161914,0.28100010277980403,1.6223548498223237,1.0,0.1732050807568877,0.2842144090169699,1.64091265553518,0.011438808047998038,0.018557805712856368,False
200,1.0,1.0,5.773502691896258,13.279056191361393,2.3,0.5,"z0=tether_fraction*L, co-moving","absorbing z=0,L",0.1970800374629769,1.6241453512161914,0.28100010277980403,1.6223548498223237,2.0,0.3464101615137754,0.2941951820144562,1.6985366753033726,0.04695756017211158,0.0761818254810489,True
200,1.0,1.0,5.773502691896258,13.279056191361393,2.3,0.5,"z0=tether_fraction*L, co-moving","absorbing z=0,L",0.1970800374629769,1.6241453512161914,0.28100010277980403,1.6223548498223237,4.0,0.6928203230275508,0.3398757247767379,1.962273411908688,0.2095217098303686,0.3399185620863643,False
200,1.0,1.0,5.773502691896258,13.856406460551021,2.4000000000000004,0.5,"z0=tether_fraction*L, co-moving","absorbing z=0,L",0.22948700314133735,1.4719088822775737,0.24731778794054451,1.4278899144285617,1.0,0.1732050807568877,0.24991394053167038,1.4428788084020003,0.01049723359061411,0.01498889397343861,False
200,1.0,1.0,5.773502691896258,13.856406460551021,2.4000000000000004,0.5,"z0=tether_fraction*L, co-moving","absorbing z=0,L",0.22948700314133735,1.4719088822775737,0.24731778794054451,1.4278899144285617,2.0,0.3464101615137754,0.2579523054222327,1.4892883297361061,0.0429994040066569,0.06139841530754442,True
200,1.0,1.0,5.773502691896258,13.856406460551021,2.4000000000000004,0.5,"z0=tether_fraction*L, co-moving","absorbing z=0,L",0.22948700314133735,1.4719088822775737,0.24731778794054451,1.4278899144285617,4.0,0.6928203230275508,0.29431864177620193,1.6992494705701524,0.19004235088402324,0.2713595561415907,False
200,1.0,1.0,5.773502691896258,14.433756729740645,2.5,0.5,"z0=tether_fraction*L, co-moving","absorbing z=0,L",0.2624818567923087,1.3375733163208285,0.21880969678143425,1.2632983733806147,1.0,0.1732050807568877,0.2209248402259888,1.275510159751497,0.009666589167057487,0.012211786370882383,False
200,1.0,1.0,5.773502691896258,14.433756729740645,2.5,0.5,"z0=tether_fraction*L, co-moving","absorbing z=0,L",0.2624818567923087,1.3375733163208285,0.21880969678143425,1.2632983733806147,2.0,0.3464101615137754,0.2274574234493236,1.313226046576457,0.03952167931811283,0.04992767319584224,True
200,1.0,1.0,5.773502691896258,14.433756729740645,2.5,0.5,"z0=tether_fraction*L, co-moving","absorbing z=0,L",0.2624818567923087,1.3375733163208285,0.21880969678143425,1.2632983733806147,4.0,0.6928203230275508,0.25671322647485884,1.4821345040979712,0.173226005295761,0.21883613071735653,False
200,1.0,1.0,5.773502691896258,15.011106998930272,2.6,0.5,"z0=tether_fraction*L, co-moving","absorbing z=0,L",0.295691382215519,1.2184389962226585,0.19451832676973124,1.1230520832281994,1.0,0.1732050807568877,0.1962552652288766,1.1330803020977331,0.00892943347801631,0.010028218869533756,False
200,1.0,1.0,5.773502691896258,15.011106998930272,2.6,0.5,"z0=tether_fraction*L, co-moving","absorbing z=0,L",0.295691382215519,1.2184389962226585,0.19451832676973124,1.1230520832281994,2.0,0.3464101615137754,0.20160785261696387,1.163983479791465,0.03644657017652191,0.04093139656326561,True
200,1.0,1.0,5.773502691896258,15.011106998930272,2.6,0.5,"z0=tether_fraction*L, co-moving","absorbing z=0,L",0.295691382215519,1.2184389962226585,0.19451832676973124,1.1230520832281994,4.0,0.6928203230275508,0.22536641793924983,1.301153620635276,0.1585870682819323,0.17810153740707668,False
200,1.0,1.0,5.773502691896258,15.588457268119898,2.7,0.5,"z0=tether_fraction*L, co-moving","absorbing z=0,L",0.32880272861699744,1.1122973171210504,0.17369054090677233,1.0028028054821672,1.0,0.1732050807568877,0.17512721582258006,1.011097451975963,0.008271463191417335,0.008294646493795854,False
200,1.0,1.0,5.773502691896258,15.588457268119898,2.7,0.5,"z0=tether_fraction*L, co-moving","absorbing z=0,L",0.32880272861699744,1.1122973171210504,0.17369054090677233,1.0028028054821672,2.0,0.3464101615137754,0.1795458013826541,1.0366081676014245,0.0337108770881459,0.03380536211925733,True
200,1.0,1.0,5.773502691896258,15.588457268119898,2.7,0.5,"z0=tether_fraction*L, co-moving","absorbing z=0,L",0.32880272861699744,1.1122973171210504,0.17369054090677233,1.0028028054821672,4.0,0.6928203230275508,0.19900520714718806,1.1489570991656628,0.14574579656587788,0.14615429368349564,False
200,1.0,1.0,5.773502691896258,16.165807537309522,2.8,0.5,"z0=tether_fraction*L, co-moving","absorbing z=0,L",0.3615598347991962,1.0173277329632047,0.15572821200843262,0.8990972512348769,1.0,0.1732050807568877,0.15692435103112345,0.9060031631022646,0.0076809398070149535,0.0069059118673876485,False
200,1.0,1.0,5.773502691896258,16.165807537309522,2.8,0.5,"z0=tether_fraction*L, co-moving","absorbing z=0,L",0.3615598347991962,1.0173277329632047,0.15572821200843262,0.8990972512348769,2.0,0.3464101615137754,0.16059676170365433,0.9272058360058703,0.031263119459421285,0.028108584770993317,True
200,1.0,1.0,5.773502691896258,16.165807537309522,2.8,0.5,"z0=tether_fraction*L, co-moving","absorbing z=0,L",0.3615598347991962,1.0173277329632047,0.15572821200843262,0.8990972512348769,4.0,0.6928203230275508,0.1766584371301333,1.0199379623170104,0.13440226951663267,0.12084071108213346,False
200,1.0,1.0,5.773502691896258,16.743157806499152,2.9000000000000004,0.5,"z0=tether_fraction*L, co-moving","absorbing z=0,L",0.3937578175775285,0.9320192348742339,0.1401520464722471,0.8091682175822882,1.0,0.1732050807568877,0.14115389243637477,0.8149523779530446,0.007148279239190797,0.005784160370756464,False
200,1.0,1.0,5.773502691896258,16.743157806499152,2.9000000000000004,0.5,"z0=tether_fraction*L, co-moving","absorbing z=0,L",0.3937578175775285,0.9320192348742339,0.1401520464722471,0.8091682175822882,2.0,0.3464101615137754,0.14422507007031454,0.8326838302898875,0.029061463607482733,0.023515612707599276,True
200,1.0,1.0,5.773502691896258,16.743157806499152,2.9000000000000004,0.5,"z0=tether_fraction*L, co-moving","absorbing z=0,L",0.3937578175775285,0.9320192348742339,0.1401520464722471,0.8091682175822882,4.0,0.6928203230275508,0.15757549827938716,0.9097625634929359,0.12431821186849559,0.10059434591064775,False
200,1.0,1.0,5.773502691896258,17.320508075688775,3.0,0.5,"z0=tether_fraction*L, co-moving","absorbing z=0,L",0.4252364730261058,0.8551098576745179,0.12657478850204762,0.7307798821427715,1.0,0.1732050807568877,0.1274185024952369,0.7356510671536403,0.006665734963291113,0.004871185010868806,False
200,1.0,1.0,5.773502691896258,17.320508075688775,3.0,0.5,"z0=tether_fraction*L, co-moving","absorbing z=0,L",0.4252364730261058,0.8551098576745179,0.12657478850204762,0.7307798821427715,2.0,0.3464101615137754,0.13000144102262756,0.7505636696945329,0.027072156794672494,0.019783787551761467,True
200,1.0,1.0,5.773502691896258,17.320508075688775,3.0,0.5,"z0=tether_fraction*L, co-moving","absorbing z=0,L",0.4252364730261058,0.8551098576745179,0.12657478850204762,0.7307798821427715,4.0,0.6928203230275508,0.1411693609514778,0.8150416854666316,0.11530394498106619,0.08426180332386013,False
200,1.0,1.0,5.773502691896258,17.897858344878404,3.1000000000000005,0.5,"z0=tether_fraction*L, co-moving","absorbing z=0,L",0.4558736449487307,0.7855396022761788,0.11468117877862868,0.6621120943882487,1.0,0.1732050807568877,0.11539531290745647,0.6662351497034109,0.006227125814657817,0.004123055315162216,False
200,1.0,1.0,5.773502691896258,17.897858344878404,3.1000000000000005,0.5,"z0=tether_fraction*L, co-moving","absorbing z=0,L",0.4558736449487307,0.7855396022761788,0.11468117877862868,0.6621120943882487,2.0,0.3464101615137754,0.11757897030224054,0.678842501550376,0.025268239779829282,0.01673040716212726,True
200,1.0,1.0,5.773502691896258,17.897858344878404,3.1000000000000005,0.5,"z0=tether_fraction*L, co-moving","absorbing z=0,L",0.4558736449487307,0.7855396022761788,0.11468117877862868,0.6621120943882487,4.0,0.6928203230275508,0.12697599189898032,0.7330962310349604,0.10720863921432609,0.07098413664671166,False
200,1.0,1.0,5.773502691896258,18.475208614068027,3.2,0.5,"z0=tether_fraction*L, co-moving","absorbing z=0,L",0.48557892637410044,0.722413437266461,0.10421282347734621,0.6016730168765679,1.0,0.1732050807568877,0.10482013212262764,0.6051793149749122,0.005827580762298827,0.0035062980983442404,False
200,1.0,1.0,5.773502691896258,18.475208614068027,3.2,0.5,"z0=tether_fraction*L, co-moving","absorbing z=0,L",0.48557892637410044,0.722413437266461,0.10421282347734621,0.6016730168765679,2.0,0.3464101615137754,0.10667520569585892,0.6158895872436285,0.023628399426755573,0.014216570367060588,True
200,1.0,1.0,5.773502691896258,18.475208614068027,3.2,0.5,"z0=tether_fraction*L, co-moving","absorbing z=0,L",0.48557892637410044,0.722413437266461,0.10421282347734621,0.6016730168765679,4.0,0.6928203230275508,0.11462500509297988,0.6617877754629417,0.09991267166748496,0.06011475858637372,False
200,1.0,1.0,5.773502691896258,19.05255888325765,3.3,0.5,"z0=tether_fraction*L, co-moving","absorbing z=0,L",0.5142879560660988,0.6649719445853352,0.09495666135861876,0.5482325399674668,1.0,0.1732050807568877,0.0954754372569267,0.5512276940128386,0.0054632912624076185,0.0029951540453717618,False
200,1.0,1.0,5.773502691896258,19.05255888325765,3.3,0.5,"z0=tether_fraction*L, co-moving","absorbing z=0,L",0.5142879560660988,0.6649719445853352,0.09495666135861876,0.5482325399674668,2.0,0.3464101615137754,0.09705861245200384,0.5603681602633599,0.022135899296698455,0.012135620295893101,True
200,1.0,1.0,5.773502691896258,19.05255888325765,3.3,0.5,"z0=tether_fraction*L, co-moving","absorbing z=0,L",0.5142879560660988,0.6649719445853352,0.09495666135861876,0.5482325399674668,4.0,0.6928203230275508,0.10381814547265578,0.5993943423540554,0.09332135299671322,0.05116180238658863,False
200,1.0,1.0,5.773502691896258,19.62990915244728,3.4000000000000004,0.5,"z0=tether_fraction*L, co-moving","absorbing z=0,L",0.5419574322008355,0.6125678190016328,0.08673608574527618,0.5007710245348966,1.0,0.1732050807568877,0.08718115239310698,0.503340618024221,0.005131274301884623,0.0025695934893243955,False
200,1.0,1.0,5.773502691896258,19.62990915244728,3.4000000000000004,0.5,"z0=tether_fraction*L, co-moving","absorbing z=0,L",0.5419574322008355,0.6125678190016328,0.08673608574527618,0.5007710245348966,2.0,0.3464101615137754,0.08853825177393838,0.5111758349526219,0.020777580786326355,0.01040481041772523,True
200,1.0,1.0,5.773502691896258,19.62990915244728,3.4000000000000004,0.5,"z0=tether_fraction*L, co-moving","absorbing z=0,L",0.5419574322008355,0.6125678190016328,0.08673608574527618,0.5007710245348966,4.0,0.6928203230275508,0.09431331689533287,0.5445181889768692,0.0873596160692479,0.043747164441972575,False
200,1.0,1.0,5.773502691896258,20.207259421636905,3.5,0.5,"z0=tether_fraction*L, co-moving","absorbing z=0,L",0.5685608723670353,0.5646468961199521,0.07940403893390788,0.4584394325323524,1.0,0.1732050807568877,0.07978749336458113,0.460653307720064,0.004829155239728063,0.0022138751877116003,False
200,1.0,1.0,5.773502691896258,20.207259421636905,3.5,0.5,"z0=tether_fraction*L, co-moving","absorbing z=0,L",0.5685608723670353,0.5646468961199521,0.07940403893390788,0.4584394325323524,2.0,0.3464101615137754,0.08095582865872555,0.4673986946858442,0.01954295707941647,0.008959262153491798,True
200,1.0,1.0,5.773502691896258,20.207259421636905,3.5,0.5,"z0=tether_fraction*L, co-moving","absorbing z=0,L",0.5685608723670353,0.5646468961199521,0.07940403893390788,0.4584394325323524,4.0,0.6928203230275508,0.08591258766449236,0.4960165561487199,0.08196747694411224,0.0375771236163675,False
200,1.0,1.0,5.773502691896258,20.78460969082653,3.6000000000000005,0.5,"z0=tether_fraction*L, co-moving","absorbing z=0,L",0.5940850899323136,0.5207327208343578,0.07283758322953084,0.42052798284691406,1.0,0.1732050807568877,0.07316935697187313,0.42244347944142774,0.0045549801027415186,0.001915496594513677,False
200,1.0,1.0,5.773502691896258,20.78460969082653,3.6000000000000005,0.5,"z0=tether_fraction*L, co-moving","absorbing z=0,L",0.5940850899323136,0.5207327208343578,0.07283758322953084,0.42052798284691406,2.0,0.3464101615137754,0.07417950134792305,0.42827555071575585,0.018423430032864556,0.007747567868841787,True
200,1.0,1.0,5.773502691896258,20.78460969082653,3.6000000000000005,0.5,"z0=tether_fraction*L, co-moving","absorbing z=0,L",0.5940850899323136,0.5207327208343578,0.07283758322953084,0.42052798284691406,4.0,0.6928203230275508,0.07845308423692776,0.45294909302946634,0.07709620169165923,0.03242111018255228,False
200,1.0,1.0,5.773502691896258,21.361959960016158,3.7,0.5,"z0=tether_fraction*L, co-moving","absorbing z=0,L",0.6185273220457658,0.4804139134352661,0.0669335874372298,0.3864412472471198,1.0,0.1732050807568877,0.0672218746863486,0.3881056744559466,0.004307064063900092,0.001664427208826813,False
200,1.0,1.0,5.773502691896258,21.361959960016158,3.7,0.5,"z0=tether_fraction*L, co-moving","absorbing z=0,L",0.6185273220457658,0.4804139134352661,0.0669335874372298,0.3864412472471198,2.0,0.3464101615137754,0.06809901183559232,0.3931698281482674,0.017411652997913113,0.006728580901147585,True
200,1.0,1.0,5.773502691896258,21.361959960016158,3.7,0.5,"z0=tether_fraction*L, co-moving","absorbing z=0,L",0.6185273220457658,0.4804139134352661,0.0669335874372298,0.3864412472471198,4.0,0.6928203230275508,0.0718000047617644,0.41453752077021094,0.07270516209964575,0.02809627352309113,False
200,1.0,1.0,5.773502691896258,21.93931022920578,3.8,0.5,"z0=tether_fraction*L, co-moving","absorbing z=0,L",0.6418929270695087,0.44333376946711367,0.0616052650287082,0.3556781634782292,1.0,0.1732050807568877,0.06185685344399458,0.35713070987113504,0.004083878466704719,0.001452546392905818,False
200,1.0,1.0,5.773502691896258,21.93931022920578,3.8,0.5,"z0=tether_fraction*L, co-moving","absorbing z=0,L",0.6418929270695087,0.44333376946711367,0.0616052650287082,0.3556781634782292,2.0,0.3464101615137754,0.06262181647618659,0.3615472259966967,0.016501048197823186,0.005869062518467472,True
200,1.0,1.0,5.773502691896258,21.93931022920578,3.8,0.5,"z0=tether_fraction*L, co-moving","absorbing z=0,L",0.6418929270695087,0.44333376946711367,0.0616052650287082,0.3556781634782292,4.0,0.6928203230275508,0.06584120387947232,0.38013436783582377,0.06875936413535687,0.024456204357594546,False
200,1.0,1.0,5.773502691896258,22.51666049839541,3.9000000000000004,0.5,"z0=tether_fraction*L, co-moving","absorbing z=0,L",0.6641935637479383,0.4091816603183923,0.05677937054575096,0.3278158486900683,1.0,0.1732050807568877,0.05699990017514947,0.32908907709904345,0.003883974536505543,0.0012732284089751467,False
200,1.0,1.0,5.773502691896258,22.51666049839541,3.9000000000000004,0.5,"z0=tether_fraction*L, co-moving","absorbing z=0,L",0.6641935637479383,0.4091816603183923,0.05677937054575096,0.3278158486900683,2.0,0.3464101615137754,0.05766998177348197,0.3329577950108063,0.015685472015111224,0.005141946320738,True
200,1.0,1.0,5.773502691896258,22.51666049839541,3.9000000000000004,0.5,"z0=tether_fraction*L, co-moving","absorbing z=0,L",0.6641935637479383,0.4091816603183923,0.05677937054575096,0.3278158486900683,4.0,0.6928203230275508,0.06048295313097742,0.3491984927155334,0.06522760907048512,0.02138264402546508,False
200,1.0,1.0,5.773502691896258,23.094010767585033,4.0,0.5,"z0=tether_fraction*L, co-moving","absorbing z=0,L",0.6854457668903522,0.3776858977844046,0.0523939114429315,0.30249638875473916,1.0,0.1732050807568877,0.052588080070431115,0.30361742184829,0.003705938765635176,0.0011210330935508273,False
200,1.0,1.0,5.773502691896258,23.094010767585033,4.0,0.5,"z0=tether_fraction*L, co-moving","absorbing z=0,L",0.6854457668903522,0.3776858977844046,0.0523939114429315,0.30249638875473916,2.0,0.3464101615137754,0.05317767245875575,0.3070214350894038,0.014959009439063177,0.004525046334664662,True
200,1.0,1.0,5.773502691896258,23.094010767585033,4.0,0.5,"z0=tether_fraction*L, co-moving","absorbing z=0,L",0.6854457668903522,0.3776858977844046,0.0523939114429315,0.30249638875473916,4.0,0.6928203230275508,0.05564658925290325,0.3212757328464823,0.062081217461968534,0.018779344091743144,False
