N,a,kBT,Rg,L,L_over_Rg,boundary,tether,walks_per_method,n_blocks,n_images,n_modes,S_exact,F_exact,S_endpoint,S_endpoint_sem,S_endpoint_jackknife_err,n_survived_endpoint,F_endpoint,F_endpoint_err,F_endpoint_status,F_endpoint_percent_error,S_interval,S_interval_sem,S_interval_jackknife_err,n_survived_interval,F_interval,F_interval_err,F_interval_status,F_interval_percent_error
200,1.0,1.0,5.773502691896258,6.92820323027551,1.2,absorbing,z0=L/2 (co-moving midpoint),200000,20,40,2000,0.001343701083227497,6.61232746993045,0.00458,0.00015382833904952896,0.00015382833904952883,916,5.386056280856043,0.03358697359160021,RESOLVED,-18.54522775302453,0.0013700000000000001,0.00010738518960903509,0.00010738518960903509,274,6.5929445391421035,0.07838335007958765,RESOLVED,-0.29313325567268167
200,1.0,1.0,5.773502691896258,8.082903768654761,1.4,absorbing,z0=L/2 (co-moving midpoint),200000,20,40,2000,0.00827970470999579,4.7939479742648965,0.017124999999999998,0.00039622395315355626,0.00039622395315355735,3425,4.067215894833848,0.023137165147652988,RESOLVED,-15.1593651690074,0.00805,0.00018813489001805398,0.00018813489001805368,1610,4.822083187551665,0.023370793791062605,RESOLVED,0.5868902507454253
200,1.0,1.0,5.773502691896258,9.237604307034013,1.6,absorbing,z0=L/2 (co-moving midpoint),200000,20,40,2000,0.026950599313273704,3.613749743905051,0.044795,0.0004276296356231146,0.000427629635623117,8959,3.1056587529325954,0.009546369809646545,RESOLVED,-14.059938484379053,0.026675000000000004,0.00029557036743432704,0.00029557036743433,5335,3.62402848179432,0.011080426145616868,RESOLVED,0.284434136774549
200,1.0,1.0,5.773502691896258,10.392304845413266,1.8,absorbing,z0=L/2 (co-moving midpoint),200000,20,40,2000,0.060530390206283556,2.804609722605291,0.085815,0.0006901287065315769,0.0006901287065315755,17163,2.4555614625935354,0.008042052164907963,RESOLVED,-12.445519859622875,0.06077500000000001,0.00046270799021686063,0.0004627079902168642,12155,2.80057675877995,0.007613459320721746,RESOLVED,-0.14379768396419018
200,1.0,1.0,5.773502691896258,11.547005383792516,2.0,absorbing,z0=L/2 (co-moving midpoint),200000,20,40,2000,0.10797704444410908,2.2258366258936113,0.14064000000000002,0.001016013883038178,0.001016013883038187,28128,1.96155184504527,0.007224217029566175,RESOLVED,-11.873503103231501,0.10797000000000001,0.000768289282140934,0.0007682892821409284,21594,2.225901868223088,0.0071157662511895335,RESOLVED,0.002931137385274002
200,1.0,1.0,5.773502691896258,12.701705922171769,2.2,absorbing,z0=L/2 (co-moving midpoint),200000,20,40,2000,0.1656944225267388,1.797610015184094,0.203215,0.0010297489474317724,0.001029748947431771,40643,1.593490747104653,0.005067288081252724,RESOLVED,-11.3550362067012,0.16557000000000002,0.0012096128132153424,0.0012096128132153487,33114,1.7983612128626174,0.007305748705776098,RESOLVED,0.04178869010398598
200,1.0,1.0,5.773502691896258,14.433756729740645,2.5,absorbing,z0=L/2 (co-moving midpoint),200000,20,40,2000,0.2624818567923087,1.3375733163208285,0.30168000000000006,0.001315306648256354,0.0013153066482563573,60336,1.1983884260320352,0.004359939831133509,RESOLVED,-10.405776535049284,0.26209999999999994,0.0008951918347776816,0.0008951918347776972,52420,1.3390291686527767,0.0034154591178088417,RESOLVED,0.10884280616128235
200,1.0,1.0,5.773502691896258,17.320508075688775,3.0,absorbing,z0=L/2 (co-moving midpoint),200000,20,40,2000,0.4252364730261058,0.8551098576745179,0.4601800000000001,0.0012546041522916165,0.0012546041522916089,92036,0.7761375616907502,0.002726333504914634,RESOLVED,-9.235339211096667,0.42646000000000006,0.000952431790623073,0.0009524317906230801,85292,0.8522367030840491,0.002233343785168785,RESOLVED,-0.3359983006490364
200,1.0,1.0,5.773502691896258,20.207259421636905,3.5,absorbing,z0=L/2 (co-moving midpoint),200000,20,40,2000,0.5685608723670353,0.5646468961199521,0.599695,0.0011301018817601787,0.0011301018817601637,119939,0.5113340863445146,0.0018844610706445421,RESOLVED,-9.441796305227873,0.567535,0.0008696725033930274,0.0008696725033930421,113507,0.5664528575195322,0.0015323680537641592,RESOLVED,0.3198390732314342
200,1.0,1.0,5.773502691896258,23.094010767585033,4.0,absorbing,z0=L/2 (co-moving midpoint),200000,20,40,2000,0.6854457668903522,0.3776858977844046,0.70755,0.0007964890061024726,0.0007964890061024607,141510,0.34594698058375667,0.0011256999591583246,RESOLVED,-8.403521917772405,0.68523,0.0012318813169081538,0.0012318813169081117,137046,0.3780007306534848,0.0017977632574583042,RESOLVED,0.08335838614231254
200,1.0,1.0,5.773502691896258,28.86751345948129,5.0,absorbing,z0=L/2 (co-moving midpoint),200000,20,40,2000,0.8458004839674298,0.16747178174312063,0.858665,0.0007963824458135687,0.0007963824458134915,171733,0.15237642142167504,0.0009274658287150037,RESOLVED,-9.013673924243466,0.8452950000000001,0.0007779011911277011,0.000777901191127688,169059,0.16806960012449104,0.0009202718472577042,RESOLVED,0.3569666335116569
