L_center,L_center_over_Rg,block_id,L_minus,L_plus,logS_minus,logS_plus,force_block,signed_block_retained
8.082903768654761,1.4,1,6.082903768734294,10.08290376857523,-8.421883011611913,-3.0064562369169665,1.3538566936737366,True
8.082903768654761,1.4,2,6.082903768734294,10.08290376857523,-8.517193191416238,-2.9930691561345073,1.3810310088204327,True
8.082903768654761,1.4,3,6.082903768734294,10.08290376857523,-8.047189562170502,-3.0172964514698313,1.2574732776751676,True
8.082903768654761,1.4,4,6.082903768734294,10.08290376857523,-9.028018815182229,-3.0227609459419105,1.5013144673100796,True
8.082903768654761,1.4,5,6.082903768734294,10.08290376857523,-9.210340371976182,-2.946307390226468,1.5660082454374284,True
8.082903768654761,1.4,6,6.082903768734294,10.08290376857523,-8.87386813535497,-2.9616529599011283,1.4780537938634604,True
8.082903768654761,1.4,7,6.082903768734294,10.08290376857523,-8.622553707074063,-2.899210706563369,1.4308357501276734,True
8.082903768654761,1.4,8,6.082903768734294,10.08290376857523,-8.740336742730447,-2.8919730392631386,1.462090925866827,True
8.082903768654761,1.4,9,6.082903768734294,10.08290376857523,-8.334871634622283,-3.099612404041383,1.308814807645225,True
8.082903768654761,1.4,10,6.082903768734294,10.08290376857523,-9.433483923290392,-2.9286968722178326,1.62619676276814,True
8.082903768654761,1.4,11,6.082903768734294,10.08290376857523,-9.028018815182229,-2.972015746936675,1.5140007670613884,True
8.082903768654761,1.4,12,6.082903768734294,10.08290376857523,-9.433483923290392,-3.033780341191521,1.5999258955247178,True
8.082903768654761,1.4,13,6.082903768734294,10.08290376857523,-9.028018815182229,-3.0878475624617967,1.4850428131801081,True
8.082903768654761,1.4,14,6.082903768734294,10.08290376857523,-8.87386813535497,-2.974623310343756,1.4748112062528036,True
8.082903768654761,1.4,15,6.082903768734294,10.08290376857523,-8.622553707074063,-2.9412440882699213,1.4203274047010355,True
8.082903768654761,1.4,16,6.082903768734294,10.08290376857523,-8.740336742730447,-3.0064562369169665,1.4334701264533702,True
8.082903768654761,1.4,17,6.082903768734294,10.08290376857523,-8.740336742730447,-2.987764103904814,1.4381431597064083,True
8.082903768654761,1.4,18,6.082903768734294,10.08290376857523,-8.622553707074063,-2.9824870468039704,1.4100166650675232,True
8.082903768654761,1.4,19,6.082903768734294,10.08290376857523,-9.433483923290392,-3.056190242591105,1.5943234201748218,True
8.082903768654761,1.4,20,6.082903768734294,10.08290376857523,-9.721165995742174,-2.9488486876551407,1.6930793270217583,True
8.082903768654761,1.4,21,6.082903768734294,10.08290376857523,-9.210340371976182,-3.0200249661230356,1.5475788514632867,True
8.082903768654761,1.4,22,6.082903768734294,10.08290376857523,-9.028018815182229,-3.036554268074246,1.4978661367769956,True
8.082903768654761,1.4,23,6.082903768734294,10.08290376857523,-8.87386813535497,-3.0675863773219745,1.4515704395082487,True
8.082903768654761,1.4,24,6.082903768734294,10.08290376857523,-8.87386813535497,-3.0091552938861317,1.4661782103672096,True
8.082903768654761,1.4,25,6.082903768734294,10.08290376857523,-9.721165995742174,-3.033780341191521,1.6718464136376632,True
8.082903768654761,1.4,26,6.082903768734294,10.08290376857523,-8.87386813535497,-3.0477275686723715,1.4565351416706496,True
8.082903768654761,1.4,27,6.082903768734294,10.08290376857523,-8.517193191416238,-2.9513964597339393,1.3914491829205748,True
8.082903768654761,1.4,28,6.082903768734294,10.08290376857523,-8.87386813535497,-2.9616529599011283,1.4780537938634604,True
8.082903768654761,1.4,29,6.082903768734294,10.08290376857523,-8.87386813535497,-3.0200249661230356,1.4634607923079836,True
8.082903768654761,1.4,30,6.082903768734294,10.08290376857523,-9.028018815182229,-3.0037644452512553,1.5060635924827435,True
8.082903768654761,1.4,31,6.082903768734294,10.08290376857523,-8.517193191416238,-2.906501139826048,1.4026730128975475,True
8.082903768654761,1.4,32,6.082903768734294,10.08290376857523,-9.210340371976182,-3.0227609459419105,1.5468948565085678,True
8.082903768654761,1.4,33,6.082903768734294,10.08290376857523,-9.210340371976182,-2.9513964597339393,1.5647359780605608,True
8.082903768654761,1.4,34,6.082903768734294,10.08290376857523,-8.740336742730447,-2.99840250210987,1.4354835601551441,True
8.082903768654761,1.4,35,6.082903768734294,10.08290376857523,-8.622553707074063,-3.036554268074246,1.3964998597499543,True
8.082903768654761,1.4,36,6.082903768734294,10.08290376857523,-9.721165995742174,-2.9694149652366177,1.687937757626389,True
8.082903768654761,1.4,37,6.082903768734294,10.08290376857523,-8.421883011611913,-2.921243421563252,1.375159897512165,True
8.082903768654761,1.4,38,6.082903768734294,10.08290376857523,-8.421883011611913,-3.0172964514698313,1.3511466400355203,True
8.082903768654761,1.4,39,6.082903768734294,10.08290376857523,-7.929406526514119,-2.923721737577719,1.2514211972340998,True
8.082903768654761,1.4,40,6.082903768734294,10.08290376857523,-8.87386813535497,-3.031014087698631,1.4607135119140846,True
9.237604307034013,1.6,1,7.237604307113545,11.23760430695448,-6.083579836015788,-2.3630430620311595,0.930134193496157,True
9.237604307034013,1.6,2,7.237604307113545,11.23760430695448,-6.032286541628237,-2.41538058713939,0.9042264886222119,True
9.237604307034013,1.6,3,7.237604307113545,11.23760430695448,-5.907123398674231,-2.329613765381965,0.8943774083230664,True
9.237604307034013,1.6,4,7.237604307113545,11.23760430695448,-6.049093659944618,-2.354580388112426,0.923628317958048,True
9.237604307034013,1.6,5,7.237604307113545,11.23760430695448,-5.936976361823913,-2.32687778556309,0.9025246440652056,True
9.237604307034013,1.6,6,7.237604307113545,11.23760430695448,-5.983496377458805,-2.424376150047968,0.8897800568527093,True
9.237604307034013,1.6,7,7.237604307113545,11.23760430695448,-6.156339190298216,-2.4289044596727156,0.9318586826563752,True
9.237604307034013,1.6,8,7.237604307113545,11.23760430695448,-6.137647057286063,-2.371577964480997,0.9415172732012665,True
9.237604307034013,1.6,9,7.237604307113545,11.23760430695448,-5.936976361823913,-2.3730075572905913,0.8909922011333303,True
9.237604307034013,1.6,10,7.237604307113545,11.23760430695448,-6.101279413115189,-2.3133090563570216,0.9469925891895419,True
9.237604307034013,1.6,11,7.237604307113545,11.23760430695448,-5.921938484459372,-2.3990959933748894,0.8807106227711207,True
9.237604307034013,1.6,12,7.237604307113545,11.23760430695448,-6.049093659944618,-2.360214205830682,0.9222198635284841,True
9.237604307034013,1.6,13,7.237604307113545,11.23760430695448,-5.809142990314028,-2.3976286416809396,0.852878587158272,True
9.237604307034013,1.6,14,7.237604307113545,11.23760430695448,-6.0157572396770265,-2.4518587957418,0.8909746109838066,True
9.237604307034013,1.6,15,7.237604307113545,11.23760430695448,-5.732181949177899,-2.32551259763775,0.8516673378850371,True
9.237604307034013,1.6,16,7.237604307113545,11.23760430695448,-6.032286541628237,-2.332357251327716,0.9249823225751304,True
9.237604307034013,1.6,17,7.237604307113545,11.23760430695448,-6.194805471126012,-2.3420191622394526,0.9631965772216398,True
9.237604307034013,1.6,18,7.237604307113545,11.23760430695448,-6.137647057286063,-2.424376150047968,0.9283177268095238,True
9.237604307034013,1.6,19,7.237604307113545,11.23760430695448,-6.0157572396770265,-2.329613765381965,0.9215358685737653,True
9.237604307034013,1.6,20,7.237604307113545,11.23760430695448,-5.999496718805246,-2.3830723439067323,0.9041060937246285,True
9.237604307034013,1.6,21,7.237604307113545,11.23760430695448,-5.892524599253078,-2.3947003819018513,0.8744560543378067,True
9.237604307034013,1.6,22,7.237604307113545,11.23760430695448,-6.049093659944618,-2.258249279173994,0.9477110951926561,True
9.237604307034013,1.6,23,7.237604307113545,11.23760430695448,-5.999496718805246,-2.3588027729922745,0.9101734864532429,True
9.237604307034013,1.6,24,7.237604307113545,11.23760430695448,-6.214608098422191,-2.3573933294890406,0.9643036922332877,True
9.237604307034013,1.6,25,7.237604307113545,11.23760430695448,-6.0157572396770265,-2.3461887304761775,0.9173921273002122,True
9.237604307034013,1.6,26,7.237604307113545,11.23760430695448,-6.049093659944618,-2.3801863390175972,0.9172268302317552,True
9.237604307034013,1.6,27,7.237604307113545,11.23760430695448,-6.255430092942447,-2.339249077365637,0.9790452538942025,True
9.237604307034013,1.6,28,7.237604307113545,11.23760430695448,-6.049093659944618,-2.348978132563756,0.9250288818452155,True
9.237604307034013,1.6,29,7.237604307113545,11.23760430695448,-6.032286541628237,-2.4349742810397914,0.8993280651471115,True
9.237604307034013,1.6,30,7.237604307113545,11.23760430695448,-5.936976361823913,-2.404987026612127,0.8829973338029464,True
9.237604307034013,1.6,31,7.237604307113545,11.23760430695448,-6.119297918617867,-2.377308639189982,0.9354973198569712,True
9.237604307034013,1.6,32,7.237604307113545,11.23760430695448,-6.41305903714603,-2.3052553215499247,1.0269509288990264,True
9.237604307034013,1.6,33,7.237604307113545,11.23760430695448,-6.0157572396770265,-2.3976286416809396,0.9045321494990217,True
9.237604307034013,1.6,34,7.237604307113545,11.23760430695448,-6.049093659944618,-2.3573933294890406,0.9229250826138944,True
9.237604307034013,1.6,35,7.237604307113545,11.23760430695448,-5.936976361823913,-2.3406331606315756,0.8990858002980843,True
9.237604307034013,1.6,36,7.237604307113545,11.23760430695448,-5.952243833954701,-2.3588027729922745,0.8983602652406066,True
9.237604307034013,1.6,37,7.237604307113545,11.23760430695448,-6.032286541628237,-2.3337318219908827,0.9246386799093387,True
9.237604307034013,1.6,38,7.237604307113545,11.23760430695448,-6.032286541628237,-2.307932699320641,0.9310884605768991,True
9.237604307034013,1.6,39,7.237604307113545,11.23760430695448,-6.255430092942447,-2.32551259763775,0.9824793738261742,True
9.237604307034013,1.6,40,7.237604307113545,11.23760430695448,-6.101279413115189,-2.32687778556309,0.9436004068880247,True
10.392304845413266,1.8,1,8.392304845492797,12.392304845333733,-4.506230238133188,-1.8734034582685652,0.6582066949661558,True
10.392304845413266,1.8,2,8.392304845492797,12.392304845333733,-4.377238117942085,-1.9314814124031925,0.6114391763847231,True
10.392304845413266,1.8,3,8.392304845492797,12.392304845333733,-4.426187530459651,-1.8553384508709263,0.6427122698971812,True
10.392304845413266,1.8,4,8.392304845492797,12.392304845333733,-4.456750180869818,-1.9123464322171728,0.6361009371631614,True
10.392304845413266,1.8,5,8.392304845492797,12.392304845333733,-4.56594947283481,-1.91959284073794,0.6615891580242176,True
10.392304845413266,1.8,6,8.392304845492797,12.392304845333733,-4.380427913310185,-1.907843948248857,0.618145991265332,True
10.392304845413266,1.8,7,8.392304845492797,12.392304845333733,-4.386838191671104,-1.9223238392491717,0.616128588105483,True
10.392304845413266,1.8,8,8.392304845492797,12.392304845333733,-4.4602044157379055,-1.8926853878180154,0.6418797569799726,True
10.392304845413266,1.8,9,8.392304845492797,12.392304845333733,-4.3614400010654935,-1.8409497134188266,0.6301225719116668,True
10.392304845413266,1.8,10,8.392304845492797,12.392304845333733,-4.517159308665378,-1.8821219093084463,0.658759349839233,True
10.392304845413266,1.8,11,8.392304845492797,12.392304845333733,-4.4602044157379055,-1.8725357792553428,0.6469171591206406,True
10.392304845413266,1.8,12,8.392304845492797,12.392304845333733,-4.4602044157379055,-1.907843948248857,0.6380901168722621,True
10.392304845413266,1.8,13,8.392304845492797,12.392304845333733,-4.56594947283481,-1.9033616458093574,0.6656469567563632,True
10.392304845413266,1.8,14,8.392304845492797,12.392304845333733,-4.33973372248363,-1.876011021675646,0.615930675201996,True
10.392304845413266,1.8,15,8.392304845492797,12.392304845333733,-4.453307836678845,-1.9033616458093574,0.6374865477173719,True
10.392304845413266,1.8,16,8.392304845492797,12.392304845333733,-4.355189980720322,-1.8971199848858813,0.6145174989586102,True
10.392304845413266,1.8,17,8.392304845492797,12.392304845333733,-4.531919724248499,-1.8918008234082815,0.6600297252100543,True
10.392304845413266,1.8,18,8.392304845492797,12.392304845333733,-4.543134795068639,-1.851934192264125,0.6728001507011284,True
10.392304845413266,1.8,19,8.392304845492797,12.392304845333733,-4.426187530459651,-1.8510849353128698,0.6437756487866952,True
10.392304845413266,1.8,20,8.392304845492797,12.392304845333733,-4.4706392930304855,-1.9232358320164409,0.6368508652535112,True
10.392304845413266,1.8,21,8.392304845492797,12.392304845333733,-4.463670623714392,-1.9186841628017217,0.6362466152281675,True
10.392304845413266,1.8,22,8.392304845492797,12.392304845333733,-4.4811842062071,-1.8613239326139641,0.654965068398284,True
10.392304845413266,1.8,23,8.392304845492797,12.392304845333733,-4.509860006183766,-1.8953437854846256,0.6536290551747852,True
10.392304845413266,1.8,24,8.392304845492797,12.392304845333733,-4.422848629194137,-1.9141531174421218,0.6271738779380038,True
10.392304845413266,1.8,25,8.392304845492797,12.392304845333733,-4.419520839101462,-1.8639001470057375,0.6389051730239312,True
10.392304845413266,1.8,26,8.392304845492797,12.392304845333733,-4.543134795068639,-1.9980459034758418,0.6362722228981992,True
10.392304845413266,1.8,27,8.392304845492797,12.392304845333733,-4.393289826952592,-1.907843948248857,0.6213614696759338,True
10.392304845413266,1.8,28,8.392304845492797,12.392304845333733,-4.419520839101462,-1.9250623165424752,0.6236146306397468,True
10.392304845413266,1.8,29,8.392304845492797,12.392304845333733,-4.416204086475468,-1.9150576855725485,0.6252866002257299,True
10.392304845413266,1.8,30,8.392304845492797,12.392304845333733,-4.412898298340969,-1.8656213178265104,0.6368192451286147,True
10.392304845413266,1.8,31,8.392304845492797,12.392304845333733,-4.499009990159701,-1.876011021675646,0.6557497421210137,True
10.392304845413266,1.8,32,8.392304845492797,12.392304845333733,-4.406319327242926,-1.9379419794061366,0.6170943369591974,True
10.392304845413266,1.8,33,8.392304845492797,12.392304845333733,-4.456750180869818,-1.8570449359266843,0.6499263112357835,True
10.392304845413266,1.8,34,8.392304845492797,12.392304845333733,-4.443051336511656,-1.8460044840804508,0.6492617131078013,True
10.392304845413266,1.8,35,8.392304845492797,12.392304845333733,-4.524512282970637,-1.933323033549842,0.6477973123551988,True
10.392304845413266,1.8,36,8.392304845492797,12.392304845333733,-4.44645849483327,-1.9241486572738007,0.6305774593898674,True
10.392304845413266,1.8,37,8.392304845492797,12.392304845333733,-4.491841500681089,-1.9051521565831457,0.6466723360244857,True
10.392304845413266,1.8,38,8.392304845492797,12.392304845333733,-4.422848629194137,-1.8803721275846585,0.6356191254023695,True
10.392304845413266,1.8,39,8.392304845492797,12.392304845333733,-4.456750180869818,-1.8734034582685652,0.6458366806503133,True
10.392304845413266,1.8,40,8.392304845492797,12.392304845333733,-4.406319327242926,-1.9015743352352614,0.6261862480019161,True
11.547005383792516,2.0,1,9.54700538387205,13.547005383712985,-3.421400088979675,-1.588328949223865,0.4582677849389525,True
11.547005383792516,2.0,2,9.54700538387205,13.547005383712985,-3.313186504339442,-1.5549497271500305,0.4395591942973529,True
11.547005383792516,2.0,3,9.54700538387205,13.547005383712985,-3.320539478644701,-1.5442745865276872,0.4440662230292534,True
11.547005383792516,2.0,4,9.54700538387205,13.547005383712985,-3.4337205733677156,-1.561918396466124,0.4679505442253979,True
11.547005383792516,2.0,5,9.54700538387205,13.547005383712985,-3.405205403059694,-1.5392901525320186,0.46647881263191887,True
11.547005383792516,2.0,6,9.54700538387205,13.547005383712985,-3.3242363405260273,-1.5844201494588124,0.43495404776680374,True
11.547005383792516,2.0,7,9.54700538387205,13.547005383712985,-3.4092295533594195,-1.523260216193048,0.4714923342915929,True
11.547005383792516,2.0,8,9.54700538387205,13.547005383712985,-3.3932292120129786,-1.5524276577173208,0.46020038857391443,True
11.547005383792516,2.0,9,9.54700538387205,13.547005383712985,-3.4295968561838532,-1.5676563784191455,0.46548511944117693,True
11.547005383792516,2.0,10,9.54700538387205,13.547005383712985,-3.350504267346637,-1.5682959691029252,0.445552074560928,True
11.547005383792516,2.0,11,9.54700538387205,13.547005383712985,-3.3429284735381795,-1.523260216193048,0.4549170643362829,True
11.547005383792516,2.0,12,9.54700538387205,13.547005383712985,-3.331671319013545,-1.523260216193048,0.45210277570512425,True
11.547005383792516,2.0,13,9.54700538387205,13.547005383712985,-3.2986407933370634,-1.5863726395031044,0.42806703845848976,True
11.547005383792516,2.0,14,9.54700538387205,13.547005383712985,-3.3581378922017087,-1.5411564050176947,0.4542453717960035,True
11.547005383792516,2.0,15,9.54700538387205,13.547005383712985,-3.4254900742312,-1.563827401182048,0.46541566826228803,True
11.547005383792516,2.0,16,9.54700538387205,13.547005383712985,-3.3619766685088743,-1.5689359691247706,0.4482601748460259,True
11.547005383792516,2.0,17,9.54700538387205,13.547005383712985,-3.493312670569961,-1.5651020986140487,0.48205264298897804,True
11.547005383792516,2.0,18,9.54700538387205,13.547005383712985,-3.3354096411241523,-1.5056786781432479,0.4574327407452261,True
11.547005383792516,2.0,19,9.54700538387205,13.547005383712985,-3.327946919922563,-1.5318597777887257,0.4490217855334593,True
11.547005383792516,2.0,20,9.54700538387205,13.547005383712985,-3.4132699628964245,-1.563827401182048,0.4623606404285941,True
11.547005383792516,2.0,21,9.54700538387205,13.547005383712985,-3.3813947543659757,-1.536807221399193,0.46114688324169567,True
11.547005383792516,2.0,22,9.54700538387205,13.547005383712985,-3.373582214629182,-1.5068813241090084,0.46667522263004335,True
11.547005383792516,2.0,23,9.54700538387205,13.547005383712985,-3.3467091963780855,-1.5343304399472948,0.4530946891076977,True
11.547005383792516,2.0,24,9.54700538387205,13.547005383712985,-3.377480855044839,-1.5343304399472948,0.4607876037743861,True
11.547005383792516,2.0,25,9.54700538387205,13.547005383712985,-3.405205403059694,-1.5511690043101247,0.46350909968739235,True
11.547005383792516,2.0,26,9.54700538387205,13.547005383712985,-3.3892688107968816,-1.5818227454011269,0.4518615163489387,True
11.547005383792516,2.0,27,9.54700538387205,13.547005383712985,-3.4092295533594195,-1.5244842065539368,0.47118633670137067,True
11.547005383792516,2.0,28,9.54700538387205,13.547005383712985,-3.3095301931363315,-1.5747144763757146,0.4337039291901542,True
11.547005383792516,2.0,29,9.54700538387205,13.547005383712985,-3.3932292120129786,-1.5587447981185822,0.4586211034735991,True
11.547005383792516,2.0,30,9.54700538387205,13.547005383712985,-3.3853240325058653,-1.5606477482646683,0.45616907106029925,True
11.547005383792516,2.0,31,9.54700538387205,13.547005383712985,-3.3892688107968816,-1.5651020986140487,0.4560416780457082,True
11.547005383792516,2.0,32,9.54700538387205,13.547005383712985,-3.3354096411241523,-1.5480292843054568,0.44684508920467386,True
11.547005383792516,2.0,33,9.54700538387205,13.547005383712985,-3.417326763592039,-1.5411564050176947,0.4690425896435861,True
11.547005383792516,2.0,34,9.54700538387205,13.547005383712985,-3.4132699628964245,-1.5486564401742415,0.46615338068054574,True
11.547005383792516,2.0,35,9.54700538387205,13.547005383712985,-3.3813947543659757,-1.546150173198182,0.45881114529194844,True
11.547005383792516,2.0,36,9.54700538387205,13.547005383712985,-3.3932292120129786,-1.5844201494588124,0.45220226563854155,True
11.547005383792516,2.0,37,9.54700538387205,13.547005383712985,-3.3467091963780855,-1.5511690043101247,0.4488850480169902,True
11.547005383792516,2.0,38,9.54700538387205,13.547005383712985,-3.377480855044839,-1.5581112852687597,0.45484239244401986,True
11.547005383792516,2.0,39,9.54700538387205,13.547005383712985,-3.365830237824864,-1.5818227454011269,0.4460018731059343,True
11.547005383792516,2.0,40,9.54700538387205,13.547005383712985,-3.377480855044839,-1.528165192305364,0.4623289156848688,True
12.701705922171769,2.2,1,10.7017059222513,14.701705922092234,-2.6036901857779675,-1.271538123821702,0.33303801548906636,True
12.701705922171769,2.2,2,10.7017059222513,14.701705922092234,-2.616383012576386,-1.2540971915085046,0.34057145526697036,True
12.701705922171769,2.2,3,10.7017059222513,14.701705922092234,-2.6109234903714875,-1.3058824908260291,0.3262602498863646,True
12.701705922171769,2.2,4,10.7017059222513,14.701705922092234,-2.6347997393626175,-1.2936544098714446,0.3352863323727932,True
12.701705922171769,2.2,5,10.7017059222513,14.701705922092234,-2.696121630236936,-1.289288649844818,0.35170824509802956,True
12.701705922171769,2.2,6,10.7017059222513,14.701705922092234,-2.6649907116417633,-1.3029340857417318,0.3405141564750079,True
12.701705922171769,2.2,7,10.7017059222513,14.701705922092234,-2.726214171729881,-1.2868714381288175,0.3598356834002659,True
12.701705922171769,2.2,8,10.7017059222513,14.701705922092234,-2.710052203772883,-1.3267683818058638,0.34582095549175484,True
12.701705922171769,2.2,9,10.7017059222513,14.701705922092234,-2.5717725828096625,-1.2743952686224818,0.3243443285467952,True
12.701705922171769,2.2,10,10.7017059222513,14.701705922092234,-2.6127400212978853,-1.26443077336305,0.3370773119837088,True
12.701705922171769,2.2,11,10.7017059222513,14.701705922092234,-2.657357086786692,-1.2839784756482895,0.3433446527846006,True
12.701705922171769,2.2,12,10.7017059222513,14.701705922092234,-2.663076835459479,-1.296575541452021,0.34162532350186453,True
12.701705922171769,2.2,13,10.7017059222513,14.701705922092234,-2.6554577509830395,-1.271538123821702,0.34597990679033436,True
12.701705922171769,2.2,14,10.7017059222513,14.701705922092234,-2.6862887093206975,-1.271538123821702,0.35368764637474887,True
12.701705922171769,2.2,15,10.7017059222513,14.701705922092234,-2.700082031453033,-1.2767824743395884,0.3558248892783612,True
12.701705922171769,2.2,16,10.7017059222513,14.701705922092234,-2.642262460564207,-1.2540971915085046,0.34704131726392556,True
12.701705922171769,2.2,17,10.7017059222513,14.701705922092234,-2.659260036932778,-1.2772606000957683,0.3454998592092524,True
12.701705922171769,2.2,18,10.7017059222513,14.701705922092234,-2.640391552628395,-1.26443077336305,0.3439901948163363,True
12.701705922171769,2.2,19,10.7017059222513,14.701705922092234,-2.6292390206779204,-1.297551151285502,0.3329219673481046,True
12.701705922171769,2.2,20,10.7017059222513,14.701705922092234,-2.69217685194592,-1.3187603310025209,0.34335413023584976,True
12.701705922171769,2.2,21,10.7017059222513,14.701705922092234,-2.6649907116417633,-1.296575541452021,0.34210379254743556,True
12.701705922171769,2.2,22,10.7017059222513,14.701705922092234,-2.6255489795904663,-1.276304577078402,0.33731110062801606,True
12.701705922171769,2.2,23,10.7017059222513,14.701705922092234,-2.6882475738060303,-1.266321133094219,0.3554816101779528,True
12.701705922171769,2.2,24,10.7017059222513,14.701705922092234,-2.5544711131739093,-1.2820544731307675,0.31810416001078545,True
12.701705922171769,2.2,25,10.7017059222513,14.701705922092234,-2.5929373940017055,-1.2863886961450282,0.32663717446416934,True
12.701705922171769,2.2,26,10.7017059222513,14.701705922092234,-2.6347997393626175,-1.2951139090358983,0.3349214575816798,True
12.701705922171769,2.2,27,10.7017059222513,14.701705922092234,-2.69217685194592,-1.2839784756482895,0.3520495940744076,True
12.701705922171769,2.2,28,10.7017059222513,14.701705922092234,-2.746791029418641,-1.283497127865229,0.36582347538835297,True
12.701705922171769,2.2,29,10.7017059222513,14.701705922092234,-2.6784913988606656,-1.3282770569725848,0.3375535854720202,True
12.701705922171769,2.2,30,10.7017059222513,14.701705922092234,-2.690210282973879,-1.2724895986794014,0.3544301710736194,True
12.701705922171769,2.2,31,10.7017059222513,14.701705922092234,-2.6127400212978853,-1.2639587412561026,0.33719532001044566,True
12.701705922171769,2.2,32,10.7017059222513,14.701705922092234,-2.659260036932778,-1.258781040820931,0.3501197490279617,True
12.701705922171769,2.2,33,10.7017059222513,14.701705922092234,-2.6347997393626175,-1.2550322079394112,0.3449418828558016,True
12.701705922171769,2.2,34,10.7017059222513,14.701705922092234,-2.5493385099473893,-1.288321063896082,0.3152543615128268,True
12.701705922171769,2.2,35,10.7017059222513,14.701705922092234,-2.7241795830320936,-1.2734419797037688,0.3626844008320812,True
12.701705922171769,2.2,36,10.7017059222513,14.701705922092234,-2.598299337143091,-1.27058755340792,0.33192794593379277,True
12.701705922171769,2.2,37,10.7017059222513,14.701705922092234,-2.632942728615405,-1.2682150730542896,0.3411819138902788,True
12.701705922171769,2.2,38,10.7017059222513,14.701705922092234,-2.6000930595971177,-1.2888047398426334,0.32782207993862106,True
12.701705922171769,2.2,39,10.7017059222513,14.701705922092234,-2.680435034069237,-1.2682150730542896,0.3530549902537368,True
12.701705922171769,2.2,40,10.7017059222513,14.701705922092234,-2.5613558219514063,-1.2743952686224818,0.32174013833223114,True
13.85640646055102,2.4,1,11.856406460630554,15.856406460471488,-2.097198263269095,-1.0729445419195318,0.2560634303373908,True
13.85640646055102,2.4,2,11.856406460630554,15.856406460471488,-2.0443318312330767,-1.0437453872272695,0.2501466110014518,True
13.85640646055102,2.4,3,11.856406460630554,15.856406460471488,-2.0928645620119766,-1.0498221244986778,0.2607606093783247,True
13.85640646055102,2.4,4,11.856406460630554,15.856406460471488,-2.14729220858801,-1.0555527992076628,0.27293485234508685,True
13.85640646055102,2.4,5,11.856406460630554,15.856406460471488,-2.0950290650215497,-1.0694419113683298,0.256396788413305,True
13.85640646055102,2.4,6,11.856406460630554,15.856406460471488,-2.110313205346923,-1.0429883849201127,0.2668312051067026,True
13.85640646055102,2.4,7,11.856406460630554,15.856406460471488,-2.1291921669443923,-1.0354497137104697,0.27343561330848065,True
13.85640646055102,2.4,8,11.856406460630554,15.856406460471488,-2.137070654516472,-1.0702192141668918,0.2667128600873951,True
13.85640646055102,2.4,9,11.856406460630554,15.856406460471488,-2.038171647481619,-1.0302062560040492,0.2519913478693925,True
13.85640646055102,2.4,10,11.856406460630554,15.856406460471488,-2.1393330989204418,-1.0574703453369345,0.2704656883958768,True
13.85640646055102,2.4,11,11.856406460630554,15.856406460471488,-2.0443318312330767,-1.0644041173383727,0.244981928473676,True
13.85640646055102,2.4,12,11.856406460630554,15.856406460471488,-2.0993721771687146,-1.0578542961959418,0.2603794702431932,True
13.85640646055102,2.4,13,11.856406460630554,15.856406460471488,-2.1484344131667874,-1.066726099805788,0.27042707834024987,True
13.85640646055102,2.4,14,11.856406460630554,15.856406460471488,-2.1236024374656055,-1.0748957620507937,0.26217666885370294,True
13.85640646055102,2.4,15,11.856406460630554,15.856406460471488,-2.083181861295559,-1.1006142913387829,0.24564189248919405,True
13.85640646055102,2.4,16,11.856406460630554,15.856406460471488,-2.1416006735882225,-1.0870790528544367,0.26363040518344644,True
13.85640646055102,2.4,17,11.856406460630554,15.856406460471488,-2.097198263269095,-1.0733344814838413,0.25596594544631346,True
13.85640646055102,2.4,18,11.856406460630554,15.856406460471488,-2.071473372030659,-1.0574703453369345,0.2535007566734311,True
13.85640646055102,2.4,19,11.856406460630554,15.856406460471488,-2.0588549080714476,-1.0970135673044128,0.2404603351917587,True
13.85640646055102,2.4,20,11.856406460630554,15.856406460471488,-2.0619946280761154,-1.0737245731603307,0.2470675137289462,True
13.85640646055102,2.4,21,11.856406460630554,15.856406460471488,-2.1081154022644433,-1.0760683242332152,0.258011769507807,True
13.85640646055102,2.4,22,11.856406460630554,15.856406460471488,-2.1114139209231086,-1.067501293643057,0.2609781568200129,True
13.85640646055102,2.4,23,11.856406460630554,15.856406460471488,-2.098284629481316,-1.0823453162042378,0.25398482831926955,True
13.85640646055102,2.4,24,11.856406460630554,15.856406460471488,-2.1004609089039112,-1.0540214053402346,0.26160987589091916,True
13.85640646055102,2.4,25,11.856406460630554,15.856406460471488,-2.074653024948039,-1.0362010285467127,0.25961299910033153,True
13.85640646055102,2.4,26,11.856406460630554,15.856406460471488,-2.1004609089039112,-1.0970135673044128,0.2508618353998746,True
13.85640646055102,2.4,27,11.856406460630554,15.856406460471488,-2.0588549080714476,-1.0713863024145183,0.24686715141423232,True
13.85640646055102,2.4,28,11.856406460630554,15.856406460471488,-2.1037342342488805,-1.0452611131711151,0.26461828026944134,True
13.85640646055102,2.4,29,11.856406460630554,15.856406460471488,-2.0279882600909205,-1.0567028855909,0.24282134362500513,True
13.85640646055102,2.4,30,11.856406460630554,15.856406460471488,-2.1518688756154223,-1.043366814442131,0.2771255152933228,True
13.85640646055102,2.4,31,11.856406460630554,15.856406460471488,-2.135941348919321,-1.0647907401925991,0.26778765218168044,True
13.85640646055102,2.4,32,11.856406460630554,15.856406460471488,-2.1081154022644433,-1.0479191743525915,0.26504905697796294,True
13.85640646055102,2.4,33,11.856406460630554,15.856406460471488,-2.0693592063383237,-1.0748957620507937,0.2486158610718825,True
13.85640646055102,2.4,34,11.856406460630554,15.856406460471488,-2.1004609089039112,-1.060161102293857,0.26007495165251354,True
13.85640646055102,2.4,35,11.856406460630554,15.856406460471488,-2.1037342342488805,-1.0702192141668918,0.2583787550204972,True
13.85640646055102,2.4,36,11.856406460630554,15.856406460471488,-2.104827728070252,-1.0748957620507937,0.25748299150486453,True
13.85640646055102,2.4,37,11.856406460630554,15.856406460471488,-2.0939462278827174,-1.0640176439036106,0.2574821459947767,True
13.85640646055102,2.4,38,11.856406460630554,15.856406460471488,-2.1059224189294334,-1.0620875139857373,0.26095872623592403,True
13.85640646055102,2.4,39,11.856406460630554,15.856406460471488,-2.0917840648782224,-1.1050328564710323,0.24668780210179753,True
13.85640646055102,2.4,40,11.856406460630554,15.856406460471488,-2.0693592063383237,-1.0831327178197234,0.24655662212965007,True
15.011106998930272,2.6,1,13.011106999009803,17.01110699885074,-1.6979048937564307,-0.9066704884971646,0.19780860131481653,True
15.011106998930272,2.6,2,13.011106999009803,17.01110699885074,-1.6748657177565558,-0.8893242836443408,0.19638535852805375,True
15.011106998930272,2.6,3,13.011106999009803,17.01110699885074,-1.6971768267421072,-0.89485545115409,0.2005803438970043,True
15.011106998930272,2.6,4,13.011106999009803,17.01110699885074,-1.7214874162427234,-0.8994336148077322,0.2055134503587478,True
15.011106998930272,2.6,5,13.011106999009803,17.01110699885074,-1.6777167531873949,-0.8886755648411817,0.1972602970865533,True
15.011106998930272,2.6,6,13.011106999009803,17.01110699885074,-1.7282214484240672,-0.8955081926916266,0.20817831393311015,True
15.011106998930272,2.6,7,13.011106999009803,17.01110699885074,-1.7118398460521815,-0.8899734235567817,0.20546660562384997,True
15.011106998930272,2.6,8,13.011106999009803,17.01110699885074,-1.705948812814944,-0.8793161290827937,0.2066581709330376,True
15.011106998930272,2.6,9,13.011106999009803,17.01110699885074,-1.7214874162427234,-0.8812453901313544,0.21006050652784225,True
15.011106998930272,2.6,10,13.011106999009803,17.01110699885074,-1.7066832968729357,-0.880280294351122,0.20660075063045344,True
15.011106998930272,2.6,11,13.011106999009803,17.01110699885074,-1.7237270588362281,-0.8745091978592001,0.212304465244257,True
15.011106998930272,2.6,12,13.011106999009803,17.01110699885074,-1.6713133161521878,-0.8818893051568227,0.19735600274884127,True
15.011106998930272,2.6,13,13.011106999009803,17.01110699885074,-1.719252778441307,-0.90799192905946,0.20281521234546174,True
15.011106998930272,2.6,14,13.011106999009803,17.01110699885074,-1.7177657893197287,-0.9010737660692947,0.2041730058126085,True
15.011106998930272,2.6,15,13.011106999009803,17.01110699885074,-1.6855992733996645,-0.8822114182212925,0.20084696379459302,True
15.011106998930272,2.6,16,13.011106999009803,17.01110699885074,-1.6855992733996645,-0.8618025465900854,0.2059491817023948,True
15.011106998930272,2.6,17,13.011106999009803,17.01110699885074,-1.7125786713536137,-0.8915981192837836,0.20524513801745753,True
15.011106998930272,2.6,18,13.011106999009803,17.01110699885074,-1.7177657893197287,-0.8961613605789893,0.20540110718518484,True
15.011106998930272,2.6,19,13.011106999009803,17.01110699885074,-1.7044814611209944,-0.9050211396159242,0.19986508037626755,True
15.011106998930272,2.6,20,13.011106999009803,17.01110699885074,-1.6827257082039326,-0.9307277796719247,0.187999482133002,True
15.011106998930272,2.6,21,13.011106999009803,17.01110699885074,-1.6734432424100127,-0.9132952228943566,0.19003700487891403,True
15.011106998930272,2.6,22,13.011106999009803,17.01110699885074,-1.6986334912385712,-0.90799192905946,0.1976603905447778,True
15.011106998930272,2.6,23,13.011106999009803,17.01110699885074,-1.7185090074884624,-0.9132952228943566,0.20130344614852644,True
15.011106998930272,2.6,24,13.011106999009803,17.01110699885074,-1.7074183207943041,-0.9109715703965551,0.19911168759943726,True
15.011106998930272,2.6,25,13.011106999009803,17.01110699885074,-1.6892028809029629,-0.8997614299229445,0.1973603627450046,True
15.011106998930272,2.6,26,13.011106999009803,17.01110699885074,-1.7214874162427234,-0.884469119551199,0.2092545741728811,True
15.011106998930272,2.6,27,13.011106999009803,17.01110699885074,-1.6706043476715877,-0.9030455051241345,0.1918897106368633,True
15.011106998930272,2.6,28,13.011106999009803,17.01110699885074,-1.6913712951967865,-0.900089352536147,0.1978204856651599,True
15.011106998930272,2.6,29,13.011106999009803,17.01110699885074,-1.6734432424100127,-0.900417382717865,0.19325646492303694,True
15.011106998930272,2.6,30,13.011106999009803,17.01110699885074,-1.684880107600959,-0.920633481308292,0.19106165657316673,True
15.011106998930272,2.6,31,13.011106999009803,17.01110699885074,-1.710363831024061,-0.8851151144057053,0.2063121791545889,True
15.011106998930272,2.6,32,13.011106999009803,17.01110699885074,-1.7641443021950816,-0.8997614299229445,0.21609571806803426,True
15.011106998930272,2.6,33,13.011106999009803,17.01110699885074,-1.7372712839439852,-0.8922487373939172,0.211255636637517,True
15.011106998930272,2.6,34,13.011106999009803,17.01110699885074,-1.7289724811292901,-0.8961613605789893,0.2082027801375752,True
15.011106998930272,2.6,35,13.011106999009803,17.01110699885074,-1.6964492894237302,-0.8748289420665606,0.2054050868392924,True
15.011106998930272,2.6,36,13.011106999009803,17.01110699885074,-1.6827257082039326,-0.9233153468111195,0.1898525903482033,True
15.011106998930272,2.6,37,13.011106999009803,17.01110699885074,-1.6777167531873949,-0.8968149553734984,0.19522544945347411,True
15.011106998930272,2.6,38,13.011106999009803,17.01110699885074,-1.7214874162427234,-0.8838235417366536,0.20941596862651746,True
15.011106998930272,2.6,39,13.011106999009803,17.01110699885074,-1.6920951461151097,-0.9007455205386927,0.19783740639410424,True
15.011106998930272,2.6,40,13.011106999009803,17.01110699885074,-1.7074183207943041,-0.9073309905026832,0.20002183257290523,True
16.165807537309522,2.8,1,14.165807537389057,18.16580753722999,-1.3884299732503123,-0.7350809039328909,0.16333726732935533,True
16.165807537309522,2.8,2,14.165807537389057,18.16580753722999,-1.3809751996422905,-0.7575790407193342,0.15584903973073908,True
16.165807537309522,2.8,3,14.165807537389057,18.16580753722999,-1.3959407381716962,-0.7797222890921356,0.15405461226989015,True
16.165807537309522,2.8,4,14.165807537389057,18.16580753722999,-1.4040510827091497,-0.7499291946589298,0.16353047201255497,True
16.165807537309522,2.8,5,14.165807537389057,18.16580753722999,-1.4084036467079917,-0.7658612528487507,0.16063559846481024,True
16.165807537309522,2.8,6,14.165807537389057,18.16580753722999,-1.4062249966087694,-0.7675834117129628,0.15966039622395164,True
16.165807537309522,2.8,7,14.165807537389057,18.16580753722999,-1.379384952818956,-0.764428382564909,0.15373914256351173,True
16.165807537309522,2.8,8,14.165807537389057,18.16580753722999,-1.3948643118029578,-0.7331361887763086,0.1654320307566623,True
16.165807537309522,2.8,9,14.165807537389057,18.16580753722999,-1.4051374489213706,-0.7454234140142092,0.16492850872679035,True
16.165807537309522,2.8,10,14.165807537389057,18.16580753722999,-1.4287844127408427,-0.7607125000557113,0.16701797817128283,True
16.165807537309522,2.8,11,14.165807537389057,18.16580753722999,-1.4024237430497744,-0.7678707267558817,0.15863825407347315,True
16.165807537309522,2.8,12,14.165807537389057,18.16580753722999,-1.3704210119636004,-0.7541718823977199,0.15406228239147013,True
16.165807537309522,2.8,13,14.165807537389057,18.16580753722999,-1.3900346807356139,-0.7561579803693493,0.15846917509156613,True
16.165807537309522,2.8,14,14.165807537389057,18.16580753722999,-1.398097073239042,-0.7805950164202559,0.15437551420469656,True
16.165807537309522,2.8,15,14.165807537389057,18.16580753722999,-1.3873615970803133,-0.7595719239411868,0.15694741828478162,True
16.165807537309522,2.8,16,14.165807537389057,18.16580753722999,-1.3959407381716962,-0.774212633281166,0.15543202622263255,True
16.165807537309522,2.8,17,14.165807537389057,18.16580753722999,-1.3862943611198906,-0.7434585011013162,0.1607089650046436,True
16.165807537309522,2.8,18,14.165807537389057,18.16580753722999,-1.4171660247869777,-0.7572946670504194,0.1649678394341396,True
16.165807537309522,2.8,19,14.165807537389057,18.16580753722999,-1.424896598901833,-0.7309182782469441,0.1734945801637222,True
16.165807537309522,2.8,20,14.165807537389057,18.16580753722999,-1.4287844127408427,-0.7482371468779053,0.17013681646573434,True
16.165807537309522,2.8,21,14.165807537389057,18.16580753722999,-1.3921783042788654,-0.7406581632309971,0.16288003526196707,True
16.165807537309522,2.8,22,14.165807537389057,18.16580753722999,-1.406769214309276,-0.7533219035960154,0.16336182767831517,True
16.165807537309522,2.8,23,14.165807537389057,18.16580753722999,-1.4018818844616043,-0.7609978474681197,0.16022100924837115,True
16.165807537309522,2.8,24,14.165807537389057,18.16580753722999,-1.395402380150618,-0.7797222890921356,0.15392002276462058,True
16.165807537309522,2.8,25,14.165807537389057,18.16580753722999,-1.3799147541558516,-0.778559836185878,0.1503387294924934,True
16.165807537309522,2.8,26,14.165807537389057,18.16580753722999,-1.432687400689601,-0.7572946670504194,0.16884818340979543,True
16.165807537309522,2.8,27,14.165807537389057,18.16580753722999,-1.410587053688935,-0.7445808356747948,0.16650155450353507,True
16.165807537309522,2.8,28,14.165807537389057,18.16580753722999,-1.4171660247869777,-0.7378656453593235,0.16982509485691355,True
16.165807537309522,2.8,29,14.165807537389057,18.16580753722999,-1.410587053688935,-0.7417773575280121,0.16720242404023075,True
16.165807537309522,2.8,30,14.165807537389057,18.16580753722999,-1.3846956397561936,-0.771036652554652,0.1534147468003854,True
16.165807537309522,2.8,31,14.165807537389057,18.16580753722999,-1.3921783042788654,-0.7704602836626155,0.15542950515406245,True
16.165807537309522,2.8,32,14.165807537389057,18.16580753722999,-1.4007990473227723,-0.7375868219921192,0.16580305633266326,True
16.165807537309522,2.8,33,14.165807537389057,18.16580753722999,-1.4040510827091497,-0.7745018596027773,0.1573873057765931,True
16.165807537309522,2.8,34,14.165807537389057,18.16580753722999,-1.3959407381716962,-0.7698842467803277,0.1565141228478421,True
16.165807537309522,2.8,35,14.165807537389057,18.16580753722999,-1.4089490516846968,-0.7530387378005512,0.1639775784710364,True
16.165807537309522,2.8,36,14.165807537389057,18.16580753722999,-1.4111336511335362,-0.7698842467803277,0.1603123510883021,True
16.165807537309522,2.8,37,14.165807537389057,18.16580753722999,-1.3927149289228133,-0.7684456046101735,0.15606733107815995,True
16.165807537309522,2.8,38,14.165807537389057,18.16580753722999,-1.4051374489213706,-0.7595719239411868,0.16139138124504596,True
16.165807537309522,2.8,39,14.165807537389057,18.16580753722999,-1.3948643118029578,-0.7513414248046713,0.16088072174957163,True
16.165807537309522,2.8,40,14.165807537389057,18.16580753722999,-1.4166161210062795,-0.780304022674568,0.15907802458292788,True
17.320508075688775,3.0,1,15.320508075768306,19.320508075609244,-1.1440281521985922,-0.6348782724359695,0.12728746994065568,True
17.320508075688775,3.0,2,15.320508075768306,19.320508075609244,-1.167748027502972,-0.640934309113011,0.13170342959749023,True
17.320508075688775,3.0,3,15.320508075768306,19.320508075609244,-1.1638977553667391,-0.6341238401104843,0.1324434788140637,True
17.320508075688775,3.0,4,15.320508075768306,19.320508075609244,-1.1720435667539926,-0.6331188149002601,0.1347311879634331,True
17.320508075688775,3.0,5,15.320508075768306,19.320508075609244,-1.1478025328588815,-0.6416938989710297,0.12652715847196294,True
17.320508075688775,3.0,6,15.320508075768306,19.320508075609244,-1.1824287747612203,-0.6343752543167112,0.1370133801111273,True
17.320508075688775,3.0,7,15.320508075768306,19.320508075609244,-1.1729048932499648,-0.6368928790100716,0.1340030035599733,True
17.320508075688775,3.0,8,15.320508075768306,19.320508075609244,-1.1431913320660771,-0.6399224193226476,0.1258172281858574,True
17.320508075688775,3.0,9,15.320508075768306,19.320508075609244,-1.160913314865489,-0.6306106620930472,0.13257566319311048,True
17.320508075688775,3.0,10,15.320508075768306,19.320508075609244,-1.1583622930738837,-0.6541829105418044,0.12604484563301982,True
17.320508075688775,3.0,11,15.320508075768306,19.320508075609244,-1.166034964985544,-0.6308611944756679,0.133793442627469,True
17.320508075688775,3.0,12,15.320508075768306,19.320508075609244,-1.1664629555762842,-0.6498322958740008,0.12915766492557085,True
17.320508075688775,3.0,13,15.320508075768306,19.320508075609244,-1.1668911294214042,-0.6268601888882572,0.13500773513328673,True
17.320508075688775,3.0,14,15.320508075768306,19.320508075609244,-1.1955638147445602,-0.6444840085806642,0.137769951540974,True
17.320508075688775,3.0,15,15.320508075768306,19.320508075609244,-1.1494846190418662,-0.6132275573840719,0.13406426541444857,True
17.320508075688775,3.0,16,15.320508075768306,19.320508075609244,-1.1575133965882707,-0.6419472238615547,0.128891543181679,True
17.320508075688775,3.0,17,15.320508075768306,19.320508075609244,-1.1167762592957808,-0.6608736200096497,0.1139756598215328,True
17.320508075688775,3.0,18,15.320508075768306,19.320508075609244,-1.1327897404696963,-0.650854268369694,0.12048386802500058,True
17.320508075688775,3.0,19,15.320508075768306,19.320508075609244,-1.1290714961528183,-0.626111779223787,0.12573992923225782,True
17.320508075688775,3.0,20,15.320508075768306,19.320508075609244,-1.177222689250021,-0.6399224193226476,0.13432506748184336,True
17.320508075688775,3.0,21,15.320508075768306,19.320508075609244,-1.17592539177078,-0.6472819246879955,0.1321608667706961,True
17.320508075688775,3.0,22,15.320508075768306,19.320508075609244,-1.1863512029761165,-0.6529013519914187,0.13336246274617444,True
17.320508075688775,3.0,23,15.320508075768306,19.320508075609244,-1.1440281521985922,-0.6595834637218047,0.12111117211919689,True
17.320508075688775,3.0,24,15.320508075768306,19.320508075609244,-1.1846060018350857,-0.646518079965942,0.13452198046728592,True
17.320508075688775,3.0,25,15.320508075768306,19.320508075609244,-1.160487692386197,-0.6253639292574851,0.133780940782178,True
17.320508075688775,3.0,26,15.320508075768306,19.320508075609244,-1.162617618644022,-0.6593256320844346,0.12582299663989685,True
17.320508075688775,3.0,27,15.320508075768306,19.320508075609244,-1.186787979571835,-0.6301097855486414,0.1391695485057984,True
17.320508075688775,3.0,28,15.320508075768306,19.320508075609244,-1.177222689250021,-0.6467726300500451,0.13261251479999397,True
17.320508075688775,3.0,29,15.320508075768306,19.320508075609244,-1.1537022549860696,-0.6366408311196383,0.12926535596660782,True
17.320508075688775,3.0,30,15.320508075768306,19.320508075609244,-1.150748043088638,-0.643976136553496,0.12669297663378554,True
17.320508075688775,3.0,31,15.320508075768306,19.320508075609244,-1.170752966445792,-0.6306106620930472,0.13503557608818623,True
17.320508075688775,3.0,32,15.320508075768306,19.320508075609244,-1.17592539177078,-0.6483012927681102,0.13190602475066743,True
17.320508075688775,3.0,33,15.320508075768306,19.320508075609244,-1.1647520911726548,-0.6529013519914187,0.127962684795309,True
17.320508075688775,3.0,34,15.320508075768306,19.320508075609244,-1.1613391185764148,-0.6411874416292344,0.1300379192367951,True
17.320508075688775,3.0,35,15.320508075768306,19.320508075609244,-1.138601296884473,-0.6384065019024852,0.12504869874549696,True
17.320508075688775,3.0,36,15.320508075768306,19.320508075609244,-1.1647520911726548,-0.6386589952758756,0.1315232739741948,True
17.320508075688775,3.0,37,15.320508075768306,19.320508075609244,-1.1754933330040673,-0.631613168442673,0.13597004114034858,True
17.320508075688775,3.0,38,15.320508075768306,19.320508075609244,-1.1613391185764148,-0.6323657083000864,0.1322433525690821,True
17.320508075688775,3.0,39,15.320508075768306,19.320508075609244,-1.1668911294214042,-0.6256131504425756,0.13531949474470714,True
17.320508075688775,3.0,40,15.320508075768306,19.320508075609244,-1.1754933330040673,-0.6404282362277163,0.13376627419408776,True
18.475208614068027,3.2,1,16.475208614147558,20.475208613988492,-0.9739198447107914,-0.5428897840198367,0.10775751517273868,True
18.475208614068027,3.2,2,16.475208614147558,20.475208613988492,-1.0040296461821618,-0.5449570869267635,0.11476813981384959,True
18.475208614068027,3.2,3,16.475208614147558,20.475208613988492,-0.9810070465938463,-0.5412848312506993,0.10993055383578676,True
18.475208614068027,3.2,4,16.475208614147558,20.475208613988492,-0.9859981442989754,-0.5682193594095902,0.10444469622234628,True
18.475208614068027,3.2,5,16.475208614147558,20.475208613988492,-0.9460628902078253,-0.5387679554225846,0.10182373369631018,True
18.475208614068027,3.2,6,16.475208614147558,20.475208613988492,-0.9802960618500675,-0.5392250982876886,0.11026774089059471,True
18.475208614068027,3.2,7,16.475208614147558,20.475208613988492,-0.9892199118969128,-0.543808057729909,0.11135296354175095,True
18.475208614068027,3.2,8,16.475208614147558,20.475208613988492,-1.0043936134291278,-0.5240234442322996,0.12009254229920704,True
18.475208614068027,3.2,9,16.475208614147558,20.475208613988492,-0.9885030659880797,-0.5532693028765587,0.10880844077788024,True
18.475208614068027,3.2,10,16.475208614147558,20.475208613988492,-0.935473551290929,-0.5518791265637008,0.09589860618180707,True
18.475208614068027,3.2,11,16.475208614147558,20.475208613988492,-0.9785208084102892,-0.5630550286829353,0.10386644493183847,True
18.475208614068027,3.2,12,16.475208614147558,20.475208613988492,-0.9781661355922425,-0.5410557624145127,0.10927759329443246,True
18.475208614068027,3.2,13,16.475208614147558,20.475208613988492,-0.976040736279929,-0.5586162876023393,0.10435611216939744,True
18.475208614068027,3.2,14,16.475208614147558,20.475208613988492,-0.9679349650264935,-0.5502596930113978,0.10441881800377392,True
18.475208614068027,3.2,15,16.475208614147558,20.475208613988492,-0.9938919778977068,-0.5410557624145127,0.11320905387079852,True
18.475208614068027,3.2,16,16.475208614147558,20.475208613988492,-0.9774571671116424,-0.5376260117105034,0.10995778885028476,True
18.475208614068027,3.2,17,16.475208614147558,20.475208613988492,-0.9870709139352023,-0.5274067789134069,0.11491603375544884,True
18.475208614068027,3.2,18,16.475208614147558,20.475208613988492,-0.9728610833625494,-0.5586162876023393,0.10356119894005253,True
18.475208614068027,3.2,19,16.475208614147558,20.475208613988492,-0.96443110720209,-0.5630550286829353,0.10034401962978867,True
18.475208614068027,3.2,20,16.475208614147558,20.475208613988492,-0.9623346703755619,-0.5394537481114813,0.10572023056602015,True
18.475208614068027,3.2,21,16.475208614147558,20.475208613988492,-0.9928118697818981,-0.5367133947181184,0.11402461876594491,True
18.475208614068027,3.2,22,16.475208614147558,20.475208613988492,-0.9612880978048908,-0.5611836831075849,0.10002610367432646,True
18.475208614068027,3.2,23,16.475208614147558,20.475208613988492,-0.9885030659880797,-0.5346630465798463,0.11346000485205834,True
18.475208614068027,3.2,24,16.475208614147558,20.475208613988492,-0.9529547162457465,-0.5412848312506993,0.1029174712487618,True
18.475208614068027,3.2,25,16.475208614147558,20.475208613988492,-0.9665319483109017,-0.5422016316816354,0.10608257915731659,True
18.475208614068027,3.2,26,16.475208614147558,20.475208613988492,-0.9591982328854316,-0.5472591137260511,0.10298477978984513,True
18.475208614068027,3.2,27,16.475208614147558,20.475208613988492,-0.9689885208746041,-0.5387679554225846,0.10755514136300487,True
18.475208614068027,3.2,28,16.475208614147558,20.475208613988492,-0.9347942034387148,-0.5551258826625707,0.09491708019403602,True
18.475208614068027,3.2,29,16.475208614147558,20.475208613988492,-0.9767487009112691,-0.55095341485677,0.10644882151362478,True
18.475208614068027,3.2,30,16.475208614147558,20.475208613988492,-0.960939483543037,-0.5394537481114813,0.10537143385788894,True
18.475208614068027,3.2,31,16.475208614147558,20.475208613988492,-0.9654809760649268,-0.5285371056981586,0.10923596759169205,True
18.475208614068027,3.2,32,16.475208614147558,20.475208613988492,-1.0175854500257364,-0.5258264647793484,0.12293974631159701,True
18.475208614068027,3.2,33,16.475208614147558,20.475208613988492,-0.9888614247089905,-0.5511847624575704,0.10941916556285503,True
18.475208614068027,3.2,34,16.475208614147558,20.475208613988492,-0.9696915086012704,-0.5440377579721042,0.10641343765729155,True
18.475208614068027,3.2,35,16.475208614147558,20.475208613988492,-0.9675840262617056,-0.5422016316816354,0.10634559864501755,True
18.475208614068027,3.2,36,16.475208614147558,20.475208613988492,-0.9654809760649268,-0.5330712327133105,0.10810243583790408,True
18.475208614068027,3.2,37,16.475208614147558,20.475208613988492,-0.9799407589506111,-0.5219989243641159,0.1144854586466238,True
18.475208614068027,3.2,38,16.475208614147558,20.475208613988492,-1.015374690098054,-0.5399112046610873,0.11886587135924168,True
18.475208614068027,3.2,39,16.475208614147558,20.475208613988492,-0.9412667179443321,-0.5339805303435916,0.10182154690018513,True
18.475208614068027,3.2,40,16.475208614147558,20.475208613988492,-0.9546851198614666,-0.5319357721621133,0.10568733692483834,True
19.629909152447276,3.4,1,17.62990915252681,21.629909152367745,-0.807436326962073,-0.45465535229893606,0.08819524366578424,True
19.629909152447276,3.4,2,17.62990915252681,21.629909152367745,-0.8228003887868163,-0.4561270229103923,0.09166834146910599,True
19.629909152447276,3.4,3,17.62990915252681,21.629909152367745,-0.8340964942481682,-0.4628823789781151,0.09280352881751328,True
19.629909152447276,3.4,4,17.62990915252681,21.629909152367745,-0.8146370781476552,-0.45654789833748055,0.08952229495254366,True
19.629909152447276,3.4,5,17.62990915252681,21.629909152367745,-0.8340964942481682,-0.4489991101318928,0.09627434602906886,True
19.629909152447276,3.4,6,17.62990915252681,21.629909152367745,-0.8134333464344472,-0.46840490788203853,0.08625710963810217,True
19.629909152447276,3.4,7,17.62990915252681,21.629909152367745,-0.7934833026126081,-0.4618238417775487,0.08291486520876486,True
19.629909152447276,3.4,8,17.62990915252681,21.629909152367745,-0.8095311953026214,-0.4709640903408601,0.08464177624044032,True
19.629909152447276,3.4,9,17.62990915252681,21.629909152367745,-0.8215867964048577,-0.4523470940082948,0.09230992559914071,True
19.629909152447276,3.4,10,17.62990915252681,21.629909152367745,-0.7937781573987632,-0.45486545840329146,0.08472817474886794,True
19.629909152447276,3.4,11,17.62990915252681,21.629909152367745,-0.7940730991499059,-0.46627724750492183,0.08194896291124601,True
19.629909152447276,3.4,12,17.62990915252681,21.629909152367745,-0.7881907292468393,-0.439021891637007,0.08729220940245808,True
19.629909152447276,3.4,13,17.62990915252681,21.629909152367745,-0.8173507840192515,-0.46415410445684385,0.08829916989060192,True
19.629909152447276,3.4,14,17.62990915252681,21.629909152367745,-0.7967314968165159,-0.4679790134974068,0.08218812082977728,True
19.629909152447276,3.4,15,17.62990915252681,21.629909152367745,-0.8252320009271884,-0.4489991101318928,0.0940582226988239,True
19.629909152447276,3.4,16,17.62990915252681,21.629909152367745,-0.8050475530581732,-0.4618238417775487,0.08580592782015613,True
19.629909152447276,3.4,17,17.62990915252681,21.629909152367745,-0.8194665472386152,-0.47868117043942343,0.08519634419979795,True
19.629909152447276,3.4,18,17.62990915252681,21.629909152367745,-0.815540828774012,-0.4607664238932537,0.08869360122018959,True
19.629909152447276,3.4,19,17.62990915252681,21.629909152367745,-0.8140350311698076,-0.46457837260067103,0.08736416464228414,True
19.629909152447276,3.4,20,17.62990915252681,21.629909152367745,-0.789658080940789,-0.4637300162401401,0.08148201617516224,True
19.629909152447276,3.4,21,17.62990915252681,21.629909152367745,-0.8212836282958204,-0.46691507042438696,0.08859213946785835,True
19.629909152447276,3.4,22,17.62990915252681,21.629909152367745,-0.8243194533353448,-0.47310175682397565,0.0878044241278423,True
19.629909152447276,3.4,23,17.62990915252681,21.629909152367745,-0.8113302962376685,-0.4502532908982985,0.0902692513348425,True
19.629909152447276,3.4,24,17.62990915252681,21.629909152367745,-0.8279746508255872,-0.45654789833748055,0.09285668812202666,True
19.629909152447276,3.4,25,17.62990915252681,21.629909152367745,-0.845211150193203,-0.4580223588468405,0.09679719783659063,True
19.629909152447276,3.4,26,17.62990915252681,21.629909152367745,-0.8224968525877941,-0.4588658848352796,0.09090774193812863,True
19.629909152447276,3.4,27,17.62990915252681,21.629909152367745,-0.7943681279173505,-0.46500282082436073,0.08234132677324743,True
19.629909152447276,3.4,28,17.62990915252681,21.629909152367745,-0.8053458379224281,-0.4654274492808472,0.08497959716039521,True
19.629909152447276,3.4,29,17.62990915252681,21.629909152367745,-0.8295016018017641,-0.4485813991817925,0.0952300506549929,True
19.629909152447276,3.4,30,17.62990915252681,21.629909152367745,-0.8131326397715288,-0.4643662160283253,0.08719160593580089,True
19.629909152447276,3.4,31,17.62990915252681,21.629909152367745,-0.7952537368313212,-0.4658522581232595,0.08235036967701542,True
19.629909152447276,3.4,32,17.62990915252681,21.629909152367745,-0.8176527619771555,-0.4620354595965587,0.08890432559514921,True
19.629909152447276,3.4,33,17.62990915252681,21.629909152367745,-0.8083335903690628,-0.4611892568805261,0.08678608337213418,True
19.629909152447276,3.4,34,17.62990915252681,21.629909152367745,-0.8182569916027896,-0.46415410445684385,0.08852572178648645,True
19.629909152447276,3.4,35,17.62990915252681,21.629909152367745,-0.8331758251636485,-0.45844403289905106,0.09368294806614937,True
19.629909152447276,3.4,36,17.62990915252681,21.629909152367745,-0.8089322135536556,-0.4658522581232595,0.08576998885759904,True
19.629909152447276,3.4,37,17.62990915252681,21.629909152367745,-0.8282798545514417,-0.44150687945542993,0.09669324377400294,True
19.629909152447276,3.4,38,17.62990915252681,21.629909152367745,-0.7993969804026557,-0.4750295714940735,0.08109185222714556,True
19.629909152447276,3.4,39,17.62990915252681,21.629909152367745,-0.8228003887868163,-0.4801886543041008,0.08565293362067887,True
19.629909152447276,3.4,40,17.62990915252681,21.629909152367745,-0.8149382376138676,-0.46013250945047257,0.08870143204084877,True
20.78460969082653,3.6,1,18.784609690906063,22.784609690746997,-0.6894207988191315,-0.3957128166654861,0.07342699553841137,True
20.78460969082653,3.6,2,18.784609690906063,22.784609690746997,-0.7081931387652166,-0.39472301157626233,0.07836753179723857,True
20.78460969082653,3.6,3,18.784609690906063,22.784609690746997,-0.6791127915961421,-0.39057649561441377,0.07213407399543209,True
20.78460969082653,3.6,4,18.784609690906063,22.784609690746997,-0.7009105711777793,-0.3969018774476765,0.0760021734325257,True
20.78460969082653,3.6,5,18.784609690906063,22.784609690746997,-0.684914495633469,-0.38919813564429245,0.07392908999729413,True
20.78460969082653,3.6,6,18.784609690906063,22.784609690746997,-0.6749144122988856,-0.40067659137636713,0.06855945523062962,True
20.78460969082653,3.6,7,18.784609690906063,22.784609690746997,-0.6825370014479298,-0.3990855011441253,0.07086287507595114,True
20.78460969082653,3.6,8,18.784609690906063,22.784609690746997,-0.6762245133640375,-0.3895917589518742,0.07165818860304084,True
20.78460969082653,3.6,9,18.784609690906063,22.784609690746997,-0.6854435961749128,-0.39314135841933234,0.07307555943889511,True
20.78460969082653,3.6,10,18.784609690906063,22.784609690746997,-0.6809551397945833,-0.3955147772549963,0.07136009063489676,True
20.78460969082653,3.6,11,18.784609690906063,22.784609690746997,-0.7014482055993317,-0.39630717032339885,0.07628525881898322,True
20.78460969082653,3.6,12,18.784609690906063,22.784609690746997,-0.6971552019574841,-0.3856624808119846,0.07787318028637488,True
20.78460969082653,3.6,13,18.784609690906063,22.784609690746997,-0.6791127915961421,-0.3923514689627813,0.07169033065834021,True
20.78460969082653,3.6,14,18.784609690906063,22.784609690746997,-0.7006418623222057,-0.39789384261184635,0.07568700492758984,True
20.78460969082653,3.6,15,18.784609690906063,22.784609690746997,-0.6851790109107684,-0.3911678034073399,0.07350280187585712,True
20.78460969082653,3.6,16,18.784609690906063,22.784609690746997,-0.7046800963736695,-0.3976953708438038,0.07674618138246642,True
20.78460969082653,3.6,17,18.784609690906063,22.784609690746997,-0.6912822539504329,-0.3901824845770074,0.07527494234335637,True
20.78460969082653,3.6,18,18.784609690906063,22.784609690746997,-0.6966198700389179,-0.39670360243959163,0.07497906689983157,True
20.78460969082653,3.6,19,18.784609690906063,22.784609690746997,-0.6920810823779475,-0.3935365372428906,0.07463613628376423,True
20.78460969082653,3.6,20,18.784609690906063,22.784609690746997,-0.699836168710742,-0.39968186335243705,0.07503857633957622,True
20.78460969082653,3.6,21,18.784609690906063,22.784609690746997,-0.7166205367455875,-0.4026690208061631,0.07848787898485608,True
20.78460969082653,3.6,22,18.784609690906063,22.784609690746997,-0.6843856748913726,-0.3895917589518742,0.0736984789848746,True
20.78460969082653,3.6,23,18.784609690906063,22.784609690746997,-0.6966198700389179,-0.3860547145883411,0.0776412888626442,True
20.78460969082653,3.6,24,18.784609690906063,22.784609690746997,-0.6862377722590106,-0.3990855011441253,0.07178806777872133,True
20.78460969082653,3.6,25,18.784609690906063,22.784609690746997,-0.717713134505195,-0.3951188160540201,0.08064857961279373,True
20.78460969082653,3.6,26,18.784609690906063,22.784609690746997,-0.6888895903073041,-0.39492089423249327,0.07349217401870271,True
20.78460969082653,3.6,27,18.784609690906063,22.784609690746997,-0.6804284081521706,-0.3833123034670311,0.07427902617128489,True
20.78460969082653,3.6,28,18.784609690906063,22.784609690746997,-0.6851790109107684,-0.3929438275544926,0.07305879583906895,True
20.78460969082653,3.6,29,18.784609690906063,22.784609690746997,-0.6886240918323608,-0.39274633570038964,0.0739694390329928,True
20.78460969082653,3.6,30,18.784609690906063,22.784609690746997,-0.6920810823779475,-0.39215409404849205,0.07498174708236387,True
20.78460969082653,3.6,31,18.784609690906063,22.784609690746997,-0.6886240918323608,-0.39848949437173914,0.07253364936515543,True
20.78460969082653,3.6,32,18.784609690906063,22.784609690746997,-0.7017171312430124,-0.41208698441705127,0.07240753670649028,True
20.78460969082653,3.6,33,18.784609690906063,22.784609690746997,-0.6859729768119448,-0.39710019177653666,0.07221819625885204,True
20.78460969082653,3.6,34,18.784609690906063,22.784609690746997,-0.6904840631404617,-0.4028684822608984,0.07190389521989084,True
20.78460969082653,3.6,35,18.784609690906063,22.784609690746997,-0.7025243423725422,-0.3872323398471046,0.07882300063135941,True
20.78460969082653,3.6,36,18.784609690906063,22.784609690746997,-0.6907500559602239,-0.4066658286846832,0.07102105681888517,True
20.78460969082653,3.6,37,18.784609690906063,22.784609690746997,-0.6886240918323608,-0.39809235377875135,0.07263293451340237,True
20.78460969082653,3.6,38,18.784609690906063,22.784609690746997,-0.6777989036131458,-0.38507441846043033,0.07318112128817886,True
20.78460969082653,3.6,39,18.784609690906063,22.784609690746997,-0.6870325795600913,-0.3901824845770074,0.07421252374577099,True
20.78460969082653,3.6,40,18.784609690906063,22.784609690746997,-0.7046800963736695,-0.40087565577435713,0.07595111014982808,True
21.93931022920578,3.8,1,19.939310229285315,23.93931022912625,-0.5910720558936483,-0.3353795005414767,0.0639231388380429,True
21.93931022920578,3.8,2,19.939310229285315,23.93931022912625,-0.5886670523294263,-0.34042671192894214,0.06206008510012104,True
21.93931022920578,3.8,3,19.939310229285315,23.93931022912625,-0.5736471013483998,-0.34380572772143675,0.05746034340674076,True
21.93931022920578,3.8,4,19.939310229285315,23.93931022912625,-0.5949321330629903,-0.34267812000939957,0.06306350326339769,True
21.93931022920578,3.8,5,19.939310229285315,23.93931022912625,-0.5670433037642193,-0.3237008063055247,0.06083562436467364,True
21.93931022920578,3.8,6,19.939310229285315,23.93931022912625,-0.591553751471363,-0.3344476208728841,0.06427653264961973,True
21.93931022920578,3.8,7,19.939310229285315,23.93931022912625,-0.5845917740055998,-0.33874147606525623,0.061462574485085894,True
21.93931022920578,3.8,8,19.939310229285315,23.93931022912625,-0.5607163933794558,-0.3338889096189425,0.056706870940128315,True
21.93931022920578,3.8,9,19.939310229285315,23.93931022912625,-0.5836352937796431,-0.33612563002955154,0.061877415937522884,True
21.93931022920578,3.8,10,19.939310229285315,23.93931022912625,-0.5738837597331276,-0.33184296823755066,0.06051019787389422,True
21.93931022920578,3.8,11,19.939310229285315,23.93931022912625,-0.5860282118872557,-0.34042671192894214,0.0614003749895784,True
21.93931022920578,3.8,12,19.939310229285315,23.93931022912625,-0.5889072925708222,-0.33519305512283276,0.06342855936199736,True
21.93931022920578,3.8,13,19.939310229285315,23.93931022912625,-0.5958994850126694,-0.3350066444596029,0.06522321013826664,True
21.93931022920578,3.8,14,19.939310229285315,23.93931022912625,-0.5930002319550065,-0.32980120418717485,0.06579975694195792,True
21.93931022920578,3.8,15,19.939310229285315,23.93931022912625,-0.5925178392780204,-0.31837040125723054,0.06853685950519746,True
21.93931022920578,3.8,16,19.939310229285315,23.93931022912625,-0.5814865523536391,-0.3363122494198477,0.06129357573344785,True
21.93931022920578,3.8,17,19.939310229285315,23.93931022912625,-0.57886656752756,-0.3428659663516444,0.05900015029397891,True
21.93931022920578,3.8,18,19.939310229285315,23.93931022912625,-0.5710475488978427,-0.32757856945109315,0.06086724486168739,True
21.93931022920578,3.8,19,19.939310229285315,23.93931022912625,-0.5932415155850829,-0.34531118528841737,0.061982582574166376,True
21.93931022920578,3.8,20,19.939310229285315,23.93931022912625,-0.5889072925708222,-0.33482026853883234,0.06352175600799746,True
21.93931022920578,3.8,21,19.939310229285315,23.93931022912625,-0.5951738833361367,-0.33054318159090507,0.06615767543630792,True
21.93931022920578,3.8,22,19.939310229285315,23.93931022912625,-0.5908312950883443,-0.34155178236451156,0.06231987818095819,True
21.93931022920578,3.8,23,19.939310229285315,23.93931022912625,-0.5810096806230952,-0.3268387876529749,0.06354272324253007,True
21.93931022920578,3.8,24,19.939310229285315,23.93931022912625,-0.6026972776378732,-0.3447463730734585,0.06448772614110367,True
21.93931022920578,3.8,25,19.939310229285315,23.93931022912625,-0.584113419535823,-0.33351660879558026,0.06264920268506068,True
21.93931022920578,3.8,26,19.939310229285315,23.93931022912625,-0.5668082585169273,-0.3389285843079201,0.056969918552251794,True
21.93931022920578,3.8,27,19.939310229285315,23.93931022912625,-0.5779155451068559,-0.34814004148889505,0.057443875904490224,True
21.93931022920578,3.8,28,19.939310229285315,23.93931022912625,-0.5963835121276374,-0.35021963388218585,0.06154096956136289,True
21.93931022920578,3.8,29,19.939310229285315,23.93931022912625,-0.5869869847315546,-0.3627888338277281,0.05604953772595664,True
21.93931022920578,3.8,30,19.939310229285315,23.93931022912625,-0.5817250735235238,-0.33519305512283276,0.06163300460017275,True
21.93931022920578,3.8,31,19.939310229285315,23.93931022912625,-0.5968677736383116,-0.33351660879558026,0.06583779121068283,True
21.93931022920578,3.8,32,19.939310229285315,23.93931022912625,-0.5889072925708222,-0.3350066444596029,0.06347516202780483,True
21.93931022920578,3.8,33,19.939310229285315,23.93931022912625,-0.582440978577367,-0.3203889357530451,0.06551301070608047,True
21.93931022920578,3.8,34,19.939310229285315,23.93931022912625,-0.5729374620519133,-0.3296157958247266,0.060830416556796676,True
21.93931022920578,3.8,35,19.939310229285315,23.93931022912625,-0.5862678189328492,-0.3396773675701613,0.06164761284067197,True
21.93931022920578,3.8,36,19.939310229285315,23.93931022912625,-0.5893879462690929,-0.33184296823755066,0.06438624450788555,True
21.93931022920578,3.8,37,19.939310229285315,23.93931022912625,-0.5595491234908795,-0.3266539276838745,0.05822379895175124,True
21.93931022920578,3.8,38,19.939310229285315,23.93931022912625,-0.599535411936667,-0.3340751120214915,0.06636507497879389,True
21.93931022920578,3.8,39,19.939310229285315,23.93931022912625,-0.5853097350272266,-0.33519305512283276,0.06252916997609846,True
21.93931022920578,3.8,40,19.939310229285315,23.93931022912625,-0.5623528636453089,-0.3359390454595541,0.0566034545464387,True
23.094010767585033,4.0,1,21.094010767664564,25.094010767505498,-0.506612290113122,-0.28183254766288934,0.05619493561255817,True
23.094010767585033,4.0,2,21.094010767664564,25.094010767505498,-0.4845083154486173,-0.28501895503229724,0.04987234010408001,True
23.094010767585033,4.0,3,21.094010767664564,25.094010767505498,-0.4771759556621647,-0.2848416657844257,0.048083572469434746,True
23.094010767585033,4.0,4,21.094010767664564,25.094010767505498,-0.502637019860438,-0.29285096373903,0.052446514030351984,True
23.094010767585033,4.0,5,21.094010767664564,25.094010767505498,-0.49451492494167537,-0.28785986603390096,0.0516637647269436,True
23.094010767585033,4.0,6,21.094010767664564,25.094010767505498,-0.5181859781722831,-0.28626086062968786,0.0579812793856488,True
23.094010767585033,4.0,7,21.094010767664564,25.094010767505498,-0.4967035885424355,-0.28999585830205027,0.05167693256009631,True
23.094010767585033,4.0,8,21.094010767664564,25.094010767505498,-0.49889705290071695,-0.28413282294063935,0.0536910574900194,True
23.094010767585033,4.0,9,21.094010767664564,25.094010767505498,-0.5021962970679362,-0.28165582238187803,0.05513511867151455,True
23.094010767585033,4.0,10,21.094010767664564,25.094010767505498,-0.49801908971877223,-0.29625202313484805,0.050441766645981045,True
23.094010767585033,4.0,11,21.094010767664564,25.094010767505498,-0.5278587563222311,-0.2889272918602128,0.059732866115504574,True
23.094010767585033,4.0,12,21.094010767664564,25.094010767505498,-0.49385925887075977,-0.28307049989455857,0.0526971897440503,True
23.094010767585033,4.0,13,21.094010767664564,25.094010767505498,-0.49167680492722976,-0.2903523010076598,0.05033112597989249,True
23.094010767585033,4.0,14,21.094010767664564,25.094010767505498,-0.5006552951119133,-0.28590587305052517,0.053687355515347035,True
23.094010767585033,4.0,15,21.094010767664564,25.094010767505498,-0.5021962970679362,-0.29249362944900303,0.0524256669047333,True
23.094010767585033,4.0,16,21.094010767664564,25.094010767505498,-0.49758039701597007,-0.2914223920675042,0.05153950123711647,True
23.094010767585033,4.0,17,21.094010767664564,25.094010767505498,-0.4982385082605192,-0.28307049989455857,0.053792002091490154,True
23.094010767585033,4.0,18,21.094010767664564,25.094010767505498,-0.5032984684569275,-0.28555101144282674,0.05443686425352519,True
23.094010767585033,4.0,19,21.094010767664564,25.094010767505498,-0.49736112281270145,-0.27006047110196146,0.056825162927685,True
23.094010767585033,4.0,20,21.094010767664564,25.094010767505498,-0.49758039701597007,-0.2783039624914853,0.05481910863112119,True
23.094010767585033,4.0,21,21.094010767664564,25.094010767505498,-0.5079408996974006,-0.28218609194799316,0.05643870193735187,True
23.094010767585033,4.0,22,21.094010767664564,25.094010767505498,-0.49254921501527776,-0.293923733375257,0.04965637041000519,True
23.094010767585033,4.0,23,21.094010767664564,25.094010767505498,-0.49298570563765964,-0.2960727313369675,0.04922824357517304,True
23.094010767585033,4.0,24,21.094010767664564,25.094010767505498,-0.4934223868673063,-0.27268399687434597,0.055184597498240076,True
23.094010767585033,4.0,25,21.094010767664564,25.094010767505498,-0.4999955919543977,-0.2790086841556052,0.05524672694969812,True
23.094010767585033,4.0,26,21.094010767664564,25.094010767505498,-0.4834266495778762,-0.3005646982827947,0.04571548782377037,True
23.094010767585033,4.0,27,21.094010767664564,25.094010767505498,-0.5177383505909503,-0.28963954260257396,0.057024701997094085,True
23.094010767585033,4.0,28,21.094010767664564,25.094010767505498,-0.48710909714867473,-0.28059612606229517,0.05162824277159489,True
23.094010767585033,4.0,29,21.094010767664564,25.094010767505498,-0.5057275300465587,-0.28714888129012217,0.05464466218910913,True
23.094010767585033,4.0,30,21.094010767664564,25.094010767505498,-0.5059486466864866,-0.2941026402547037,0.05296150160794574,True
23.094010767585033,4.0,31,21.094010767664564,25.094010767505498,-0.5021962970679362,-0.29249362944900303,0.0524256669047333,True
23.094010767585033,4.0,32,21.094010767664564,25.094010767505498,-0.5030779369751648,-0.28519627571721967,0.05447041531448628,True
23.094010767585033,4.0,33,21.094010767664564,25.094010767505498,-0.489281594201275,-0.2756656705733199,0.053403980906988766,True
23.094010767585033,4.0,34,21.094010767664564,25.094010767505498,-0.5006552951119133,-0.28643840168652346,0.05355422335634746,True
23.094010767585033,4.0,35,21.094010767664564,25.094010767505498,-0.5088276211033177,-0.2791849421978347,0.05741066972637075,True
23.094010767585033,4.0,36,21.094010767664564,25.094010767505498,-0.4860246159665813,-0.28555101144282674,0.05011840113093864,True
23.094010767585033,4.0,37,21.094010767664564,25.094010767505498,-0.51015917922283,-0.28928335381875475,0.055218956351018825,True
23.094010767585033,4.0,38,21.094010767664564,25.094010767505498,-0.4884120289290906,-0.277775746967275,0.0526590704904539,True
23.094010767585033,4.0,39,21.094010767664564,25.094010767505498,-0.5041810810473222,-0.2984060358147566,0.05144376130814139,True
23.094010767585033,4.0,40,21.094010767664564,25.094010767505498,-0.492767436510961,-0.2876820724517809,0.051271341014795024,True
24.248711305964285,4.2,1,22.248711306043816,26.24871130588475,-0.4248518219083544,-0.25154302583590776,0.04332719901811166,True
24.248711305964285,4.2,2,22.248711306043816,26.24871130588475,-0.44295931253574483,-0.25274402109050054,0.047553822861311074,True
24.248711305964285,4.2,3,22.248711306043816,26.24871130588475,-0.42200107674826404,-0.2556667430197698,0.04158358343212355,True
24.248711305964285,4.2,4,22.248711306043816,26.24871130588475,-0.4181451612655389,-0.2546342184055806,0.04087773571498958,True
24.248711305964285,4.2,5,22.248711306043816,26.24871130588475,-0.42955290363725424,-0.2546342184055806,0.04372967130791841,True
24.248711305964285,4.2,6,22.248711306043816,26.24871130588475,-0.4169305862174425,-0.24743624388325425,0.04237358558354706,True
24.248711305964285,4.2,7,22.248711306043816,26.24871130588475,-0.4307829160924542,-0.2426662178030737,0.04702917457234513,True
24.248711305964285,4.2,8,22.248711306043816,26.24871130588475,-0.4209849197662012,-0.23774970370357193,0.045808804015657324,True
24.248711305964285,4.2,9,22.248711306043816,26.24871130588475,-0.4185503476568198,-0.2426662178030737,0.043971032463436525,True
24.248711305964285,4.2,10,22.248711306043816,26.24871130588475,-0.4207818122200577,-0.25034347124086426,0.04260958524479837,True
24.248711305964285,4.2,11,22.248711306043816,26.24871130588475,-0.4353059501191856,-0.24113781468648854,0.048542033858174266,True
24.248711305964285,4.2,12,22.248711306043816,26.24871130588475,-0.42057874591821265,-0.24470772923005024,0.0439677541720406,True
24.248711305964285,4.2,13,22.248711306043816,26.24871130588475,-0.41774013898377704,-0.24368645254553922,0.043513421609559455,True
24.248711305964285,4.2,14,22.248711306043816,26.24871130588475,-0.4224078288384764,-0.24931642561823303,0.04327285080506084,True
24.248711305964285,4.2,15,22.248711306043816,26.24871130588475,-0.41490956693616415,-0.23859565587313145,0.04407847776575818,True
24.248711305964285,4.2,16,22.248711306043816,26.24871130588475,-0.43695577519953516,-0.2394423242837124,0.04937836272895569,True
24.248711305964285,4.2,17,22.248711306043816,26.24871130588475,-0.43180908344776636,-0.23859565587313145,0.04830335689365873,True
24.248711305964285,4.2,18,22.248711306043816,26.24871130588475,-0.4307829160924542,-0.23910357089293913,0.047919836299878775,True
24.248711305964285,4.2,19,22.248711306043816,26.24871130588475,-0.41895569829066365,-0.24028971014918027,0.044666497035370845,True
24.248711305964285,4.2,20,22.248711306043816,26.24871130588475,-0.41895569829066365,-0.23538483773656363,0.045892715138525005,True
24.248711305964285,4.2,21,22.248711306043816,26.24871130588475,-0.4289384642938065,-0.24726549343461948,0.045418242714796754,True
24.248711305964285,4.2,22,22.248711306043816,26.24871130588475,-0.4098748165968646,-0.2340359924806334,0.0439597060290578,True
24.248711305964285,4.2,23,22.248711306043816,26.24871130588475,-0.43881508778971845,-0.2289939649923853,0.052455280699333286,True
24.248711305964285,4.2,24,22.248711306043816,26.24871130588475,-0.4173352806786517,-0.2445374440018823,0.04319945916919236,True
24.248711305964285,4.2,25,22.248711306043816,26.24871130588475,-0.44941699563734716,-0.2348788075326307,0.05363454702617911,True
24.248711305964285,4.2,26,22.248711306043816,26.24871130588475,-0.41895569829066365,-0.2568727040583375,0.040520748558081535,True
24.248711305964285,4.2,27,22.248711306043816,26.24871130588475,-0.41511148515996976,-0.25429028031104656,0.0402053012122308,True
24.248711305964285,4.2,28,22.248711306043816,26.24871130588475,-0.41349727980542866,-0.23995066963059103,0.04338665254370941,True
24.248711305964285,4.2,29,22.248711306043816,26.24871130588475,-0.4336588424789463,-0.23927293324409338,0.048596477308713235,True
24.248711305964285,4.2,30,22.248711306043816,26.24871130588475,-0.43943562767931776,-0.24931642561823303,0.047529800515271184,True
24.248711305964285,4.2,31,22.248711306043816,26.24871130588475,-0.43922873826097353,-0.24811953738438688,0.04777730021914666,True
24.248711305964285,4.2,32,22.248711306043816,26.24871130588475,-0.42791523694575617,-0.24794867023318093,0.04499164167814381,True
24.248711305964285,4.2,33,22.248711306043816,26.24871130588475,-0.42607606201228876,-0.2477778322725707,0.04457455743492952,True
24.248711305964285,4.2,34,22.248711306043816,26.24871130588475,-0.4244440747059672,-0.24012017552132656,0.046080974796160155,True
24.248711305964285,4.2,35,22.248711306043816,26.24871130588475,-0.4448298316304411,-0.24283618465994586,0.05049841174262381,True
24.248711305964285,4.2,36,22.248711306043816,26.24871130588475,-0.40766753166336445,-0.23995066963059103,0.041929215508193354,True
24.248711305964285,4.2,37,22.248711306043816,26.24871130588475,-0.4222044321124625,-0.235216132548479,0.046747074890995874,True
24.248711305964285,4.2,38,22.248711306043816,26.24871130588475,-0.43242528969094746,-0.2441969605120421,0.04705708229472634,True
24.248711305964285,4.2,39,22.248711306043816,26.24871130588475,-0.4167283003868751,-0.24164702287876944,0.04377031937702641,True
24.248711305964285,4.2,40,22.248711306043816,26.24871130588475,-0.4268930555217849,-0.24028971014918027,0.04665083634315116,True
25.403411844343537,4.4,1,23.40341184442307,27.403411844264003,-0.3604917424654332,-0.20841915591582777,0.03801814663740136,True
25.403411844343537,4.4,2,23.40341184442307,27.403411844264003,-0.3505982066673242,-0.20464896867804544,0.036487309497319695,True
25.403411844343537,4.4,3,23.40341184442307,27.403411844264003,-0.36336393208952894,-0.20743425760902992,0.038982418620124755,True
25.403411844343537,4.4,4,23.40341184442307,27.403411844264003,-0.35135578246113247,-0.20645032837254937,0.036226363522145776,True
25.403411844343537,4.4,5,23.40341184442307,27.403411844264003,-0.36759145568008283,-0.2126982934526711,0.03872329055685293,True
25.403411844343537,4.4,6,23.40341184442307,27.403411844264003,-0.35991829315219404,-0.20154515176171386,0.03959328534762004,True
25.403411844343537,4.4,7,23.40341184442307,27.403411844264003,-0.3603005561537907,-0.2087476710304774,0.037888221280828326,True
25.403411844343537,4.4,8,23.40341184442307,27.403411844264003,-0.3637475147562958,-0.1969885938373585,0.04168973022973432,True
25.403411844343537,4.4,9,23.40341184442307,27.403411844264003,-0.36624439495488303,-0.20530363318587874,0.04023519044225107,True
25.403411844343537,4.4,10,23.40341184442307,27.403411844264003,-0.34606476482671683,-0.20464896867804544,0.03535394903716785,True
25.403411844343537,4.4,11,23.40341184442307,27.403411844264003,-0.35477199379264623,-0.20350433606186133,0.037816914432696226,True
25.403411844343537,4.4,12,23.40341184442307,27.403411844264003,-0.3631721959179129,-0.20661424936299916,0.03913948663872843,True
25.403411844343537,4.4,13,23.40341184442307,27.403411844264003,-0.36759145568008283,-0.2039947324754489,0.04089918080115849,True
25.403411844343537,4.4,14,23.40341184442307,27.403411844264003,-0.36393936127966614,-0.20546736630126702,0.03961799874459978,True
25.403411844343537,4.4,15,23.40341184442307,27.403411844264003,-0.3528726579889938,-0.2033409240180301,0.037382933492740925,True
25.403411844343537,4.4,16,23.40341184442307,27.403411844264003,-0.3576277786940042,-0.20841915591582777,0.037302155694544106,True
25.403411844343537,4.4,17,23.40341184442307,27.403411844264003,-0.3620225502653276,-0.20628643424778687,0.03893402900438518,True
25.403411844343537,4.4,18,23.40341184442307,27.403411844264003,-0.3580091669518691,-0.21616793757778455,0.03546030734352113,True
25.403411844343537,4.4,19,23.40341184442307,27.403411844264003,-0.3685547540880673,-0.20645032837254937,0.04052610642887949,True
25.403411844343537,4.4,20,23.40341184442307,27.403411844264003,-0.36393936127966614,-0.19504212120333497,0.04222431001908279,True
25.403411844343537,4.4,21,23.40341184442307,27.403411844264003,-0.35991829315219404,-0.21865364604135773,0.035316161777709076,True
25.403411844343537,4.4,22,23.40341184442307,27.403411844264003,-0.36585985351580497,-0.20645032837254937,0.0398523812858139,True
25.403411844343537,4.4,23,23.40341184442307,27.403411844264003,-0.3500304012200638,-0.19910155683397182,0.03773221109652299,True
25.403411844343537,4.4,24,23.40341184442307,27.403411844264003,-0.3608742247802893,-0.20743425760902992,0.038359991792814845,True
25.403411844343537,4.4,25,23.40341184442307,27.403411844264003,-0.3574371390975828,-0.20841915591582777,0.037254495795438755,True
25.403411844343537,4.4,26,23.40341184442307,27.403411844264003,-0.35458189779359456,-0.2118739590559789,0.03567698468440392,True
25.403411844343537,4.4,27,23.40341184442307,27.403411844264003,-0.35401182651924873,-0.21006281177567931,0.035987253685892354,True
25.403411844343537,4.4,28,23.40341184442307,27.403411844264003,-0.35953617621976464,-0.20154515176171386,0.03949775611451269,True
25.403411844343537,4.4,29,23.40341184442307,27.403411844264003,-0.3641312446151872,-0.20154515176171386,0.040646523213368334,True
25.403411844343537,4.4,30,23.40341184442307,27.403411844264003,-0.35268292266919493,-0.22031422430405004,0.03309217459128622,True
25.403411844343537,4.4,31,23.40341184442307,27.403411844264003,-0.3559133292789166,-0.20072995647730965,0.03879584320040174,True
25.403411844343537,4.4,32,23.40341184442307,27.403411844264003,-0.3647071156359966,-0.20415825140312904,0.04013721605821689,True
25.403411844343537,4.4,33,23.40341184442307,27.403411844264003,-0.3553424987049538,-0.20940502520369642,0.03648436837531435,True
25.403411844343537,4.4,34,23.40341184442307,27.403411844264003,-0.37454800547344286,-0.19715097103995619,0.04434925860837167,True
25.403411844343537,4.4,35,23.40341184442307,27.403411844264003,-0.34267812000939957,-0.21865364604135773,0.03100611849201046,True
25.403411844343537,4.4,36,23.40341184442307,27.403411844264003,-0.3559133292789166,-0.2118739590559789,0.03600984255573443,True
25.403411844343537,4.4,37,23.40341184442307,27.403411844264003,-0.3581999156410502,-0.20694217197620166,0.037814435916212134,True
25.403411844343537,4.4,38,23.40341184442307,27.403411844264003,-0.36932606149229114,-0.21039186738904656,0.039733548525811145,True
25.403411844343537,4.4,39,23.40341184442307,27.403411844264003,-0.36489914636150267,-0.2087476710304774,0.03903786883275632,True
25.403411844343537,4.4,40,23.40341184442307,27.403411844264003,-0.3604917424654332,-0.20415825140312904,0.03908337276557604,True
26.558112382722786,4.6,1,24.55811238280232,28.558112382643255,-0.3068875447471704,-0.1756240353462334,0.03281587735023425,True
26.558112382722786,4.6,2,24.55811238280232,28.558112382643255,-0.31306825884219686,-0.16960278438617998,0.03586636861400422,True
26.558112382722786,4.6,3,24.55811238280232,28.558112382643255,-0.3061629070343021,-0.17769228841029233,0.03211765465600244,True
26.558112382722786,4.6,4,24.55811238280232,28.558112382643255,-0.3180038323381698,-0.16976077474909645,0.03706076439726834,True
26.558112382722786,4.6,5,24.55811238280232,28.558112382643255,-0.3088830102619204,-0.1708674067488388,0.0345039008782704,True
26.558112382722786,4.6,6,24.55811238280232,28.558112382643255,-0.3061629070343021,-0.1832820178890791,0.03072022228630575,True
26.558112382722786,4.6,7,24.55811238280232,28.558112382643255,-0.31617300062940257,-0.18200160798303458,0.033542848161592,True
26.558112382722786,4.6,8,24.55811238280232,28.558112382643255,-0.3148934099237774,-0.18152187662339034,0.033342883325096766,True
26.558112382722786,4.6,9,24.55811238280232,28.558112382643255,-0.31325062412035337,-0.1775330400621574,0.033929396014548995,True
26.558112382722786,4.6,10,24.55811238280232,28.558112382643255,-0.30092492883424055,-0.178807737494158,0.03052929783502064,True
26.558112382722786,4.6,11,24.55811238280232,28.558112382643255,-0.3145281131160623,-0.17387731001129167,0.035162700776192664,True
26.558112382722786,4.6,12,24.55811238280232,28.558112382643255,-0.2984060358147566,-0.17546511599746828,0.030735229954322082,True
26.558112382722786,4.6,13,24.55811238280232,28.558112382643255,-0.3112464328691826,-0.1781701856714786,0.03326906179942599,True
26.558112382722786,4.6,14,24.55811238280232,28.558112382643255,-0.30308904149129784,-0.17308435144147286,0.032501172512456246,True
26.558112382722786,4.6,15,24.55811238280232,28.558112382643255,-0.3048960531864689,-0.17055110119503925,0.03358623799785741,True
26.558112382722786,4.6,16,24.55811238280232,28.558112382643255,-0.3027280306570521,-0.17276734398914292,0.0324901716669773,True
26.558112382722786,4.6,17,24.55811238280232,28.558112382643255,-0.3213078001014411,-0.1770554471214548,0.03606308824499658,True
26.558112382722786,4.6,18,24.55811238280232,28.558112382643255,-0.31507610838048367,-0.16755117789050467,0.03688123262249475,True
26.558112382722786,4.6,19,24.55811238280232,28.558112382643255,-0.3043536067397529,-0.17260887794016225,0.03293618219989767,True
26.558112382722786,4.6,20,24.55811238280232,28.558112382643255,-0.29285096373903,-0.17387731001129167,0.02974341343193459,True
26.558112382722786,4.6,21,24.55811238280232,28.558112382643255,-0.31361545447828537,-0.1729258351535924,0.035172404831173246,True
26.558112382722786,4.6,22,24.55811238280232,28.558112382643255,-0.30906461382184924,-0.18040339763805083,0.032165304045949604,True
26.558112382722786,4.6,23,24.55811238280232,28.558112382643255,-0.3018260733486784,-0.17165860862570137,0.032541866180744256,True
26.558112382722786,4.6,24,24.55811238280232,28.558112382643255,-0.30290851978307226,-0.16944481898027533,0.03336592520069923,True
26.558112382722786,4.6,25,24.55811238280232,28.558112382643255,-0.31471074483970024,-0.17498850942716263,0.034930558853134404,True
26.558112382722786,4.6,26,24.55811238280232,28.558112382643255,-0.3083383973774416,-0.17134205275094652,0.034249086156623774,True
26.558112382722786,4.6,27,24.55811238280232,28.558112382643255,-0.30308904149129784,-0.18168176150661525,0.030351819996170648,True
26.558112382722786,4.6,28,24.55811238280232,28.558112382643255,-0.31306825884219686,-0.16991879007691202,0.03578736719132121,True
26.558112382722786,4.6,29,24.55811238280232,28.558112382643255,-0.3067063360849005,-0.17467089786343185,0.033008859555367163,True
26.558112382722786,4.6,30,24.55811238280232,28.558112382643255,-0.3145281131160623,-0.18424340235665326,0.032571177689852265,True
26.558112382722786,4.6,31,24.55811238280232,28.558112382643255,-0.32536086386650304,-0.18312187696472376,0.03555974672544482,True
26.558112382722786,4.6,32,24.55811238280232,28.558112382643255,-0.3088830102619204,-0.17387731001129167,0.03375142506265718,True
26.558112382722786,4.6,33,24.55811238280232,28.558112382643255,-0.29661070319608235,-0.16802425209313016,0.03214661277573805,True
26.558112382722786,4.6,34,24.55811238280232,28.558112382643255,-0.3176373977426442,-0.17467089786343185,0.03574162496980309,True
26.558112382722786,4.6,35,24.55811238280232,28.558112382643255,-0.30960962246464296,-0.17324289286075062,0.034091682400973086,True
26.558112382722786,4.6,36,24.55811238280232,28.558112382643255,-0.305800784995219,-0.17134205275094652,0.03361468306106812,True
26.558112382722786,4.6,37,24.55811238280232,28.558112382643255,-0.3003846316576569,-0.1659758782578686,0.03360218834994707,True
26.558112382722786,4.6,38,24.55811238280232,28.558112382643255,-0.3101549283038396,-0.18088259259970033,0.03231808392603482,True
26.558112382722786,4.6,39,24.55811238280232,28.558112382643255,-0.3088830102619204,-0.16770884442610914,0.03529354145895281,True
26.558112382722786,4.6,40,24.55811238280232,28.558112382643255,-0.30290851978307226,-0.16629073972142697,0.034154445015411324,True
27.71281292110204,4.8,1,25.712812921181573,29.712812921022508,-0.2508573898817255,-0.15455075984859803,0.02407665750828187,True
27.71281292110204,4.8,2,25.712812921181573,29.712812921022508,-0.2568727040583375,-0.1539284822927368,0.025736055441400174,True
27.71281292110204,4.8,3,25.712812921181573,29.712812921022508,-0.2541183556136404,-0.15315117949417478,0.0252417940298664,True
27.71281292110204,4.8,4,25.712812921181573,29.712812921022508,-0.26657310924154576,-0.14973820689793482,0.029208725585902734,True
27.71281292110204,4.8,5,25.712812921181573,29.712812921022508,-0.2575624781846689,-0.14757236446713573,0.027497528429383286,True
27.71281292110204,4.8,6,25.712812921181573,29.712812921022508,-0.25291570964787996,-0.1457196543494062,0.02679901382461844,True
27.71281292110204,4.8,7,25.712812921181573,29.712812921022508,-0.2579075437505498,-0.15252977198621825,0.026344442941082888,True
27.71281292110204,4.8,8,25.712812921181573,29.712812921022508,-0.25480623182305123,-0.15501772226660926,0.024947127389110493,True
27.71281292110204,4.8,9,25.712812921181573,29.712812921022508,-0.26901298497266435,-0.1407958099654563,0.032054293751802014,True
27.71281292110204,4.8,10,25.712812921181573,29.712812921022508,-0.2632713424049892,-0.1474178407860742,0.028963375404728743,True
27.71281292110204,4.8,11,25.712812921181573,29.712812921022508,-0.26761804141603923,-0.1474178407860742,0.030050050157491258,True
27.71281292110204,4.8,12,25.712812921181573,29.712812921022508,-0.25205756147885205,-0.14880941426150635,0.025812036804336427,True
27.71281292110204,4.8,13,25.712812921181573,29.712812921022508,-0.2698858138663415,-0.1452570126571385,0.031157200302300743,True
27.71281292110204,4.8,14,25.712812921181573,29.712812921022508,-0.2670954388433926,-0.15641991927130164,0.02766887989302274,True
27.71281292110204,4.8,15,25.712812921181573,29.712812921022508,-0.2513715727707641,-0.14433237088991993,0.026759800470211044,True
27.71281292110204,4.8,16,25.712812921181573,29.712812921022508,-0.26171114446346816,-0.15798022540779652,0.02593272976391791,True
27.71281292110204,4.8,17,25.712812921181573,29.712812921022508,-0.2539464604692548,-0.1495833482061813,0.026090778065768372,True
27.71281292110204,4.8,18,25.712812921181573,29.712812921022508,-0.26657310924154576,-0.1486546993234705,0.029479602479518814,True
27.71281292110204,4.8,19,25.712812921181573,29.712812921022508,-0.258598032298612,-0.14110284097800033,0.02937379783015292,True
27.71281292110204,4.8,20,25.712812921181573,29.712812921022508,-0.2558389341523519,-0.14803607882740427,0.026950713831236914,True
27.71281292110204,4.8,21,25.712812921181573,29.712812921022508,-0.2613647641344075,-0.1420245000294177,0.029835066026247456,True
27.71281292110204,4.8,22,25.712812921181573,29.712812921022508,-0.25429028031104656,-0.1486546993234705,0.026408895246894014,True
27.71281292110204,4.8,23,25.712812921181573,29.712812921022508,-0.2582527284277777,-0.1523744804260025,0.0264695620004438,True
27.71281292110204,4.8,24,25.712812921181573,29.712812921022508,-0.26119161895173965,-0.14294700931993304,0.029561152407951652,True
27.71281292110204,4.8,25,25.712812921181573,29.712812921022508,-0.26848965308108674,-0.14433237088991993,0.031039320547791703,True
27.71281292110204,4.8,26,25.712812921181573,29.712812921022508,-0.2648339783684188,-0.1523744804260025,0.028114874485604083,True
27.71281292110204,4.8,27,25.712812921181573,29.712812921022508,-0.27373533743027,-0.14402434686161053,0.03242774764216487,True
27.71281292110204,4.8,28,25.712812921181573,29.712812921022508,-0.26292442132605426,-0.15268508766564828,0.027559833415101494,True
27.71281292110204,4.8,29,25.712812921181573,29.712812921022508,-0.2679665949225307,-0.14973820689793482,0.029557097006148975,True
27.71281292110204,4.8,30,25.712812921181573,29.712812921022508,-0.26552926781064756,-0.1452570126571385,0.030068063788377265,True
27.71281292110204,4.8,31,25.712812921181573,29.712812921022508,-0.26275100590898914,-0.14248564829675534,0.030066339403058452,True
27.71281292110204,4.8,32,25.712812921181573,29.712812921022508,-0.2670954388433926,-0.14803607882740427,0.02976484000399708,True
27.71281292110204,4.8,33,25.712812921181573,29.712812921022508,-0.265877093901111,-0.14417834701591503,0.030424686721298985,True
27.71281292110204,4.8,34,25.712812921181573,29.712812921022508,-0.258598032298612,-0.1474178407860742,0.02779504787813445,True
27.71281292110204,4.8,35,25.712812921181573,29.712812921022508,-0.2650077554129086,-0.16110816039475717,0.02597489875453786,True
27.71281292110204,4.8,36,25.712812921181573,29.712812921022508,-0.2698858138663415,-0.14248564829675534,0.031850041392396534,True
27.71281292110204,4.8,37,25.712812921181573,29.712812921022508,-0.2648339783684188,-0.13254140663192884,0.033073142934122494,True
27.71281292110204,4.8,38,25.712812921181573,29.712812921022508,-0.2601533769481104,-0.15548490284039498,0.026167118526928858,True
27.71281292110204,4.8,39,25.712812921181573,29.712812921022508,-0.25377459486773185,-0.14417834701591503,0.027399061962954205,True
27.71281292110204,4.8,40,25.712812921181573,29.712812921022508,-0.2506860543206108,-0.15066786299216017,0.02500454783211266,True
28.86751345948129,5.0,1,26.867513459560826,30.867513459401756,-0.21865364604135773,-0.12435458103942237,0.02357476625048384,True
28.86751345948129,5.0,2,26.867513459560826,30.867513459401756,-0.2263152424798448,-0.12722749448438325,0.024771936998865388,True
28.86751345948129,5.0,3,26.867513459560826,30.867513459401756,-0.22598090613437005,-0.12541206282087458,0.025142210828373868,True
28.86751345948129,5.0,4,26.867513459560826,30.867513459401756,-0.2146794729020804,-0.1190838813894315,0.023898897878162222,True
28.86751345948129,5.0,5,26.867513459560826,30.867513459401756,-0.23673550483367675,-0.13193267126082564,0.026200708393212778,True
28.86751345948129,5.0,6,26.867513459560826,30.867513459401756,-0.23504745581703415,-0.1258656118497394,0.027295460991823686,True
28.86751345948129,5.0,7,26.867513459560826,30.867513459401756,-0.22214405098112627,-0.1301086853470204,0.02300884140852647,True
28.86751345948129,5.0,8,26.867513459560826,30.867513459401756,-0.22331023187130877,-0.1232982163444936,0.025003003881703793,True
28.86751345948129,5.0,9,26.867513459560826,30.867513459401756,-0.2263152424798448,-0.12843961584491234,0.024468906658733115,True
28.86751345948129,5.0,10,26.867513459560826,30.867513459401756,-0.22715157271174863,-0.12254435275809387,0.02615180498841369,True
28.86751345948129,5.0,11,26.867513459560826,30.867513459401756,-0.22297689853488892,-0.12284582999884586,0.025032767134010765,True
28.86751345948129,5.0,12,26.867513459560826,30.867513459401756,-0.22364367635589208,-0.11773303690634176,0.02647765986238758,True
28.86751345948129,5.0,13,26.867513459560826,30.867513459401756,-0.2239772320627872,-0.1232982163444936,0.025169753929573397,True
28.86751345948129,5.0,14,26.867513459560826,30.867513459401756,-0.22214405098112627,-0.11998545921158349,0.025539647942385696,True
28.86751345948129,5.0,15,26.867513459560826,30.867513459401756,-0.22598090613437005,-0.1217910570539223,0.026047462270111937,True
28.86751345948129,5.0,16,26.867513459560826,30.867513459401756,-0.22481160841490683,-0.12435458103942237,0.025114256843871113,True
28.86751345948129,5.0,17,26.867513459560826,30.867513459401756,-0.21964966205995404,-0.12495871940547908,0.02367273566361874,True
28.86751345948129,5.0,18,26.867513459560826,30.867513459401756,-0.22048043389472602,-0.12510981104284438,0.02384265571297041,True
28.86751345948129,5.0,19,26.867513459560826,30.867513459401756,-0.22614806033450852,-0.12405264866997888,0.02552385291613241,True
28.86751345948129,5.0,20,26.867513459560826,30.867513459401756,-0.229497025286385,-0.13041245205652507,0.02477114330746498,True
28.86751345948129,5.0,21,26.867513459560826,30.867513459401756,-0.2231435513142097,-0.13162844247843647,0.02287877720894331,True
28.86751345948129,5.0,22,26.867513459560826,30.867513459401756,-0.22581377987008872,-0.11998545921158349,0.026457080164626307,True
28.86751345948129,5.0,23,26.867513459560826,30.867513459401756,-0.22614806033450852,-0.13238918804574562,0.023439718072190724,True
28.86751345948129,5.0,24,26.867513459560826,30.867513459401756,-0.23454159626657903,-0.12209230724448189,0.028112322255524284,True
28.86751345948129,5.0,25,26.867513459560826,30.867513459401756,-0.21915153004467228,-0.12043655312194691,0.02467874423068134,True
28.86751345948129,5.0,26,26.867513459560826,30.867513459401756,-0.22832361135575202,-0.12874287589272546,0.02489518386575664,True
28.86751345948129,5.0,27,26.867513459560826,30.867513459401756,-0.2183218610349963,-0.11953456869518983,0.024696823084951615,True
28.86751345948129,5.0,28,26.867513459560826,30.867513459401756,-0.22497856725993942,-0.12013580123998062,0.0262106915049897,True
28.86751345948129,5.0,29,26.867513459560826,30.867513459401756,-0.21137968439396776,-0.12919793847168187,0.020545436480571472,True
28.86751345948129,5.0,30,26.867513459560826,30.867513459401756,-0.22815609313775398,-0.12013580123998062,0.02700507297444334,True
28.86751345948129,5.0,31,26.867513459560826,30.867513459401756,-0.23050390572050217,-0.1242036034593062,0.02657507556529899,True
28.86751345948129,5.0,32,26.867513459560826,30.867513459401756,-0.22547961111175754,-0.12299660270927093,0.025620752100621653,True
28.86751345948129,5.0,33,26.867513459560826,30.867513459401756,-0.21915153004467228,-0.12677332749451609,0.023094550637539048,True
28.86751345948129,5.0,34,26.867513459560826,30.867513459401756,-0.22447777432734634,-0.12133935185916059,0.025784605617046437,True
28.86751345948129,5.0,35,26.867513459560826,30.867513459401756,-0.22247710677104926,-0.11893369741377942,0.02588585233931746,True
28.86751345948129,5.0,36,26.867513459560826,30.867513459401756,-0.23067181773500128,-0.12359992097794824,0.02676797418926326,True
28.86751345948129,5.0,37,26.867513459560826,30.867513459401756,-0.2131932204610416,-0.12194167080524247,0.022812887413949785,True
28.86751345948129,5.0,38,26.867513459560826,30.867513459401756,-0.2131932204610416,-0.12194167080524247,0.022812887413949785,True
28.86751345948129,5.0,39,26.867513459560826,30.867513459401756,-0.22614806033450852,-0.12798489814098016,0.02454079054838209,True
28.86751345948129,5.0,40,26.867513459560826,30.867513459401756,-0.22297689853488892,-0.12028616587450193,0.025672683165096747,True
