w,x,force,force_err,master_LOWO,master_bootstrap_log_sd,master_bootstrap_CI95_low,master_bootstrap_CI95_high,n_curves_in_master,supporting_w,residual,residual_err,log_residual,log_residual_err,source_row
0.1,1.1998583077812248,11.370077801954489,0.0847982262610348,9.88595431382019,0.026818028112276005,9.310362519645617,10.438803073570114,4,0.2;0.3;0.4;0.5,1.1501244534439685,0.032014569767908375,0.13987015690581472,0.02783574392496651,1
0.1,1.4998228847265311,5.743523880811472,0.0639253318666986,5.075816511566719,0.02340586592396831,4.861767073011944,5.328816430891084,4,0.2;0.3;0.4;0.5,1.1315467901022798,0.029326739693470164,0.12358553751422807,0.025917390204270155,2
0.1,1.7997874616718372,3.252752199870195,0.0656392514477183,3.1400299543376917,0.02223993086736088,2.9605414548532116,3.224495375835013,4,0.2;0.3;0.4;0.5,1.03589846185282,0.03110854900222409,0.035269129239442254,0.030030500235112795,3
0.1,2.0997520386171438,2.008785264411212,0.045277770622297,1.872367487471187,0.046241542647220864,1.7440710168937652,2.081544729177533,4,0.2;0.3;0.4;0.5,1.072858441439971,0.05519047310390808,0.07032652711677467,0.051442455940256614,4
0.1,2.3997166155624496,1.3967715440664117,0.0558181182775995,1.2660110820062098,0.03908570097919832,1.16524465078216,1.3533141096802308,4,0.2;0.3;0.4;0.5,1.103285400829975,0.06167229765201962,0.09829245642065387,0.055898770713022246,5
0.1,2.699681192507756,0.9877556969344377,0.038321173742702,0.941517047752685,0.04425802583250582,0.8759461972930024,1.041161500040857,4,0.2;0.3;0.4;0.5,1.0491107933649424,0.06174548209803777,0.047942941916031545,0.05885506324836662,6
0.2,1.117459215857206,12.977301450917926,0.1097232938319322,12.23487694674581,0.05066177601139948,11.583568795743302,14.289354793152906,4,0.1;0.3;0.4;0.5,1.0606809947826719,0.05447919084732656,0.05891114975084477,0.051362465355089225,11
0.2,1.3968240198215076,6.612017319076959,0.0829371409986797,6.26605513430898,0.041802161047306816,5.982480821487181,7.1151807401522085,4,0.1;0.3;0.4;0.5,1.0552121194838693,0.04605317817100869,0.05374180784010241,0.043643526567468206,12
0.2,1.6761888237858091,3.8477487143697418,0.0786143465704135,3.7602873617792185,0.02804711727668606,3.614826746267504,4.042203758407941,4,0.1;0.3;0.4;0.5,1.0232592204200956,0.03550690459225228,0.022992847266069205,0.034699813970574374,13
0.2,1.9555536277501109,2.549177330964144,0.0743427943291337,2.431153252241576,0.028951719474047545,2.2701419703784507,2.5339812230410956,4,0.1;0.3;0.4;0.5,1.0485465400479164,0.04308886666925887,0.047404957640289846,0.041093900006851196,14
0.2,2.234918431714412,1.756402130347005,0.0767497987199676,1.5182490318327537,0.05095032241928967,1.398018771842675,1.6950630896597902,4,0.1;0.3;0.4;0.5,1.1568603658036027,0.0776509103033086,0.14570975450103696,0.06712211136161544,15
0.2,2.5142832356787137,1.0904786653956662,0.0676508413948048,1.1454525444790258,0.038533955950716736,1.06943805328118,1.238664923695162,4,0.1;0.3;0.4;0.5,0.9520068471205302,0.06952614933458247,-0.0491830518631385,0.07303114420329375,16
0.2,2.7936480396430152,0.8650715182002524,0.0613822406800294,0.9042066877922474,0.04569513981725329,0.8450138605281227,1.0208100661294923,3,0.1;0.3;0.4,0.9567187788805795,0.08074409961701756,-0.04424578768269355,0.08439690053067964,17
0.3,1.0598897963903415,14.635964714531156,0.0959418278745533,14.707057346752576,0.05910226011244146,13.63918776358488,16.970258494616804,4,0.1;0.2;0.4;0.5,0.9951660872365388,0.059177230966940136,-0.004845633907677893,0.05946467803305926,22
0.3,1.3248622454879269,7.34546970053967,0.0972028557760135,7.534849832687761,0.04718393113718636,6.95380046661884,8.381954581767774,4,0.1;0.2;0.4;0.5,0.974866103989688,0.047772781689432844,-0.025455146656159222,0.049004454554241204,23
0.3,1.5898346945855124,4.346898752898259,0.0991063166658428,4.3629370670695575,0.03546017622400779,4.175683935626774,4.769533569997664,4,0.1;0.2;0.4;0.5,0.9963239638975423,0.04200226854033648,-0.0036828093273453266,0.042157240076838916,24
0.3,1.8548071436830975,2.938378752724352,0.0952766503571861,2.8996405155796694,0.02666379440561894,2.699215783177799,2.98662703210354,4,0.1;0.2;0.4;0.5,1.0133596688750015,0.04254098327595621,0.013271215433694916,0.041980142473189014,25
0.3,2.119779592780683,1.7318711264667934,0.0788248654916934,1.9183247029528205,0.04186053970556537,1.7304134529722837,2.0365646470930048,4,0.1;0.2;0.4;0.5,0.9028039537837236,0.05582697862726407,-0.10224985458033164,0.06183732181642398,26
0.3,2.3847520418782686,1.243746206034241,0.0844649245161659,1.3369318263640886,0.043196074760109615,1.2082992618116242,1.4284754896168579,4,0.1;0.2;0.4;0.5,0.9302988989473947,0.07487548383712858,-0.07224934775406816,0.08048540519810132,27
0.3,2.6497244909758537,0.9919272600159452,0.0720701113097257,1.0076291488068858,0.036207594731581944,0.9379213368991878,1.0790108419192914,4,0.1;0.2;0.4;0.5,0.984416996263424,0.079913675682161,-0.015705695007393612,0.08117868340905461,28
0.4,1.024605215067746,15.485443508823376,0.1281092873162949,17.141615052206443,0.08067538423516298,15.015574179083256,19.013982407035993,3,0.1;0.2;0.5,0.9033829928895828,0.07326295852416458,-0.1016086816089925,0.0810984478353128,34
0.4,1.2807565188346826,8.106043618744568,0.0982572256016687,8.374608011089778,0.04714896173692371,7.6530376169107734,9.285846583289647,4,0.1;0.2;0.3;0.5,0.9679311088961331,0.04712099807031344,-0.03259436273388783,0.04868218165242368,35
0.4,1.5369078226016193,4.651735629591374,0.1052662768397206,4.885008969811851,0.03575476211338154,4.604752926347804,5.304789530449629,4,0.1;0.2;0.3;0.5,0.9522471009445327,0.04029362000418078,-0.04893071805490723,0.04231424801841202,36
0.4,1.7930591263685558,2.984800143768868,0.0855618045498312,3.208075996785501,0.015234583480062687,3.1113176076162685,3.308395019829768,4,0.1;0.2;0.3;0.5,0.930401943956329,0.03020330255846157,-0.07213858840289933,0.03246263913640237,37
0.4,2.049210430135492,1.9567960627835717,0.1070043236860951,2.1493648306112396,0.03168431714062051,1.9879903982806524,2.2484900340557394,4,0.1;0.2;0.3;0.5,0.9104066628963566,0.05753722317272598,-0.09386389698971132,0.06319947504522623,38
0.4,2.3053617339024286,1.24787084114452,0.0833506987552829,1.4877173990897723,0.04208857238448466,1.3526801163737974,1.5822438489984434,4,0.1;0.2;0.3;0.5,0.8387821785965552,0.06622094015576337,-0.17580422648842906,0.07894891170263513,39
0.4,2.561513037669365,1.0975252831426414,0.0885308300525065,1.0804265937109734,0.03668236454866229,1.0140703904486759,1.167216580926384,4,0.1;0.2;0.3;0.5,1.01582586871815,0.09001549483779579,0.01570194541056856,0.08861311530822158,40
0.5,1.2502427632078283,8.158955698862947,0.1237420095207288,9.014780385645562,0.037394806281041804,8.686245774229475,9.99863474074849,4,0.1;0.2;0.3;0.4,0.9050642777559658,0.036522358280998854,-0.09974931265966358,0.0403533308944124,48
0.5,1.500291315849394,4.854204490249,0.124179181419705,5.241915676105394,0.033367609891826085,5.015194039184018,5.715909362899468,4,0.1;0.2;0.3;0.4,0.9260363558262247,0.038935669120333166,-0.076841783955226,0.04204550812218828,49
0.5,1.7503398684909597,3.3531404268281286,0.1120412943313545,3.416121117494625,0.02433958672399604,3.2218285769594,3.54447286123377,4,0.1;0.2;0.3;0.4,0.9815636833413312,0.04057670910550311,-0.018608383680888352,0.04133884514489813,50
0.5,2.0003884211325254,2.3306269154597024,0.1186574298541803,2.25810451108425,0.035173789682794,2.103784891940616,2.3949674057460726,4,0.1;0.2;0.3;0.4,1.03211649594581,0.06386834413455722,0.031611544356909604,0.061880945014864436,51
0.5,2.250436973774091,1.5047062347579545,0.1096887078273928,1.563690697208954,0.06172058091229912,1.3731379214032293,1.7100534089512591,4,0.1;0.2;0.3;0.4,0.9622786894132699,0.09191356427334132,-0.03845117233598272,0.09551657465196883,52
0.5,2.5004855264156567,1.1910580629078416,0.094333617599368,1.1268317989349883,0.03948813625648953,1.0680121043770314,1.2431745412887196,4,0.1;0.2;0.3;0.4,1.0569972058239356,0.09354392319588684,0.05543206338785696,0.08849968824938263,53
0.5,2.750534079057222,0.8515666246876653,0.1069677601355165,0.9259629911728171,0.0358149333243542,0.8702096319064561,1.0057322846155803,4,0.1;0.2;0.3;0.4,0.9196551404382567,0.12012439592330626,-0.0837565265616015,0.13061895773894291,54
