w,source_row,x,force,force_err,reason,supporting_w
0.1,8,3.299610346398368,0.5363103682589001,0.0379522115272529,outside_declared_x_range,
0.1,9,3.5995749233436745,0.3873055947349144,0.0331748254074998,outside_declared_x_range,
0.2,18,3.0730128436073167,0.7228922111785017,0.0565887343436519,outside_declared_x_range,
0.2,19,3.3523776475716183,0.5015533338114087,0.0584331406105616,outside_declared_x_range,
0.2,20,3.63174245153592,0.3824171036784639,0.0504947404889704,outside_declared_x_range,
0.3,21,0.7949173472927562,35.807416268376144,0.1750594819759519,outside_declared_x_range,
0.3,30,3.179669389171025,0.6722285294864198,0.0737461601774199,outside_declared_x_range,
0.3,31,3.44464183826861,0.48842545628503,0.0746152341449295,outside_declared_x_range,
0.3,32,3.709614287366196,0.2504650410962382,0.0748539795859145,outside_declared_x_range,
0.4,33,0.7684539113008096,37.96652629614551,0.1699385291632821,outside_declared_x_range,
0.4,42,3.0738156452032386,0.674957516222308,0.0872984605926033,outside_declared_x_range,
0.4,43,3.329966948970175,0.5640605002152956,0.0849385748171469,outside_declared_x_range,
0.4,44,3.586118252737112,0.385954232229064,0.0802170589405758,outside_declared_x_range,
0.4,45,3.842269556504048,0.3374764159708889,0.0817586253517747,outside_declared_x_range,
0.5,46,0.750145657924697,40.021291255777946,0.1852478555970184,outside_declared_x_range,
0.5,55,3.000582631698788,0.7327899125474047,0.0625008421153604,outside_declared_x_range,
0.5,56,3.250631184340353,0.5935928446194081,0.0868454589584358,outside_declared_x_range,
0.5,57,3.50067973698192,0.3545188185987634,0.0673354185175796,outside_declared_x_range,
0.5,58,3.750728289623485,0.4067586272810187,0.0810640295447755,outside_declared_x_range,
0.1,0,0.8998937308359186,,,LOWO_master_support_1_below_minimum_3,0.2
0.1,7,2.9996457694530623,,,LOWO_master_support_0_below_minimum_3,
0.2,10,0.8380944118929046,,,LOWO_master_support_0_below_minimum_3,
0.3,29,2.9146969400734397,,,LOWO_master_support_1_below_minimum_3,0.1
0.4,41,2.817664341436302,,,LOWO_master_support_2_below_minimum_3,0.1;0.3
0.5,47,1.000194210566263,,,LOWO_master_support_2_below_minimum_3,0.1;0.2
