audit_w,audit_L_center,boundary,blocks_used,L_minus,L_plus,lnZ_minus,lnZ_minus_sem,lnZ_plus,lnZ_plus_sem,delta_lnZ,delta_lnZ_sem,G_cube,G_cube_err,f_face_kBT,f_face_err_kBT,fRg,fRg_err
0.5,10,absorbing,8,8,12,292.0592256479782,0.13287247672023916,319.1336479697803,0.06912440228993329,27.074422321802103,0.14977742841199748,6.768605580450526,0.03744435710299937,2.2562018601501754,0.012481452367666457,18.046110135933066,0.09983223046732134
0.5,10,absorbing,16,8,12,292.079024983268,0.08691670406831897,319.03683401724334,0.060604616886913286,26.95780903397531,0.10595958207783415,6.739452258493827,0.026489895519458538,2.246484086164609,0.008829965173152847,17.968383039471952,0.0706260050687855
0.5,10,absorbing,24,8,12,292.1368869333756,0.08141104932810231,319.0017292406499,0.05316444415301215,26.86484230727433,0.09723279834912422,6.7162105768185825,0.024308199587281056,2.2387368589395273,0.008102733195760351,17.90641725608118,0.06480927891932482
0.5,10,absorbing,32,8,12,292.11385955512924,0.0789780480274048,319.006468544022,0.04413823565626738,26.89260898889279,0.09047494635017614,6.723152247223197,0.022618736587544035,2.241050749074399,0.0075395788625146785,17.924924782802908,0.060304919047640765
0.5,10,absorbing,40,8,12,292.1273694956428,0.0666603531656949,319.00817787422756,0.041732422835223784,26.88080837858473,0.07864602850667717,6.720202094646183,0.01966150712666929,2.240067364882061,0.006553835708889764,17.91705923683634,0.05242050505514758
0.5,10,fold-back reflecting,8,8,12,312.56567052786903,0.14493718141829942,326.74528730212114,0.043986246448514406,14.17961677425211,0.15146476961363156,3.5449041935630277,0.03786619240340789,1.1816347311876758,0.012622064134469297,9.451242318378869,0.10095690617783745
0.5,10,fold-back reflecting,16,8,12,312.6492692026779,0.09007517717263233,326.7412452635899,0.03163861521291596,14.091976060912032,0.09547009749273362,3.522994015228008,0.023867524373183405,1.174331338409336,0.007955841457727802,9.392826521117215,0.0636343731941706
0.5,10,fold-back reflecting,24,8,12,312.64832086969324,0.0638336926525026,326.75262417536766,0.02577681177714939,14.10430330567442,0.06884173402122257,3.526075826418605,0.017210433505305642,1.1753586088062018,0.005736811168435214,9.401043088547928,0.04588557788341769
0.5,10,fold-back reflecting,32,8,12,312.66150785325965,0.051032175510267966,326.747492951382,0.025180424255071113,14.085985098122364,0.05690638543235871,3.521496274530591,0.014226596358089677,1.173832091510197,0.004742198786029893,9.388833321445672,0.0379302238379891
0.5,10,fold-back reflecting,40,8,12,312.66004717164185,0.043641659159748894,326.7495764685397,0.023214248216381773,14.089529296897865,0.049431728014176064,3.5223823242244663,0.012357932003544016,1.1741274414081555,0.004119310667848005,9.391195661837875,0.03294808647625222
