L,L_over_Rg,block,trials_in_block,survivors,survival_fraction,logZ_block,exact_logZ,logZ_abs_error
8,1.3856406460551016,1,4000,34,0.008500000000000002,351.79244526089707,351.6742424424478,0.11820281844927649
8,1.3856406460551016,2,4000,32,0.007999999999999997,351.73182063908064,351.6742424424478,0.05757819663284636
8,1.3856406460551016,3,4000,33,0.008249999999999997,351.7625922977474,351.6742424424478,0.08834985529961159
8,1.3856406460551016,4,4000,25,0.006250000000000002,351.48496056114914,351.6742424424478,0.18928188129865475
8,1.3856406460551016,5,4000,25,0.006250000000000002,351.48496056114914,351.6742424424478,0.18928188129865475
8,1.3856406460551016,6,4000,35,0.008750000000000003,351.82143279777034,351.6742424424478,0.1471903553225502
8,1.3856406460551016,7,4000,20,0.005000000000000002,351.26181700983494,351.6742424424478,0.41242543261284936
8,1.3856406460551016,8,4000,35,0.008750000000000003,351.82143279777034,351.6742424424478,0.1471903553225502
8,1.3856406460551016,9,4000,27,0.006750000000000001,351.5619216022853,351.6742424424478,0.11232084016251065
8,1.3856406460551016,10,4000,29,0.007249999999999998,351.6333805662674,351.6742424424478,0.04086187618037229
8,1.3856406460551016,11,4000,35,0.008750000000000003,351.82143279777034,351.6742424424478,0.1471903553225502
8,1.3856406460551016,12,4000,36,0.009,351.84960367473707,351.6742424424478,0.17536123228927636
8,1.3856406460551016,13,4000,34,0.008500000000000002,351.79244526089707,351.6742424424478,0.11820281844927649
8,1.3856406460551016,14,4000,26,0.006499999999999998,351.5241812743024,351.6742424424478,0.15006116814538473
8,1.3856406460551016,15,4000,39,0.00975,351.92964638241057,351.6742424424478,0.25540393996277544
8,1.3856406460551016,16,4000,32,0.007999999999999997,351.73182063908064,351.6742424424478,0.05757819663284636
8,1.3856406460551016,17,4000,27,0.006750000000000001,351.5619216022853,351.6742424424478,0.11232084016251065
8,1.3856406460551016,18,4000,22,0.005500000000000001,351.35712718963924,351.6742424424478,0.3171152528085486
8,1.3856406460551016,19,4000,31,0.007750000000000001,351.70007194076607,351.6742424424478,0.025829498318273636
8,1.3856406460551016,20,4000,41,0.010250000000000002,351.97965680298523,351.6742424424478,0.30541436053744064
8,1.3856406460551016,21,4000,26,0.006499999999999998,351.5241812743024,351.6742424424478,0.15006116814538473
8,1.3856406460551016,22,4000,23,0.00575,351.40157895221006,351.6742424424478,0.27266349023773273
8,1.3856406460551016,23,4000,33,0.008249999999999997,351.7625922977474,351.6742424424478,0.08834985529961159
8,1.3856406460551016,24,4000,34,0.008500000000000002,351.79244526089707,351.6742424424478,0.11820281844927649
8,1.3856406460551016,25,4000,37,0.009249999999999996,351.87700264892516,351.6742424424478,0.2027602064773646
8,1.3856406460551016,26,4000,39,0.00975,351.92964638241057,351.6742424424478,0.25540393996277544
8,1.3856406460551016,27,4000,29,0.007249999999999998,351.6333805662674,351.6742424424478,0.04086187618037229
8,1.3856406460551016,28,4000,35,0.008750000000000003,351.82143279777034,351.6742424424478,0.1471903553225502
8,1.3856406460551016,29,4000,33,0.008249999999999997,351.7625922977474,351.6742424424478,0.08834985529961159
8,1.3856406460551016,30,4000,38,0.0095,351.9036708960073,351.6742424424478,0.22942845355953523
8,1.3856406460551016,31,4000,31,0.007750000000000001,351.70007194076607,351.6742424424478,0.025829498318273636
8,1.3856406460551016,32,4000,36,0.009,351.84960367473707,351.6742424424478,0.17536123228927636
8,1.3856406460551016,33,4000,36,0.009,351.84960367473707,351.6742424424478,0.17536123228927636
8,1.3856406460551016,34,4000,25,0.006250000000000002,351.48496056114914,351.6742424424478,0.18928188129865475
8,1.3856406460551016,35,4000,37,0.009249999999999996,351.87700264892516,351.6742424424478,0.2027602064773646
8,1.3856406460551016,36,4000,38,0.0095,351.9036708960073,351.6742424424478,0.22942845355953523
8,1.3856406460551016,37,4000,26,0.006499999999999998,351.5241812743024,351.6742424424478,0.15006116814538473
8,1.3856406460551016,38,4000,42,0.010499999999999997,352.0037543545643,351.6742424424478,0.32951191211651576
8,1.3856406460551016,39,4000,25,0.006250000000000002,351.48496056114914,351.6742424424478,0.18928188129865475
8,1.3856406460551016,40,4000,23,0.00575,351.40157895221006,351.6742424424478,0.27266349023773273
10,1.7320508075688772,1,4000,193,0.04825000000000001,353.5287749251858,353.52006727664485,0.00870764854096251
10,1.7320508075688772,2,4000,210,0.05249999999999999,353.6131922669984,353.52006727664485,0.09312499035354449
10,1.7320508075688772,3,4000,197,0.04925,353.54928846501895,353.52006727664485,0.02922118837409471
10,1.7320508075688772,4,4000,187,0.04674999999999999,353.4971933531355,353.52006727664485,0.022873923509337146
10,1.7320508075688772,5,4000,181,0.04525,353.46458176754675,353.52006727664485,0.05548550909810501
10,1.7320508075688772,6,4000,196,0.049,353.54419939551144,353.52006727664485,0.02413211886658928
10,1.7320508075688772,7,4000,183,0.04575,353.47557088912237,353.52006727664485,0.04449638752248575
10,1.7320508075688772,8,4000,209,0.05225,353.6084189882457,353.52006727664485,0.08835171160086475
10,1.7320508075688772,9,4000,186,0.0465,353.4918314099941,353.52006727664485,0.028235866650732078
10,1.7320508075688772,10,4000,167,0.041749999999999995,353.3840785486977,353.52006727664485,0.135988727947165
10,1.7320508075688772,11,4000,186,0.0465,353.4918314099941,353.52006727664485,0.028235866650732078
10,1.7320508075688772,12,4000,190,0.0475,353.5131088084414,353.52006727664485,0.006958468203436041
10,1.7320508075688772,13,4000,192,0.048,353.5235801083087,353.52006727664485,0.003512831663840643
10,1.7320508075688772,14,4000,215,0.053750000000000006,353.6367227644086,353.52006727664485,0.1166554877637509
10,1.7320508075688772,15,4000,209,0.05225,353.6084189882457,353.52006727664485,0.08835171160086475
10,1.7320508075688772,16,4000,165,0.04125000000000001,353.3720302101815,353.52006727664485,0.14803706646335968
10,1.7320508075688772,17,4000,197,0.04925,353.54928846501895,353.52006727664485,0.02922118837409471
10,1.7320508075688772,18,4000,181,0.04525,353.46458176754675,353.52006727664485,0.05548550909810501
10,1.7320508075688772,19,4000,179,0.04475,353.4534705421217,353.52006727664485,0.06659673452315928
10,1.7320508075688772,20,4000,197,0.04925,353.54928846501895,353.52006727664485,0.02922118837409471
10,1.7320508075688772,21,4000,205,0.05125,353.5890947154193,353.52006727664485,0.06902743877446937
10,1.7320508075688772,22,4000,183,0.04575,353.47557088912237,353.52006727664485,0.04449638752248575
10,1.7320508075688772,23,4000,190,0.0475,353.5131088084414,353.52006727664485,0.006958468203436041
10,1.7320508075688772,24,4000,189,0.04724999999999999,353.5078317513406,353.52006727664485,0.012235525304276962
10,1.7320508075688772,25,4000,205,0.05125,353.5890947154193,353.52006727664485,0.06902743877446937
10,1.7320508075688772,26,4000,199,0.049749999999999996,353.55938956100545,353.52006727664485,0.03932228436059404
10,1.7320508075688772,27,4000,196,0.049,353.54419939551144,353.52006727664485,0.02413211886658928
10,1.7320508075688772,28,4000,213,0.05325,353.6273769019904,353.52006727664485,0.10730962534552191
10,1.7320508075688772,29,4000,197,0.04925,353.54928846501895,353.52006727664485,0.02922118837409471
10,1.7320508075688772,30,4000,198,0.0495,353.55435176697546,353.52006727664485,0.03428449033060588
10,1.7320508075688772,31,4000,207,0.05174999999999999,353.59880352954633,353.52006727664485,0.07873625290147857
10,1.7320508075688772,32,4000,192,0.048,353.5235801083087,353.52006727664485,0.003512831663840643
10,1.7320508075688772,33,4000,202,0.050499999999999996,353.5743524336821,353.52006727664485,0.05428515703727044
10,1.7320508075688772,34,4000,185,0.046250000000000006,353.48644056135925,353.52006727664485,0.03362671528560668
10,1.7320508075688772,35,4000,191,0.04775,353.51835816432754,353.52006727664485,0.0017091123173145206
10,1.7320508075688772,36,4000,200,0.05000000000000001,353.564402102829,353.52006727664485,0.04433482618412654
10,1.7320508075688772,37,4000,194,0.04850000000000001,353.53394289534424,353.52006727664485,0.01387561869938736
10,1.7320508075688772,38,4000,206,0.05149999999999999,353.5939609050705,353.52006727664485,0.07389362842565106
10,1.7320508075688772,39,4000,182,0.04549999999999999,353.47009142335776,353.52006727664485,0.049975853287094196
10,1.7320508075688772,40,4000,188,0.04700000000000001,353.5025266991109,353.52006727664485,0.017540577533964097
12,2.0784609690826525,1,4000,555,0.13875,354.58505285002735,354.5227767262683,0.06227612375903391
12,2.0784609690826525,2,4000,557,0.13925,354.5886499762082,354.5227767262683,0.06587324993989796
12,2.0784609690826525,3,4000,546,0.1365,354.56870371202587,354.5227767262683,0.04592698575754639
12,2.0784609690826525,4,4000,512,0.128,354.5044093613204,354.5227767262683,0.01836736494789193
12,2.0784609690826525,5,4000,491,0.12274999999999998,354.46252886407547,354.5227767262683,0.06024786219285261
12,2.0784609690826525,6,4000,562,0.1405,354.5975865861746,354.5227767262683,0.07480985990628142
12,2.0784609690826525,7,4000,511,0.12775,354.50245432648467,354.5227767262683,0.02032239978365169
12,2.0784609690826525,8,4000,510,0.12750000000000003,354.5004954619993,354.5227767262683,0.022281264268997347
12,2.0784609690826525,9,4000,513,0.12824999999999998,354.5063605814517,354.5227767262683,0.016416144816616907
12,2.0784609690826525,10,4000,475,0.11875000000000001,354.42939954031556,354.5227767262683,0.09337718595276101
12,2.0784609690826525,11,4000,522,0.1305,354.5237523241636,354.5227767262683,0.000975597895262581
12,2.0784609690826525,12,4000,499,0.12475000000000003,354.47869083203244,354.5227767262683,0.044085894235877277
12,2.0784609690826525,13,4000,510,0.12750000000000003,354.5004954619993,354.5227767262683,0.022281264268997347
12,2.0784609690826525,14,4000,548,0.137,354.57236002322895,354.5227767262683,0.049583296960634016
12,2.0784609690826525,15,4000,540,0.135,354.55765387583926,354.5227767262683,0.034877149570945676
12,2.0784609690826525,16,4000,503,0.12575,354.4866749063807,354.5227767262683,0.03610181988761951
12,2.0784609690826525,17,4000,511,0.12775,354.50245432648467,354.5227767262683,0.02032239978365169
12,2.0784609690826525,18,4000,516,0.129,354.5121915017625,354.5227767262683,0.010585224505803126
12,2.0784609690826525,19,4000,513,0.12824999999999998,354.5063605814517,354.5227767262683,0.016416144816616907
12,2.0784609690826525,20,4000,498,0.12449999999999999,354.4766848133056,354.5227767262683,0.04609191296270865
12,2.0784609690826525,21,4000,509,0.12724999999999997,354.49853275283147,354.5227767262683,0.02424397343685314
12,2.0784609690826525,22,4000,528,0.132,354.5351810199872,354.5227767262683,0.012404293718873305
12,2.0784609690826525,23,4000,499,0.12475000000000003,354.47869083203244,354.5227767262683,0.044085894235877277
12,2.0784609690826525,24,4000,540,0.135,354.55765387583926,354.5227767262683,0.034877149570945676
12,2.0784609690826525,25,4000,532,0.13300000000000003,354.54272822562257,354.5227767262683,0.019951499354249336
12,2.0784609690826525,26,4000,526,0.13149999999999998,354.53138594901867,354.5227767262683,0.008609222750351364
12,2.0784609690826525,27,4000,546,0.1365,354.56870371202587,354.5227767262683,0.04592698575754639
12,2.0784609690826525,28,4000,546,0.1365,354.56870371202587,354.5227767262683,0.04592698575754639
12,2.0784609690826525,29,4000,507,0.12675,354.4945957398721,354.5227767262683,0.02818098639619393
12,2.0784609690826525,30,4000,537,0.13424999999999998,354.5520828307898,354.5227767262683,0.029306104521481302
12,2.0784609690826525,31,4000,518,0.12950000000000003,354.5160599785404,354.5227767262683,0.006716747727921302
12,2.0784609690826525,32,4000,514,0.1285,354.5083080017361,354.5227767262683,0.014468724532207489
12,2.0784609690826525,33,4000,532,0.13300000000000003,354.54272822562257,354.5227767262683,0.019951499354249336
12,2.0784609690826525,34,4000,510,0.12750000000000003,354.5004954619993,354.5227767262683,0.022281264268997347
12,2.0784609690826525,35,4000,544,0.136,354.56503398313686,354.5227767262683,0.04225725686853821
12,2.0784609690826525,36,4000,523,0.13075,354.5256662003459,354.5227767262683,0.0028894740775626815
12,2.0784609690826525,37,4000,504,0.12600000000000003,354.4886610043523,354.5227767262683,0.034115721916009534
12,2.0784609690826525,38,4000,536,0.134,354.5502188973517,354.5227767262683,0.02744217108340763
12,2.0784609690826525,39,4000,501,0.12524999999999997,354.4826908373658,354.5227767262683,0.0400858889025244
12,2.0784609690826525,40,4000,521,0.13025,354.5218347780343,354.5227767262683,0.0009419482340149443
14,2.424871130596428,1,4000,986,0.24649999999999997,355.1597410908836,355.1273859595645,0.03235513131909329
14,2.424871130596428,2,4000,1008,0.252,355.18180818491226,355.1273859595645,0.0544222253477642
14,2.424871130596428,3,4000,964,0.241,355.13717603089145,355.1273859595645,0.00979007132696097
14,2.424871130596428,4,4000,947,0.23675000000000002,355.11938382946704,355.1273859595645,0.00800213009745221
14,2.424871130596428,5,4000,930,0.23249999999999998,355.1012693224282,355.1273859595645,0.026116637136283316
14,2.424871130596428,6,4000,968,0.24199999999999997,355.14131682355753,355.1273859595645,0.013930863993039111
14,2.424871130596428,7,4000,950,0.2375,355.1225467208755,355.1273859595645,0.00483923868898728
14,2.424871130596428,8,4000,977,0.24425000000000002,355.1505713883237,355.1273859595645,0.023185428759234128
14,2.424871130596428,9,4000,979,0.24475,355.15261637881144,355.1273859595645,0.02523041924695235
14,2.424871130596428,10,4000,890,0.22250000000000003,355.05730619900714,355.1273859595645,0.07007976055734844
14,2.424871130596428,11,4000,943,0.23575,355.1151510189144,355.1273859595645,0.012234940650102999
14,2.424871130596428,12,4000,955,0.23875,355.1277960767617,355.1273859595645,0.0004101171971910844
14,2.424871130596428,13,4000,941,0.23525,355.1130278758663,355.1273859595645,0.014358083698198243
14,2.424871130596428,14,4000,978,0.2445,355.1515944063157,355.1273859595645,0.02420844675123135
14,2.424871130596428,15,4000,1001,0.25025,355.17483951559615,355.1273859595645,0.04745355603165535
14,2.424871130596428,16,4000,945,0.23625,355.11726966377466,355.1273859595645,0.0101162957898282
14,2.424871130596428,17,4000,958,0.23950000000000002,355.1309325142518,355.1273859595645,0.0035465546873183484
14,2.424871130596428,18,4000,968,0.24199999999999997,355.14131682355753,355.1273859595645,0.013930863993039111
14,2.424871130596428,19,4000,908,0.227,355.0773291148822,355.1273859595645,0.050056844682274004
14,2.424871130596428,20,4000,932,0.233,355.1034175509665,355.1273859595645,0.023968408597966118
14,2.424871130596428,21,4000,960,0.24,355.13301802074284,355.1273859595645,0.005632061178346248
14,2.424871130596428,22,4000,999,0.24975,355.1728395149295,355.1273859595645,0.04545355536498619
14,2.424871130596428,23,4000,923,0.23075,355.09371397078377,355.1273859595645,0.03367198878072486
14,2.424871130596428,24,4000,958,0.23950000000000002,355.1309325142518,355.1273859595645,0.0035465546873183484
14,2.424871130596428,25,4000,934,0.2335,355.1055611745098,355.1273859595645,0.02182478505471863
14,2.424871130596428,26,4000,954,0.23850000000000002,355.1267484077292,355.1273859595645,0.0006375518352683684
14,2.424871130596428,27,4000,990,0.24749999999999997,355.16378967940955,355.1273859595645,0.03640371984505464
14,2.424871130596428,28,4000,964,0.241,355.13717603089145,355.1273859595645,0.00979007132696097
14,2.424871130596428,29,4000,969,0.24225000000000002,355.1423493481717,355.1273859595645,0.014963388607213801
14,2.424871130596428,30,4000,953,0.23825,355.12569963993514,355.1273859595645,0.0016863196293570581
14,2.424871130596428,31,4000,941,0.23525,355.1130278758663,355.1273859595645,0.014358083698198243
14,2.424871130596428,32,4000,971,0.24275,355.14441120457224,355.1273859595645,0.01702524500774416
14,2.424871130596428,33,4000,959,0.23975,355.13197581116435,355.1273859595645,0.00458985159986014
14,2.424871130596428,34,4000,961,0.24024999999999996,355.13405914525123,355.1273859595645,0.00667318568673636
14,2.424871130596428,35,4000,953,0.23825,355.12569963993514,355.1273859595645,0.0016863196293570581
14,2.424871130596428,36,4000,983,0.24575,355.1566938564281,355.1273859595645,0.02930789686359958
14,2.424871130596428,37,4000,944,0.236,355.1162109024264,355.1273859595645,0.011175057138075317
14,2.424871130596428,38,4000,968,0.24199999999999997,355.14131682355753,355.1273859595645,0.013930863993039111
14,2.424871130596428,39,4000,944,0.236,355.1162109024264,355.1273859595645,0.011175057138075317
14,2.424871130596428,40,4000,979,0.24475,355.15261637881144,355.1273859595645,0.02523041924695235
16,2.7712812921102032,1,4000,1421,0.35525,355.525200864378,355.51979141094677,0.005409453431241218
16,2.7712812921102032,2,4000,1475,0.36875,355.56249800505486,355.51979141094677,0.04270659410809685
16,2.7712812921102032,3,4000,1435,0.35875,355.5350048644747,355.51979141094677,0.01521345352790604
16,2.7712812921102032,4,4000,1390,0.34750000000000003,355.50314376240567,355.51979141094677,0.01664764854109535
16,2.7712812921102032,5,4000,1386,0.3465,355.5002619160308,355.51979141094677,0.019529494915957457
16,2.7712812921102032,6,4000,1408,0.352,355.5160102729989,355.51979141094677,0.003781137947839852
16,2.7712812921102032,7,4000,1383,0.34575,355.4980950679457,355.51979141094677,0.02169634300105372
16,2.7712812921102032,8,4000,1455,0.36375,355.54884591588655,355.51979141094677,0.029054504939779235
16,2.7712812921102032,9,4000,1432,0.358,355.53291208380153,355.51979141094677,0.013120672854768145
16,2.7712812921102032,10,4000,1382,0.34550000000000003,355.49737174060857,355.51979141094677,0.02241967033819492
16,2.7712812921102032,11,4000,1408,0.352,355.5160102729989,355.51979141094677,0.003781137947839852
16,2.7712812921102032,12,4000,1390,0.34750000000000003,355.50314376240567,355.51979141094677,0.01664764854109535
16,2.7712812921102032,13,4000,1405,0.35125,355.5138773180488,355.51979141094677,0.0059140928979672935
16,2.7712812921102032,14,4000,1438,0.3595,355.5370932745619,355.51979141094677,0.01730186361515962
16,2.7712812921102032,15,4000,1430,0.3575,355.5315144595349,355.51979141094677,0.011723048588123675
16,2.7712812921102032,16,4000,1425,0.35625,355.52801182898367,355.51979141094677,0.008220418036898991
16,2.7712812921102032,17,4000,1401,0.35025000000000006,355.51102628261793,355.51979141094677,0.008765128328832361
16,2.7712812921102032,18,4000,1454,0.3635,355.5481583943744,355.51979141094677,0.02836698342764521
16,2.7712812921102032,19,4000,1386,0.3465,355.5002619160308,355.51979141094677,0.019529494915957457
16,2.7712812921102032,20,4000,1393,0.34825,355.50529971006074,355.51979141094677,0.014491700886026138
16,2.7712812921102032,21,4000,1422,0.3555,355.5259043466441,355.51979141094677,0.006112935697331068
16,2.7712812921102032,22,4000,1468,0.367,355.5577409454554,355.51979141094677,0.037949534508641136
16,2.7712812921102032,23,4000,1368,0.342,355.48718983446344,355.51979141094677,0.032601576483330064
16,2.7712812921102032,24,4000,1401,0.35025000000000006,355.51102628261793,355.51979141094677,0.008765128328832361
16,2.7712812921102032,25,4000,1442,0.3605,355.53987105412585,355.51979141094677,0.020079643179087725
16,2.7712812921102032,26,4000,1402,0.3505,355.51173980387546,355.51979141094677,0.008051607071308808
16,2.7712812921102032,27,4000,1463,0.3657500000000001,355.55432913730107,355.51979141094677,0.03453772635430141
16,2.7712812921102032,28,4000,1410,0.3525,355.51742971965314,355.51979141094677,0.0023616912936290646
16,2.7712812921102032,29,4000,1430,0.3575,355.5315144595349,355.51979141094677,0.011723048588123675
16,2.7712812921102032,30,4000,1384,0.346,355.4988178724586,355.51979141094677,0.02097353848819239
16,2.7712812921102032,31,4000,1387,0.34674999999999995,355.5009831565958,355.51979141094677,0.01880825435097222
16,2.7712812921102032,32,4000,1397,0.34925000000000006,355.5081670955379,355.51979141094677,0.011624315408880648
16,2.7712812921102032,33,4000,1423,0.35574999999999996,355.5266073343708,355.51979141094677,0.0068159234240283695
16,2.7712812921102032,34,4000,1430,0.3575,355.5315144595349,355.51979141094677,0.011723048588123675
16,2.7712812921102032,35,4000,1408,0.352,355.5160102729989,355.51979141094677,0.003781137947839852
16,2.7712812921102032,36,4000,1429,0.35725,355.5308149142108,355.51979141094677,0.011023503264027568
16,2.7712812921102032,37,4000,1392,0.348,355.5045815771753,355.51979141094677,0.015209833771450576
16,2.7712812921102032,38,4000,1427,0.35675000000000007,355.5294143537578,355.51979141094677,0.009622942811006396
16,2.7712812921102032,39,4000,1441,0.36025,355.5391773322805,355.51979141094677,0.019385921333707756
16,2.7712812921102032,40,4000,1435,0.35875,355.5350048644747,355.51979141094677,0.01521345352790604
18,3.117691453623979,1,4000,1866,0.4665,355.7976371176882,355.7887421581534,0.008894959534814006
18,3.117691453623979,2,4000,1916,0.479,355.82407969481176,355.7887421581534,0.03533753665834638
18,3.117691453623979,3,4000,1863,0.46575,355.79602810688255,355.7887421581534,0.0072859487291339065
18,3.117691453623979,4,4000,1829,0.45725,355.7776093846718,355.7887421581534,0.011132773481620006
18,3.117691453623979,5,4000,1803,0.45075,355.76329195948426,355.7887421581534,0.025450198669147994
18,3.117691453623979,6,4000,1872,0.468,355.80084739331846,355.7887421581534,0.012105235165051909
18,3.117691453623979,7,4000,1832,0.458,355.77924828151504,355.7887421581534,0.009493876638373422
18,3.117691453623979,8,4000,1858,0.4645,355.79334065565473,355.7887421581534,0.004598497501319798
18,3.117691453623979,9,4000,1886,0.4715,355.80829819947434,355.7887421581534,0.019556041320925033
18,3.117691453623979,10,4000,1854,0.4635,355.7911854824067,355.7887421581534,0.0024433242533064004
18,3.117691453623979,11,4000,1847,0.46175,355.7874027164802,355.7887421581534,0.0013394416732239733
18,3.117691453623979,12,4000,1858,0.4645,355.79334065565473,355.7887421581534,0.004598497501319798
18,3.117691453623979,13,4000,1823,0.45575,355.7743235109596,355.7887421581534,0.014418647193792822
18,3.117691453623979,14,4000,1906,0.4765,355.8188468204951,355.7887421581534,0.030104662341670974
18,3.117691453623979,15,4000,1893,0.47325,355.8120028874903,355.7887421581534,0.023260729336868735
18,3.117691453623979,16,4000,1881,0.47025,355.805643565582,355.7887421581534,0.01690140742857693
18,3.117691453623979,17,4000,1847,0.46175,355.7874027164802,355.7887421581534,0.0013394416732239733
18,3.117691453623979,18,4000,1850,0.4625,355.7890256543533,355.7887421581534,0.00028349619987011465
18,3.117691453623979,19,4000,1824,0.456,355.7748719069152,355.7887421581534,0.013870251238188303
18,3.117691453623979,20,4000,1824,0.456,355.7748719069152,355.7887421581534,0.013870251238188303
18,3.117691453623979,21,4000,1852,0.463,355.79010615148707,355.7887421581534,0.0013639933336548893
18,3.117691453623979,22,4000,1900,0.475,355.81569390143545,355.7887421581534,0.026951743282040752
18,3.117691453623979,23,4000,1802,0.4505,355.7627371744492,355.7887421581534,0.02600498370418336
18,3.117691453623979,24,4000,1847,0.46175,355.7874027164802,355.7887421581534,0.0013394416732239733
18,3.117691453623979,25,4000,1869,0.46725,355.7992435437365,355.7887421581534,0.010501385583097544
18,3.117691453623979,26,4000,1823,0.45575,355.7743235109596,355.7887421581534,0.014418647193792822
18,3.117691453623979,27,4000,1917,0.47925,355.8246014793266,355.7887421581534,0.03585932117317725
18,3.117691453623979,28,4000,1844,0.461,355.7857771403975,355.7887421581534,0.0029650177559119584
18,3.117691453623979,29,4000,1900,0.475,355.81569390143545,355.7887421581534,0.026951743282040752
18,3.117691453623979,30,4000,1868,0.467,355.7987083550697,355.7887421581534,0.0099661969163094
18,3.117691453623979,31,4000,1817,0.45425,355.7710268046771,355.7887421581534,0.01771535347631925
18,3.117691453623979,32,4000,1827,0.45675,355.7765152926589,355.7887421581534,0.012226865494483263
18,3.117691453623979,33,4000,1849,0.46225,355.78848496766807,355.7887421581534,0.00025719048534256217
18,3.117691453623979,34,4000,1848,0.462,355.78794398848254,355.7887421581534,0.0007981696708725394
18,3.117691453623979,35,4000,1871,0.46775,355.800313062555,355.7887421581534,0.011570904401594362
18,3.117691453623979,36,4000,1865,0.46625,355.79710106835887,355.7887421581534,0.00835891020545887
18,3.117691453623979,37,4000,1798,0.4495,355.7605149513125,355.7887421581534,0.02822720684093838
18,3.117691453623979,38,4000,1891,0.47275,355.81094580493937,355.7887421581534,0.02220364678595388
18,3.117691453623979,39,4000,1864,0.466,355.7965647315265,355.7887421581534,0.007822573373061914
18,3.117691453623979,40,4000,1902,0.4755,355.81674597938627,355.7887421581534,0.028003821232857717
20,3.4641016151377544,1,4000,2252,0.563,355.98565872554053,355.9808152133178,0.004843512222748814
20,3.4641016151377544,2,4000,2274,0.5685,355.9953804105914,355.9808152133178,0.01456519727361183
20,3.4641016151377544,3,4000,2214,0.5535,355.9686408495495,355.9808152133178,0.012174363768281182
20,3.4641016151377544,4,4000,2250,0.5625,355.9847702314794,355.9808152133178,0.0039550181616050395
20,3.4641016151377544,5,4000,2227,0.55675,355.9744954035383,355.9808152133178,0.006319809779483876
20,3.4641016151377544,6,4000,2273,0.56825,355.9949405601335,355.9808152133178,0.014125346815717421
20,3.4641016151377544,7,4000,2240,0.56,355.98031588113,355.9808152133178,0.0004993321877577728
20,3.4641016151377544,8,4000,2270,0.5675,355.99361984675636,355.9808152133178,0.012804633438577184
20,3.4641016151377544,9,4000,2267,0.56675,355.99229738678844,355.9808152133178,0.011482173470653834
20,3.4641016151377544,10,4000,2243,0.56075,355.98165427080113,355.9808152133178,0.0008390574833470055
20,3.4641016151377544,11,4000,2241,0.56025,355.9807622100819,355.9808152133178,5.300323590518019e-05
20,3.4641016151377544,12,4000,2278,0.5695,355.99713788028805,355.9808152133178,0.016322666970268074
20,3.4641016151377544,13,4000,2195,0.54875,355.9600220617902,355.9808152133178,0.02079315152758454
20,3.4641016151377544,14,4000,2311,0.57775,356.0115203465553,355.9808152133178,0.030705133237518112
20,3.4641016151377544,15,4000,2286,0.5715,356.0006435806357,355.9808152133178,0.019828367317927587
20,3.4641016151377544,16,4000,2290,0.5725,356.00239183282923,355.9808152133178,0.021576619511449735
20,3.4641016151377544,17,4000,2238,0.5595,355.9794226251528,355.9808152133178,0.0013925881650038718
20,3.4641016151377544,18,4000,2234,0.5585,355.9776337159101,355.9808152133178,0.003181497407695133
20,3.4641016151377544,19,4000,2236,0.559,355.9785285705559,355.9808152133178,0.002286642761873736
20,3.4641016151377544,20,4000,2240,0.56,355.98031588113,355.9808152133178,0.0004993321877577728
20,3.4641016151377544,21,4000,2240,0.56,355.98031588113,355.9808152133178,0.0004993321877577728
20,3.4641016151377544,22,4000,2301,0.57525,356.0071838263163,355.9808152133178,0.026368612998510343
20,3.4641016151377544,23,4000,2181,0.54525,355.95362350248257,355.9808152133178,0.027191710835211325
20,3.4641016151377544,24,4000,2214,0.5535,355.9686408495495,355.9808152133178,0.012174363768281182
20,3.4641016151377544,25,4000,2245,0.56125,355.9825455364573,355.9808152133178,0.0017303231394976137
20,3.4641016151377544,26,4000,2205,0.55125,355.9645675241619,355.9808152133178,0.016247689155875378
20,3.4641016151377544,27,4000,2278,0.5695,355.99713788028805,355.9808152133178,0.016322666970268074
20,3.4641016151377544,28,4000,2232,0.558,355.9767380597821,355.9808152133178,0.004077153535661182
20,3.4641016151377544,29,4000,2284,0.571,355.99976830705685,355.9808152133178,0.01895309373907139
20,3.4641016151377544,30,4000,2265,0.56625,355.99141477419806,355.9808152133178,0.010599560880280023
20,3.4641016151377544,31,4000,2207,0.55175,355.9654741425377,355.9808152133178,0.015341070780095833
20,3.4641016151377544,32,4000,2223,0.55575,355.97269765024515,355.9808152133178,0.008117563072630674
20,3.4641016151377544,33,4000,2261,0.56525,355.9896472085589,355.9808152133178,0.00883199524110978
20,3.4641016151377544,34,4000,2219,0.55475,355.9708966592135,355.9808152133178,0.009918554104274335
20,3.4641016151377544,35,4000,2273,0.56825,355.9949405601335,355.9808152133178,0.014125346815717421
20,3.4641016151377544,36,4000,2277,0.56925,355.99669880234467,355.9808152133178,0.015883589026884692
20,3.4641016151377544,37,4000,2188,0.547,355.9568278998228,355.9808152133178,0.023987313494956197
20,3.4641016151377544,38,4000,2276,0.569,355.99625953152713,355.9808152133178,0.01544431820934733
20,3.4641016151377544,39,4000,2245,0.56125,355.9825455364573,355.9808152133178,0.0017303231394976137
20,3.4641016151377544,40,4000,2264,0.566,355.990973175604,355.9808152133178,0.010157962286200473
22,3.8105117766515297,1,4000,2592,0.648,356.1262697937531,356.12220092598204,0.004068867771081841
22,3.8105117766515297,2,4000,2595,0.64875,356.12742653188093,356.12220092598204,0.005225605898885988
22,3.8105117766515297,3,4000,2572,0.643,356.11852382163846,356.12220092598204,0.003677104343580595
22,3.8105117766515297,4,4000,2615,0.65375,356.13510411277997,356.12220092598204,0.012903186797927901
22,3.8105117766515297,5,4000,2548,0.637,356.109148752973,356.12220092598204,0.0130521730090436
22,3.8105117766515297,6,4000,2635,0.65875,356.1427231972564,356.12220092598204,0.020522271274330706
22,3.8105117766515297,7,4000,2599,0.64975,356.12896677092243,356.12220092598204,0.006765844940389343
22,3.8105117766515297,8,4000,2591,0.64775,356.12588391684307,356.12220092598204,0.0036829908610229722
22,3.8105117766515297,9,4000,2592,0.648,356.1262697937531,356.12220092598204,0.004068867771081841
22,3.8105117766515297,10,4000,2546,0.6365,356.1083635153983,356.12220092598204,0.01383741058373289
22,3.8105117766515297,11,4000,2573,0.64325,356.11891254856266,356.12220092598204,0.003288377419380595
22,3.8105117766515297,12,4000,2607,0.65175,356.13204015021444,356.12220092598204,0.009839224232393917
22,3.8105117766515297,13,4000,2520,0.63,356.0980989167864,356.12220092598204,0.024102009195644314
22,3.8105117766515297,14,4000,2601,0.65025,356.1297360017296,356.12220092598204,0.007535075747568953
22,3.8105117766515297,15,4000,2621,0.65525,356.13739593960435,356.12220092598204,0.015195013622303577
22,3.8105117766515297,16,4000,2622,0.6555,356.1377774006046,356.12220092598204,0.01557647462254863
22,3.8105117766515297,17,4000,2581,0.64525,356.12201693599957,356.12220092598204,0.00018398998247448617
22,3.8105117766515297,18,4000,2576,0.644,356.1200778235052,356.12220092598204,0.0021231024768439966
22,3.8105117766515297,19,4000,2580,0.645,356.1216294141966,356.12220092598204,0.0005715117854379059
22,3.8105117766515297,20,4000,2583,0.64575,356.1227915293768,356.12220092598204,0.0005906033947553624
22,3.8105117766515297,21,4000,2584,0.646,356.12317860118344,356.12220092598204,0.0009776752013976875
22,3.8105117766515297,22,4000,2615,0.65375,356.13510411277997,356.12220092598204,0.012903186797927901
22,3.8105117766515297,23,4000,2563,0.64075,356.115018462645,356.12220092598204,0.007182463337016998
22,3.8105117766515297,24,4000,2579,0.64475,356.1212417421623,356.12220092598204,0.0009591838197593461
22,3.8105117766515297,25,4000,2562,0.6405,356.1146282187376,356.12220092598204,0.007572707244435151
22,3.8105117766515297,26,4000,2557,0.63925,356.11267471157214,356.12220092598204,0.009526214409902423
22,3.8105117766515297,27,4000,2604,0.651,356.1308887396094,356.12220092598204,0.008687813627375363
22,3.8105117766515297,28,4000,2585,0.64625,356.1235655232235,356.12220092598204,0.0013645972414337848
22,3.8105117766515297,29,4000,2623,0.65575,356.1381587161478,356.12220092598204,0.015957790165771257
22,3.8105117766515297,30,4000,2582,0.6455,356.12240430768753,356.12220092598204,0.0002033817054893916
22,3.8105117766515297,31,4000,2550,0.6375,356.1099333744334,356.12220092598204,0.012267551548632127
22,3.8105117766515297,32,4000,2543,0.63575,356.10718450170305,356.12220092598204,0.015016424278996965
22,3.8105117766515297,33,4000,2608,0.652,356.13242365932746,356.12220092598204,0.010222733345415236
22,3.8105117766515297,34,4000,2556,0.639,356.1122835517784,356.12220092598204,0.009917374203666895
22,3.8105117766515297,35,4000,2619,0.65475,356.13663258078867,356.12220092598204,0.014431654806628558
22,3.8105117766515297,36,4000,2640,0.66,356.1446189324213,356.12220092598204,0.022418006439238525
22,3.8105117766515297,37,4000,2538,0.6345,356.10521638455526,356.12220092598204,0.016984541426779742
22,3.8105117766515297,38,4000,2602,0.6505,356.1301203953534,356.12220092598204,0.0079194693713589
22,3.8105117766515297,39,4000,2561,0.64025,356.11423782248045,356.12220092598204,0.007963103501595015
22,3.8105117766515297,40,4000,2627,0.65675,356.13968252596646,356.12220092598204,0.017481599984421337
24,4.156921938165305,1,4000,2856,0.714,356.2232620597404,356.22846677977435,0.0052047200339302435
24,4.156921938165305,2,4000,2886,0.7215,356.23371147561477,356.22846677977435,0.005244695840417535
24,4.156921938165305,3,4000,2860,0.715,356.22466164009484,356.22846677977435,0.0038051396795140136
24,4.156921938165305,4,4000,2881,0.72025,356.23197747136544,356.22846677977435,0.0035106915910887437
24,4.156921938165305,5,4000,2846,0.7115,356.21975451493074,356.22846677977435,0.008712264843609319
24,4.156921938165305,6,4000,2909,0.72725,356.2416493947761,356.22846677977435,0.013182615001767317
24,4.156921938165305,7,4000,2876,0.719,356.2302404551219,356.22846677977435,0.0017736753475219302
24,4.156921938165305,8,4000,2849,0.71225,356.22080807077884,356.22846677977435,0.007658708995506913
24,4.156921938165305,9,4000,2894,0.7235,356.23647964347236,356.22846677977435,0.008012863698013462
24,4.156921938165305,10,4000,2849,0.71225,356.22080807077884,356.22846677977435,0.007658708995506913
24,4.156921938165305,11,4000,2880,0.72,356.23163030941095,356.22846677977435,0.0031635296365948307
24,4.156921938165305,12,4000,2906,0.7265,356.24061758041114,356.22846677977435,0.012150800636788972
24,4.156921938165305,13,4000,2807,0.70175,356.2059563126428,356.22846677977435,0.02251046713155347
24,4.156921938165305,14,4000,2874,0.7185,356.2295448029199,356.22846677977435,0.001078023145566931
24,4.156921938165305,15,4000,2910,0.7275,356.2419930964465,356.22846677977435,0.013526316672141547
24,4.156921938165305,16,4000,2897,0.72425,356.2375157340503,356.22846677977435,0.009048954275954202
24,4.156921938165305,17,4000,2872,0.718,356.22884866644904,356.22846677977435,0.0003818866746883032
24,4.156921938165305,18,4000,2872,0.718,356.22884866644904,356.22846677977435,0.0003818866746883032
24,4.156921938165305,19,4000,2870,0.7175,356.2281520450346,356.22846677977435,0.000314734739731648
24,4.156921938165305,20,4000,2855,0.71375,356.22291185837105,356.22846677977435,0.00555492140330216
24,4.156921938165305,21,4000,2894,0.7235,356.23647964347236,356.22846677977435,0.008012863698013462
24,4.156921938165305,22,4000,2891,0.72275,356.2354424782973,356.22846677977435,0.006975698522921903
24,4.156921938165305,23,4000,2862,0.7155,356.22536069639733,356.22846677977435,0.003106083377019786
24,4.156921938165305,24,4000,2853,0.71325,356.22221108749443,356.22846677977435,0.006255692279921732
24,4.156921938165305,25,4000,2840,0.71,356.2176440674362,356.22846677977435,0.010822712338153906
24,4.156921938165305,26,4000,2805,0.70125,356.2052435542377,356.22846677977435,0.023223225536639802
24,4.156921938165305,27,4000,2882,0.7205,356.2323245128404,356.22846677977435,0.003857733066070068
24,4.156921938165305,28,4000,2842,0.7105,356.21834804493795,356.22846677977435,0.01011873483639647
24,4.156921938165305,29,4000,2918,0.7295,356.24473846536364,356.22846677977435,0.016271685589288154
24,4.156921938165305,30,4000,2850,0.7125,356.2211590095436,356.22846677977435,0.007307770230738697
24,4.156921938165305,31,4000,2845,0.71125,356.2194030828414,356.22846677977435,0.009063696932969378
24,4.156921938165305,32,4000,2842,0.7105,356.21834804493795,356.22846677977435,0.01011873483639647
24,4.156921938165305,33,4000,2887,0.72175,356.2340579159439,356.22846677977435,0.005591136169527999
24,4.156921938165305,34,4000,2848,0.712,356.2204570088128,356.22846677977435,0.0080097709615643
24,4.156921938165305,35,4000,2913,0.72825,356.24302349324034,356.22846677977435,0.014556713465992743
24,4.156921938165305,36,4000,2891,0.72275,356.2354424782973,356.22846677977435,0.006975698522921903
24,4.156921938165305,37,4000,2818,0.7045,356.2098674287396,356.22846677977435,0.018599351034765732
24,4.156921938165305,38,4000,2904,0.726,356.23992911222564,356.22846677977435,0.011462332451287693
24,4.156921938165305,39,4000,2859,0.71475,356.22431192860324,356.22846677977435,0.004154851171108476
24,4.156921938165305,40,4000,2922,0.7305,356.24610832859156,356.22846677977435,0.017641548817209696
26,4.50333209967908,1,4000,3106,0.7765,356.3071757399896,356.30936666331985,0.00219092333026083
26,4.50333209967908,2,4000,3102,0.7755,356.30588708001744,356.30936666331985,0.0034795833024077183
26,4.50333209967908,3,4000,3082,0.7705,356.299418752161,356.30936666331985,0.009947911158860734
26,4.50333209967908,4,4000,3118,0.7795,356.31103178589865,356.30936666331985,0.0016651225787995827
26,4.50333209967908,5,4000,3089,0.77225,356.3016874291995,356.30936666331985,0.007679234120359979
26,4.50333209967908,6,4000,3143,0.78575,356.3190177730785,356.30936666331985,0.009651109758635812
26,4.50333209967908,7,4000,3105,0.77625,356.3068537306485,356.30936666331985,0.0025129326713226874
26,4.50333209967908,8,4000,3100,0.775,356.3052421267542,356.30936666331985,0.004124536565655035
26,4.50333209967908,9,4000,3160,0.79,356.32441204286187,356.30936666331985,0.015045379542016235
26,4.50333209967908,10,4000,3097,0.77425,356.30427391625415,356.30936666331985,0.005092747065702952
26,4.50333209967908,11,4000,3117,0.77925,356.3107110160483,356.30936666331985,0.0013443527284380252
26,4.50333209967908,12,4000,3125,0.78125,356.31327429845146,356.30936666331985,0.003907635131611187
26,4.50333209967908,13,4000,3023,0.75575,356.2800897310604,356.30936666331985,0.029276932259449495
26,4.50333209967908,14,4000,3088,0.772,356.3013636474256,356.30936666331985,0.008003015894246346
26,4.50333209967908,15,4000,3148,0.787,356.32060734581825,356.30936666331985,0.011240682498396382
26,4.50333209967908,16,4000,3111,0.77775,356.3087842331786,356.30936666331985,0.0005824301412644672
26,4.50333209967908,17,4000,3119,0.77975,356.31135245288874,356.30936666331985,0.001985789568891505
26,4.50333209967908,18,4000,3097,0.77425,356.30427391625415,356.30936666331985,0.005092747065702952
26,4.50333209967908,19,4000,3123,0.78075,356.312634093564,356.30936666331985,0.003267430244136449
26,4.50333209967908,20,4000,3087,0.77175,356.3010397607831,356.30936666331985,0.00832690253673718
26,4.50333209967908,21,4000,3135,0.78375,356.31646918934797,356.30936666331985,0.007102526028120337
26,4.50333209967908,22,4000,3140,0.785,356.3180628151832,356.30936666331985,0.00869615186337569
26,4.50333209967908,23,4000,3107,0.77675,356.307497645674,356.30936666331985,0.001869017645844906
26,4.50333209967908,24,4000,3088,0.772,356.3013636474256,356.30936666331985,0.008003015894246346
26,4.50333209967908,25,4000,3078,0.7695,356.29812005067976,356.30936666331985,0.01124661264009319
26,4.50333209967908,26,4000,3074,0.7685,356.29681966037947,356.30936666331985,0.012547002940380025
26,4.50333209967908,27,4000,3125,0.78125,356.31327429845146,356.30936666331985,0.003907635131611187
26,4.50333209967908,28,4000,3098,0.7745,356.30459675725774,356.30936666331985,0.0047699060621084755
26,4.50333209967908,29,4000,3147,0.78675,356.32028963334534,356.30936666331985,0.01092297002549003
26,4.50333209967908,30,4000,3090,0.7725,356.3020111061727,356.30936666331985,0.0073555571471501935
26,4.50333209967908,31,4000,3106,0.7765,356.3071757399896,356.30936666331985,0.00219092333026083
26,4.50333209967908,32,4000,3077,0.76925,356.29779511160297,356.30936666331985,0.011571551716883732
26,4.50333209967908,33,4000,3117,0.77925,356.3107110160483,356.30936666331985,0.0013443527284380252
26,4.50333209967908,34,4000,3081,0.77025,356.2990942348776,356.30936666331985,0.010272428442249293
26,4.50333209967908,35,4000,3141,0.78525,356.3183812358196,356.30936666331985,0.009014572499722817
26,4.50333209967908,36,4000,3109,0.77725,356.30814114633966,356.30936666331985,0.0012255169801846932
26,4.50333209967908,37,4000,3067,0.76675,356.2945399003952,356.30936666331985,0.014826762924656123
26,4.50333209967908,38,4000,3152,0.788,356.3218771872587,356.30936666331985,0.01251052393882901
26,4.50333209967908,39,4000,3111,0.77775,356.3087842331786,356.30936666331985,0.0005824301412644672
26,4.50333209967908,40,4000,3160,0.79,356.32441204286187,356.30936666331985,0.015045379542016235
28,4.849742261192856,1,4000,3308,0.827,356.37018379242454,356.3713495900621,0.0011657976375545331
28,4.849742261192856,2,4000,3298,0.8245,356.36715623940046,356.3713495900621,0.004193350661637396
28,4.849742261192856,3,4000,3279,0.81975,356.3613785131256,356.3713495900621,0.009971076936494683
28,4.849742261192856,4,4000,3334,0.8335,356.37801279959166,356.3713495900621,0.006663209529563119
28,4.849742261192856,5,4000,3282,0.8205,356.362293007931,356.3713495900621,0.009056582131108826
28,4.849742261192856,6,4000,3327,0.83175,356.3759110122994,356.3713495900621,0.004561422237316037
28,4.849742261192856,7,4000,3330,0.8325,356.3768123192554,356.3713495900621,0.0054627291933115885
28,4.849742261192856,8,4000,3308,0.827,356.37018379242454,356.3713495900621,0.0011657976375545331
28,4.849742261192856,9,4000,3342,0.8355,356.38040944543627,356.3713495900621,0.00905985537417564
28,4.849742261192856,10,4000,3308,0.827,356.37018379242454,356.3713495900621,0.0011657976375545331
28,4.849742261192856,11,4000,3328,0.832,356.37621153822204,356.3713495900621,0.004861948159941676
28,4.849742261192856,12,4000,3336,0.834,356.3786124997596,356.3713495900621,0.007262909697487885
28,4.849742261192856,13,4000,3269,0.81725,356.3583241430051,356.3713495900621,0.013025447056975281
28,4.849742261192856,14,4000,3280,0.82,356.3616834376591,356.3713495900621,0.009666152402985517
28,4.849742261192856,15,4000,3325,0.83125,356.3753096893709,356.3713495900621,0.003960099308812914
28,4.849742261192856,16,4000,3297,0.82425,356.36685297935264,356.3713495900621,0.004496610709452398
28,4.849742261192856,17,4000,3321,0.83025,356.37410595765766,356.3713495900621,0.0027563675955661893
28,4.849742261192856,18,4000,3306,0.8265,356.3695790146619,356.3713495900621,0.001770575400200869
28,4.849742261192856,19,4000,3320,0.83,356.3738047981915,356.3713495900621,0.002455208129390485
28,4.849742261192856,20,4000,3283,0.82075,356.36259765378253,356.3713495900621,0.008751936279566053
28,4.849742261192856,21,4000,3332,0.833,356.37741273956766,356.3713495900621,0.006063149505564525
28,4.849742261192856,22,4000,3321,0.83025,356.37410595765766,356.3713495900621,0.0027563675955661893
28,4.849742261192856,23,4000,3315,0.82875,356.3722976389009,356.3713495900621,0.0009480488387794139
28,4.849742261192856,24,4000,3295,0.82375,356.3662461832175,356.3713495900621,0.005103406844568781
28,4.849742261192856,25,4000,3281,0.82025,356.36198826924203,356.3713495900621,0.009361320820062247
28,4.849742261192856,26,4000,3270,0.8175,356.35863000017224,356.3713495900621,0.012719589889854888
28,4.849742261192856,27,4000,3310,0.8275,356.37078820465206,356.3713495900621,0.0005613854100374738
28,4.849742261192856,28,4000,3290,0.8225,356.3647275800403,356.3713495900621,0.006622010021771985
28,4.849742261192856,29,4000,3341,0.83525,356.38011017863766,356.3713495900621,0.008760588575569273
28,4.849742261192856,30,4000,3285,0.82125,356.3632066671996,356.3713495900621,0.008142922862475643
28,4.849742261192856,31,4000,3305,0.82625,356.3692764885667,356.3713495900621,0.0020731014953980775
28,4.849742261192856,32,4000,3294,0.8235,356.3659426470185,356.3713495900621,0.00540694304356748
28,4.849742261192856,33,4000,3308,0.827,356.37018379242454,356.3713495900621,0.0011657976375545331
28,4.849742261192856,34,4000,3277,0.81925,356.36076838497974,356.3713495900621,0.010581205082360157
28,4.849742261192856,35,4000,3331,0.83275,356.3771125744746,356.3713495900621,0.005762984412513106
28,4.849742261192856,36,4000,3298,0.8245,356.36715623940046,356.3713495900621,0.004193350661637396
28,4.849742261192856,37,4000,3272,0.818,356.3592414340036,356.3713495900621,0.012108156058502573
28,4.849742261192856,38,4000,3324,0.831,356.3750088922563,356.3713495900621,0.0036593021941939696
28,4.849742261192856,39,4000,3326,0.8315,356.37561039603384,356.3713495900621,0.004260805971739501
28,4.849742261192856,40,4000,3333,0.83325,356.3777128145887,356.3713495900621,0.00636322452658078
30,5.196152422706631,1,4000,3476,0.869,356.4197222226662,356.4189071695314,0.0008150531348292134
30,5.196152422706631,2,4000,3472,0.868,356.41857081206115,356.4189071695314,0.0003363574702461847
30,5.196152422706631,3,4000,3466,0.8665,356.4168412065565,356.4189071695314,0.0020659629748820407
30,5.196152422706631,4,4000,3500,0.875,356.4266029837584,356.4189071695314,0.007695814227020037
30,5.196152422706631,5,4000,3449,0.86225,356.41192434921777,356.4189071695314,0.006982820313623961
30,5.196152422706631,6,4000,3478,0.8695,356.42029743119514,356.4189071695314,0.001390261663743786
30,5.196152422706631,7,4000,3493,0.87325,356.4246009810878,356.4189071695314,0.005693811556398032
30,5.196152422706631,8,4000,3469,0.86725,356.4177063832507,356.4189071695314,0.0012007862807195124
30,5.196152422706631,9,4000,3500,0.875,356.4266029837584,356.4189071695314,0.007695814227020037
30,5.196152422706631,10,4000,3454,0.8635,356.4133729949876,356.4189071695314,0.005534174543811332
30,5.196152422706631,11,4000,3477,0.86925,356.4200098682888,356.4189071695314,0.0011026987573927727
30,5.196152422706631,12,4000,3493,0.87325,356.4246009810878,356.4189071695314,0.005693811556398032
30,5.196152422706631,13,4000,3436,0.859,356.40814801938507,356.4189071695314,0.010759150146327556
30,5.196152422706631,14,4000,3442,0.8605,356.40989271305244,356.4189071695314,0.00901445647895116
30,5.196152422706631,15,4000,3493,0.87325,356.4246009810878,356.4189071695314,0.005693811556398032
30,5.196152422706631,16,4000,3447,0.86175,356.4113443027978,356.4189071695314,0.007562866733621831
30,5.196152422706631,17,4000,3467,0.86675,356.41712968196595,356.4189071695314,0.0017774875654481548
30,5.196152422706631,18,4000,3476,0.869,356.4197222226662,356.4189071695314,0.0008150531348292134
30,5.196152422706631,19,4000,3499,0.87475,356.4263172286486,356.4189071695314,0.007410059117205492
30,5.196152422706631,20,4000,3452,0.863,356.41279378848424,356.4189071695314,0.006113381047157418
30,5.196152422706631,21,4000,3469,0.86725,356.4177063832507,356.4189071695314,0.0012007862807195124
30,5.196152422706631,22,4000,3485,0.87125,356.42230805947554,356.4189071695314,0.0034008899441460017
30,5.196152422706631,23,4000,3474,0.8685,356.419146683082,356.4189071695314,0.00023951355058215995
30,5.196152422706631,24,4000,3456,0.864,356.41395186620485,356.4189071695314,0.004955303326539706
30,5.196152422706631,25,4000,3467,0.86675,356.41712968196595,356.4189071695314,0.0017774875654481548
30,5.196152422706631,26,4000,3452,0.863,356.41279378848424,356.4189071695314,0.006113381047157418
30,5.196152422706631,27,4000,3472,0.868,356.41857081206115,356.4189071695314,0.0003363574702461847
30,5.196152422706631,28,4000,3459,0.86475,356.4148195452181,356.4189071695314,0.004087624313285687
30,5.196152422706631,29,4000,3506,0.8765,356.4283158017621,356.4189071695314,0.009408632230702096
30,5.196152422706631,30,4000,3471,0.86775,356.4182827521427,356.4189071695314,0.0006244173886784665
30,5.196152422706631,31,4000,3461,0.86525,356.41539757991626,356.4189071695314,0.0035095896151347006
30,5.196152422706631,32,4000,3445,0.86125,356.4107639197287,356.4189071695314,0.00814324980268566
30,5.196152422706631,33,4000,3466,0.8665,356.4168412065565,356.4189071695314,0.0020659629748820407
30,5.196152422706631,34,4000,3429,0.85725,356.40610868874387,356.4189071695314,0.012798480787523658
30,5.196152422706631,35,4000,3463,0.86575,356.41597528068337,356.4189071695314,0.002931888848024755
30,5.196152422706631,36,4000,3464,0.866,356.4162640059633,356.4189071695314,0.0026431635681092303
30,5.196152422706631,37,4000,3429,0.85725,356.40610868874387,356.4189071695314,0.012798480787523658
30,5.196152422706631,38,4000,3485,0.87125,356.42230805947554,356.4189071695314,0.0034008899441460017
30,5.196152422706631,39,4000,3479,0.86975,356.42058491143285,356.4189071695314,0.0016777419014601946
30,5.196152422706631,40,4000,3503,0.87575,356.42745975947844,356.4189071695314,0.008552589947043998
32,5.5425625842204065,1,4000,3604,0.901,356.4558843550092,356.4553129610739,0.0005713939352745001
32,5.5425625842204065,2,4000,3620,0.905,356.46031404110073,356.4553129610739,0.005001080026829641
32,5.5425625842204065,3,4000,3605,0.90125,356.456161786,356.4553129610739,0.0008488249260949488
32,5.5425625842204065,4,4000,3617,0.90425,356.459484968233,356.4553129610739,0.0041720071591271335
32,5.5425625842204065,5,4000,3577,0.89425,356.44836447553996,356.4553129610739,0.0069484855339396745
32,5.5425625842204065,6,4000,3616,0.904,356.459208457793,356.4553129610739,0.0038954967191102696
32,5.5425625842204065,7,4000,3611,0.90275,356.4578247575584,356.4553129610739,0.0025117964844980634
32,5.5425625842204065,8,4000,3606,0.9015,356.4564391400442,356.4553129610739,0.0011261789703098657
32,5.5425625842204065,9,4000,3600,0.9,356.45477386072514,356.4553129610739,0.0005391003487602575
32,5.5425625842204065,10,4000,3601,0.90025,356.4550515999298,356.4553129610739,0.0002613611441120156
32,5.5425625842204065,11,4000,3609,0.90225,356.4572707409237,356.4553129610739,0.001957779849817598
32,5.5425625842204065,12,4000,3620,0.905,356.46031404110073,356.4553129610739,0.005001080026829641
32,5.5425625842204065,13,4000,3586,0.8965,356.450877390446,356.4553129610739,0.004435570627890684
32,5.5425625842204065,14,4000,3597,0.89925,356.45394017997654,356.4553129610739,0.0013727810973591659
32,5.5425625842204065,15,4000,3601,0.90025,356.4550515999298,356.4553129610739,0.0002613611441120156
32,5.5425625842204065,16,4000,3578,0.8945,356.4486440003496,356.4553129610739,0.006668960724312001
32,5.5425625842204065,17,4000,3585,0.89625,356.45059848931464,356.4553129610739,0.0047144717592573215
32,5.5425625842204065,18,4000,3600,0.9,356.45477386072514,356.4553129610739,0.0005391003487602575
32,5.5425625842204065,19,4000,3628,0.907,356.46252154751596,356.4553129610739,0.00720858644206146
32,5.5425625842204065,20,4000,3584,0.896,356.4503195103758,356.4553129610739,0.00499345069812307
32,5.5425625842204065,21,4000,3602,0.9005,356.45532926201685,356.4553129610739,1.6300942945690622e-05
32,5.5425625842204065,22,4000,3610,0.9025,356.45754778760784,356.4553129610739,0.0022348265339360296
32,5.5425625842204065,23,4000,3602,0.9005,356.45532926201685,356.4553129610739,1.6300942945690622e-05
32,5.5425625842204065,24,4000,3582,0.8955,356.4497613189016,356.4553129610739,0.005551642172292759
32,5.5425625842204065,25,4000,3608,0.902,356.45699361746347,356.4553129610739,0.0016806563895670479
32,5.5425625842204065,26,4000,3586,0.8965,356.450877390446,356.4553129610739,0.004435570627890684
32,5.5425625842204065,27,4000,3585,0.89625,356.45059848931464,356.4553129610739,0.0047144717592573215
32,5.5425625842204065,28,4000,3591,0.89775,356.452270730507,356.4553129610739,0.003042230566904891
32,5.5425625842204065,29,4000,3622,0.9055,356.4608663747243,356.4553129610739,0.005553413650375205
32,5.5425625842204065,30,4000,3606,0.9015,356.4564391400442,356.4553129610739,0.0011261789703098657
32,5.5425625842204065,31,4000,3594,0.8985,356.45310580362445,356.4553129610739,0.00220715744944755
32,5.5425625842204065,32,4000,3572,0.893,356.4469656782773,356.4553129610739,0.008347282796592026
32,5.5425625842204065,33,4000,3588,0.897,356.4514349594596,356.4553129610739,0.0038780016142823115
32,5.5425625842204065,34,4000,3572,0.893,356.4469656782773,356.4553129610739,0.008347282796592026
32,5.5425625842204065,35,4000,3602,0.9005,356.45532926201685,356.4553129610739,1.6300942945690622e-05
32,5.5425625842204065,36,4000,3588,0.897,356.4514349594596,356.4553129610739,0.0038780016142823115
32,5.5425625842204065,37,4000,3561,0.89025,356.4438814195587,356.4553129610739,0.011431541515207755
32,5.5425625842204065,38,4000,3598,0.8995,356.4542181507914,356.4553129610739,0.001094810282495473
32,5.5425625842204065,39,4000,3596,0.899,356.4536621318724,356.4553129610739,0.0016508292014805193
32,5.5425625842204065,40,4000,3623,0.90575,356.461142427176,356.4553129610739,0.005829466102113656
34,5.888972745734182,1,4000,3703,0.92575,356.48298331719457,356.4830394377783,5.6120583735719265e-05
34,5.888972745734182,2,4000,3714,0.9285,356.48594947819356,356.4830394377783,0.0029100404152586634
34,5.888972745734182,3,4000,3695,0.92375,356.48082056966325,356.4830394377783,0.0022188681150510092
34,5.888972745734182,4,4000,3706,0.9265,356.48379314312626,356.4830394377783,0.0007537053479609312
34,5.888972745734182,5,4000,3685,0.92125,356.47811054090437,356.4830394377783,0.004928896873934718
34,5.888972745734182,6,4000,3715,0.92875,356.4862186934328,356.4830394377783,0.0031792556545156003
34,5.888972745734182,7,4000,3692,0.923,356.48000833190366,356.4830394377783,0.003031105874640616
34,5.888972745734182,8,4000,3712,0.928,356.48541083018705,356.4830394377783,0.002371392408747397
34,5.888972745734182,9,4000,3714,0.9285,356.48594947819356,356.4830394377783,0.0029100404152586634
34,5.888972745734182,10,4000,3708,0.927,356.48433266296666,356.4830394377783,0.0012932251883626122
34,5.888972745734182,11,4000,3718,0.9295,356.4870259045623,356.4830394377783,0.003986466783999276
34,5.888972745734182,12,4000,3703,0.92575,356.48298331719457,356.4830394377783,5.6120583735719265e-05
34,5.888972745734182,13,4000,3684,0.921,356.4778391336561,356.4830394377783,0.005200304122183752
34,5.888972745734182,14,4000,3697,0.92425,356.4813616952176,356.4830394377783,0.0016777425607301666
34,5.888972745734182,15,4000,3708,0.927,356.48433266296666,356.4830394377783,0.0012932251883626122
34,5.888972745734182,16,4000,3688,0.922,356.47892432095745,356.4830394377783,0.0041151168208557465
34,5.888972745734182,17,4000,3677,0.91925,356.4759372175822,356.4830394377783,0.007102220196088638
34,5.888972745734182,18,4000,3691,0.92275,356.47973743931095,356.4830394377783,0.0033019984673501312
34,5.888972745734182,19,4000,3717,0.92925,356.4867569065782,356.4830394377783,0.0037174687998913214
34,5.888972745734182,20,4000,3692,0.923,356.48000833190366,356.4830394377783,0.003031105874640616
34,5.888972745734182,21,4000,3696,0.924,356.4810911690425,356.4830394377783,0.0019482687358163275
34,5.888972745734182,22,4000,3716,0.929,356.4864878362147,356.4830394377783,0.00344839843637601
34,5.888972745734182,23,4000,3698,0.9245,356.481632148228,356.4830394377783,0.0014072895502863503
34,5.888972745734182,24,4000,3691,0.92275,356.47973743931095,356.4830394377783,0.0033019984673501312
34,5.888972745734182,25,4000,3697,0.92425,356.4813616952176,356.4830394377783,0.0016777425607301666
34,5.888972745734182,26,4000,3704,0.926,356.483253332047,356.4830394377783,0.00021389426871110118
34,5.888972745734182,27,4000,3700,0.925,356.48217283491323,356.4830394377783,0.0008666028650736735
34,5.888972745734182,28,4000,3696,0.924,356.4810911690425,356.4830394377783,0.0019482687358163275
34,5.888972745734182,29,4000,3711,0.92775,356.4851413973415,356.4830394377783,0.0021019595632196797
34,5.888972745734182,30,4000,3714,0.9285,356.48594947819356,356.4830394377783,0.0029100404152586634
34,5.888972745734182,31,4000,3696,0.924,356.4810911690425,356.4830394377783,0.0019482687358163275
34,5.888972745734182,32,4000,3669,0.91725,356.47375916063623,356.4830394377783,0.009280277142067916
34,5.888972745734182,33,4000,3678,0.9195,356.4762091414452,356.4830394377783,0.006830296333077968
34,5.888972745734182,34,4000,3681,0.92025,356.47702446965997,356.4830394377783,0.006014968118336128
34,5.888972745734182,35,4000,3716,0.929,356.4864878362147,356.4830394377783,0.00344839843637601
34,5.888972745734182,36,4000,3696,0.924,356.4810911690425,356.4830394377783,0.0019482687358163275
34,5.888972745734182,37,4000,3661,0.91525,356.4715763494012,356.4830394377783,0.011463088377126951
34,5.888972745734182,38,4000,3714,0.9285,356.48594947819356,356.4830394377783,0.0029100404152586634
34,5.888972745734182,39,4000,3703,0.92575,356.48298331719457,356.4830394377783,5.6120583735719265e-05
34,5.888972745734182,40,4000,3719,0.92975,356.487294830206,356.4830394377783,0.00425539242769446
