boundary,N,L,L_over_Rg,delta_L,logZ_free,logZ_center,logZ_center_SE_block,DeltaF_kBT,DeltaF_bootstrap_SE,DeltaF_bootstrap_CI95_low,DeltaF_bootstrap_CI95_high,force_kBT,force_SE_block,force_bootstrap_SE,force_bootstrap_CI95_low,force_bootstrap_CI95_high,fRg,fRg_err,fRg_bootstrap_SE,fRg_bootstrap_CI95_low,fRg_bootstrap_CI95_high,fRg_SEM_if_independent,CRN_variance_reduction_factor,exact_logZ,exact_DeltaF_kBT,exact_fRg,relative_force_error_pct,min_survivors_across_derivative_states,min_block_survival_fraction,diagnostic_survival_ESS,quality_flag,signed_estimates_retained,sign_selection,common_random_numbers_across_widths,n_blocks,trials_per_block,ensemble_definition
absorbing (survival/first-passage),200,10,1.7320508075688772,2,356.56013437638296,353.5316206133046,0.009490760716978654,3.028513763078365,0.009365325442854495,3.0104652731560577,3.047157155546188,0.7050020772100247,0.0071795540224039,0.00711257613461473,0.6915995443983847,0.7194499964300921,4.070331390564531,0.04145117447496353,0.041064477459515226,3.9929518312982997,4.15374649107389,0.04409772568716936,1.0638474360673265,353.52006727664485,3.04006709973811,4.111505088899148,1.001426422790612,20,0.005000000000000002,2662.294146085333,CHECK_survivors,True,False,True,40,4000,
absorbing (survival/first-passage),200,12,2.0784609690826525,2,356.56013437638296,354.52303367519266,0.006035786471181397,2.0371007011902975,0.0060419870451473975,2.0251901268479173,2.048960834426225,0.40028277524946676,0.002083709195536477,0.002096731991960577,0.39620965344025966,0.40459102554165305,2.311033680422501,0.012030300649558838,0.012105487799769396,2.2875175006926227,2.335907375081802,0.014871216900578887,1.2361467376232387,354.5227767262683,2.037357650114643,2.3199646856429226,0.3849629813630749,165,0.04125000000000001,2319.586597944101,OK,True,False,True,40,4000,
absorbing (survival/first-passage),200,14,2.424871130596428,2,356.56013437638296,355.13132387816,0.004009856010258357,1.4288104982229584,0.0039180391124300695,1.4212475431593803,1.4366407355566366,0.24986665378129871,0.0013680247235253848,0.0013682093810900122,0.24707743678601116,0.25243396704755783,1.4426057982214384,0.007898294423854443,0.007899360544800898,1.426502246390863,1.4574281882751265,0.009690992143158297,1.2269727643843644,355.1273859595645,1.4327484168184697,1.4390667414627787,0.24592721495755143,475,0.11875000000000001,2601.6300720564964,OK,True,False,True,40,4000,
absorbing (survival/first-passage),200,16,2.7712812921102032,2,356.56013437638296,355.5219584565187,0.0029408569260177234,1.0381759198642726,0.0028441883820925894,1.0327012235757151,1.0437158060669276,0.16543301107335823,0.0007517303824879219,0.0007469524232106601,0.1640436350003056,0.16702044387505086,0.9551279347605373,0.004340117386874221,0.004312531826125179,0.9471063682627117,0.964292982314314,0.00695681482070413,1.6029093687059166,355.51979141094677,1.0403429654361958,0.9545854482138503,0.056829542887127577,890,0.22250000000000003,3210.54857058299,OK,True,False,True,40,4000,
absorbing (survival/first-passage),200,18,3.117691453623979,2,356.56013437638296,355.79288306981573,0.0026742747713703378,0.767251306567232,0.002584864218418376,0.7620281163498192,0.7723260166885382,0.11554668155521738,0.0006408063393412535,0.0006353154686242567,0.11432775359180249,0.116774048580119,0.6671090769987273,0.003699697125170914,0.003667995568305479,0.6600715931207237,0.6741952838209415,0.005295743116997577,1.431399095068608,355.7887421581534,0.7713922182295505,0.6654305410043284,0.2522481147116466,1368,0.342,4064.209839919516,OK,True,False,True,40,4000,
absorbing (survival/first-passage),200,20,3.4641016151377544,2,356.56013437638296,355.984069986365,0.0021938345922340283,0.5760643900179616,0.0021442142363524404,0.571936415177501,0.5802764684117164,0.08280381617974655,0.0005110172063985807,0.000512994884878087,0.08180369502873988,0.08381814589153508,0.47806805561304966,0.0029503592167475115,0.0029617773487726467,0.47229385345549024,0.4839242909345311,0.004629704056791727,1.5692001267206819,355.9808152133178,0.579319163065179,0.4813062734237528,0.6727977567523148,1798,0.4495,5239.132682953734,OK,True,False,True,40,4000,
absorbing (survival/first-passage),200,24,4.156921938165305,2,356.56013437638296,356.22828269852,0.0016162293692849688,0.33185167786297143,0.0015793695785195796,0.32883376541474973,0.3350182941080675,0.046001211201810575,0.00030003307597070646,0.00028906377202478714,0.04542902697752397,0.04656323588811236,0.2655881167041417,0.0017322417717747882,0.0016689104659147948,0.26228460954496235,0.2688329677434172,0.003300414027652895,1.9052848634815092,356.22846677977435,0.3316675966086109,0.27015047208764426,1.688820066922721,2520,0.63,8381.014730754763,OK,True,False,True,40,4000,
absorbing (survival/first-passage),200,28,4.849742261192856,2,356.56013437638296,356.3699494844445,0.0010415773115331694,0.1901848919384861,0.0010302899735948573,0.1882514162102808,0.19223553830778428,0.027456825535931983,0.0002392902249748979,0.00024062145511874678,0.026995915327866004,0.027939611737384035,0.15852205614262924,0.0013815427580370341,0.0013892286188560792,0.15586098981563784,0.16130942357632302,0.0024693693474926656,1.787399870997312,356.3713495900621,0.18878478632086626,0.15810810187100796,0.26181724195195977,3023,0.75575,12387.742691068559,OK,True,False,True,40,4000,
absorbing (survival/first-passage),200,30,5.196152422706631,2,356.56013437638296,356.41780727179054,0.0009138250087820684,0.14232710459242526,0.0009086852447634254,0.14058478081386738,0.14413039989484133,0.021092744607104662,0.00020567331416971416,0.00020098606702607707,0.020712533855964468,0.02150519813596394,0.12177901776859905,0.0011874554330100694,0.0011603935990086977,0.11958386997340324,0.12416031932775021,0.0017997103488533314,1.515602437635291,356.4189071695314,0.14122720685156764,0.1211906871393352,0.4854586133235081,3269,0.81725,15323.813612829123,OK,True,False,True,40,4000,
absorbing (survival/first-passage),200,32,5.5425625842204065,2,356.56013437638296,356.4543084746721,0.0006854314168382048,0.10582590171088668,0.0006662291652231368,0.10454140677467194,0.10714683239422129,0.01605143616193132,0.0001680436495591572,0.00016564896040331776,0.015729619248103077,0.0163787759348161,0.09267300988971143,0.0009702004630858656,0.0009563747187983718,0.0908149990714263,0.09456290694962641,0.0015830566419903593,1.6316799488584186,356.4553129610739,0.1048214153090612,0.09256695584023421,0.1145700952511223,3429,0.85725,19211.113657958093,OK,True,False,True,40,4000,
reflecting (fold-back stochastic rule),200,10,1.7320508075688772,2,356.56013437638296,356.56013437638296,0.0,0.0,0.0,0.0,0.0,0.0,0.0,0.0,0.0,0.0,0.0,0.0,0.0,0.0,0.0,0.0,nan,356.56013437638296,0.0,0.0,0.0,-1,nan,nan,EXACT_DISCRETE_RESULT,True,False,True,40,4000,"Discrete fold-back/mirror rule; each attempted step is reflected at the boundary; exactly six stochastic choices per step; Z_ref=6^(N-1), DeltaF=0, f=0 exactly."
reflecting (fold-back stochastic rule),200,12,2.0784609690826525,2,356.56013437638296,356.56013437638296,0.0,0.0,0.0,0.0,0.0,0.0,0.0,0.0,0.0,0.0,0.0,0.0,0.0,0.0,0.0,0.0,nan,356.56013437638296,0.0,0.0,0.0,-1,nan,nan,EXACT_DISCRETE_RESULT,True,False,True,40,4000,"Discrete fold-back/mirror rule; each attempted step is reflected at the boundary; exactly six stochastic choices per step; Z_ref=6^(N-1), DeltaF=0, f=0 exactly."
reflecting (fold-back stochastic rule),200,14,2.424871130596428,2,356.56013437638296,356.56013437638296,0.0,0.0,0.0,0.0,0.0,0.0,0.0,0.0,0.0,0.0,0.0,0.0,0.0,0.0,0.0,0.0,nan,356.56013437638296,0.0,0.0,0.0,-1,nan,nan,EXACT_DISCRETE_RESULT,True,False,True,40,4000,"Discrete fold-back/mirror rule; each attempted step is reflected at the boundary; exactly six stochastic choices per step; Z_ref=6^(N-1), DeltaF=0, f=0 exactly."
reflecting (fold-back stochastic rule),200,16,2.7712812921102032,2,356.56013437638296,356.56013437638296,0.0,0.0,0.0,0.0,0.0,0.0,0.0,0.0,0.0,0.0,0.0,0.0,0.0,0.0,0.0,0.0,nan,356.56013437638296,0.0,0.0,0.0,-1,nan,nan,EXACT_DISCRETE_RESULT,True,False,True,40,4000,"Discrete fold-back/mirror rule; each attempted step is reflected at the boundary; exactly six stochastic choices per step; Z_ref=6^(N-1), DeltaF=0, f=0 exactly."
reflecting (fold-back stochastic rule),200,18,3.117691453623979,2,356.56013437638296,356.56013437638296,0.0,0.0,0.0,0.0,0.0,0.0,0.0,0.0,0.0,0.0,0.0,0.0,0.0,0.0,0.0,0.0,nan,356.56013437638296,0.0,0.0,0.0,-1,nan,nan,EXACT_DISCRETE_RESULT,True,False,True,40,4000,"Discrete fold-back/mirror rule; each attempted step is reflected at the boundary; exactly six stochastic choices per step; Z_ref=6^(N-1), DeltaF=0, f=0 exactly."
reflecting (fold-back stochastic rule),200,20,3.4641016151377544,2,356.56013437638296,356.56013437638296,0.0,0.0,0.0,0.0,0.0,0.0,0.0,0.0,0.0,0.0,0.0,0.0,0.0,0.0,0.0,0.0,nan,356.56013437638296,0.0,0.0,0.0,-1,nan,nan,EXACT_DISCRETE_RESULT,True,False,True,40,4000,"Discrete fold-back/mirror rule; each attempted step is reflected at the boundary; exactly six stochastic choices per step; Z_ref=6^(N-1), DeltaF=0, f=0 exactly."
reflecting (fold-back stochastic rule),200,24,4.156921938165305,2,356.56013437638296,356.56013437638296,0.0,0.0,0.0,0.0,0.0,0.0,0.0,0.0,0.0,0.0,0.0,0.0,0.0,0.0,0.0,0.0,nan,356.56013437638296,0.0,0.0,0.0,-1,nan,nan,EXACT_DISCRETE_RESULT,True,False,True,40,4000,"Discrete fold-back/mirror rule; each attempted step is reflected at the boundary; exactly six stochastic choices per step; Z_ref=6^(N-1), DeltaF=0, f=0 exactly."
reflecting (fold-back stochastic rule),200,28,4.849742261192856,2,356.56013437638296,356.56013437638296,0.0,0.0,0.0,0.0,0.0,0.0,0.0,0.0,0.0,0.0,0.0,0.0,0.0,0.0,0.0,0.0,nan,356.56013437638296,0.0,0.0,0.0,-1,nan,nan,EXACT_DISCRETE_RESULT,True,False,True,40,4000,"Discrete fold-back/mirror rule; each attempted step is reflected at the boundary; exactly six stochastic choices per step; Z_ref=6^(N-1), DeltaF=0, f=0 exactly."
reflecting (fold-back stochastic rule),200,30,5.196152422706631,2,356.56013437638296,356.56013437638296,0.0,0.0,0.0,0.0,0.0,0.0,0.0,0.0,0.0,0.0,0.0,0.0,0.0,0.0,0.0,0.0,nan,356.56013437638296,0.0,0.0,0.0,-1,nan,nan,EXACT_DISCRETE_RESULT,True,False,True,40,4000,"Discrete fold-back/mirror rule; each attempted step is reflected at the boundary; exactly six stochastic choices per step; Z_ref=6^(N-1), DeltaF=0, f=0 exactly."
reflecting (fold-back stochastic rule),200,32,5.5425625842204065,2,356.56013437638296,356.56013437638296,0.0,0.0,0.0,0.0,0.0,0.0,0.0,0.0,0.0,0.0,0.0,0.0,0.0,0.0,0.0,0.0,nan,356.56013437638296,0.0,0.0,0.0,-1,nan,nan,EXACT_DISCRETE_RESULT,True,False,True,40,4000,"Discrete fold-back/mirror rule; each attempted step is reflected at the boundary; exactly six stochastic choices per step; Z_ref=6^(N-1), DeltaF=0, f=0 exactly."
