model,N,w,L,L_over_Rg,L_over_Rg_err,DeltaF_kBT,DeltaF_SE,DeltaF_CI95_low,DeltaF_CI95_high
DJ,200,0.2,10,1.3968240198215076,0.0020589348169212703,4.341592481081079,0.017884186154324622,4.306440879628729,4.376320274632576
DJ,200,0.2,12,1.6761888237858091,0.0024707217803055246,2.9851545451261927,0.018969160204603538,2.94830110357634,3.0222999994080837
DJ,200,0.2,14,1.9555536277501107,0.0028825087436897784,2.1387829175866386,0.018135787383454748,2.1034938911263397,2.1735708898315367
DJ,200,0.2,18,2.5142832356787137,0.003706082670458287,1.2441443805369659,0.012025450433276413,1.221155249077762,1.267676233916444
DJ,200,0.2,20,2.7936480396430152,0.004117869633842541,0.9850601495317051,0.013814473751435257,0.9581595922988513,1.0125377040850239
DJ,200,0.2,24,3.3523776475716183,0.004941443560611049,0.6271352500680223,0.014424457103518208,0.5999742176884411,0.6556367154750916
DJ,200,0.2,26,3.63174245153592,0.005353230523995303,0.5046970712102734,0.014929576883137877,0.475764035055262,0.5342541623193355
DJ,200,0.2,30,4.190472059464523,0.006176804450763812,0.3202798589015856,0.010390447640002118,0.3003204655448215,0.34116099746411377
DJ,200,0.2,34,4.749201667393126,0.0070003783775323195,0.20680209285706042,0.010487308989572584,0.18683906943742556,0.2280607633059958
DJ,200,0.5,10,1.2502427632078283,0.003066817091695185,5.137285426944061,0.02240539378900701,5.093405857385655,5.18096441872739
DJ,200,0.5,12,1.500291315849394,0.0036801805100342227,3.5742078591358677,0.021833997423028172,3.5322349270303617,3.617685037505771
DJ,200,0.5,14,1.7503398684909597,0.004293543928373259,2.6337321996506944,0.019621489174035854,2.5953002175610806,2.672933402065432
DJ,200,0.5,18,2.250436973774091,0.005520270765051334,1.546129948777775,0.0234518470138966,1.501711339633104,1.5928385774887714
DJ,200,0.5,20,2.5004855264156567,0.00613363418339037,1.2286300261147858,0.021433972975952422,1.1854613996335772,1.2699900960386927
DJ,200,0.5,24,3.000582631698788,0.007360361020068445,0.7623725485596538,0.018721656051692903,0.7267384320777623,0.7992036950208685
DJ,200,0.5,26,3.2506311843403535,0.007973724438407482,0.6318390458268368,0.019502615297280736,0.5943513434441499,0.6706779725524469
DJ,200,0.5,30,3.750728289623485,0.009200451275085557,0.4571241393221044,0.018887943261636043,0.420601553315359,0.4951728972064927
DJ,200,0.5,34,4.250825394906616,0.01042717811176363,0.2754478937777094,0.01707341966316154,0.24172328527007636,0.30848298238232413
DJ,200,1.0,10,1.1383535966914682,0.005221664132019316,5.84704297540742,0.02806859738930,5.79371531837629,5.90340555977849
DJ,200,1.0,12,1.3660243160297618,0.006265996958423178,4.13684918900151,0.02688523483570,4.08485829388016,4.19151445383999
DJ,200,1.0,14,1.5936950353680555,0.007310329784827042,3.04605277426776,0.03337077393991,2.98017179163740,3.11070870343689
DJ,200,1.0,18,2.0490364740446427,0.009398995437634767,1.82811659972646,0.02556129700608,1.77923904323647,1.87886955879339
DJ,200,1.0,20,2.2767071933829364,0.010443328264038631,1.53789911527173,0.02563137021451,1.48853050228101,1.58863301114745
DJ,200,1.0,24,2.7320486320595236,0.012531993916846356,0.94052625332205,0.03051152720006,0.88085602839527,1.00022275482469
DJ,200,1.0,26,2.9597193513978173,0.013576326743250218,0.79021577290928,0.01927395137365,0.75305643046367,0.82808072640875
DJ,200,1.0,30,3.4150607900744046,0.015664992396057946,0.52301646688619,0.01835010522751,0.48719300648469,0.55903294374052
DJ,200,1.0,34,3.8704022287509923,0.01775365804886567,0.41009682180049,0.02169990718253,0.36890114282570,0.45361314444772
