w,L,blocks_used,DeltaF_blocks
0.2,10,12,4.322695172207091
0.2,10,16,4.342515607515736
0.2,10,40,4.341592481081079
0.2,12,12,2.9829552351264397
0.2,12,16,3.0095660657834173
0.2,12,40,2.9851545451261927
0.2,14,12,2.1314766418886393
0.2,14,16,2.147238390554662
0.2,14,40,2.1387829175866386
0.2,18,12,1.2513457502893175
0.2,18,16,1.2555524249098085
0.2,18,40,1.2441443805369659
0.2,20,12,1.001211883848498
0.2,20,16,0.9795908769296489
0.2,20,40,0.9850601495317051
0.2,24,12,0.5917331483679504
0.2,24,16,0.6004457709267399
0.2,24,40,0.6271352500680223
0.2,26,12,0.5190295381007672
0.2,26,16,0.5152918893872993
0.2,26,40,0.5046970712102734
0.2,30,12,0.29268086001542315
0.2,30,16,0.3027074025980028
0.2,30,40,0.3202798589015856
0.2,34,12,0.18830311713634273
0.2,34,16,0.196955933788729
0.2,34,40,0.20680209285706042
0.5,10,12,5.146834332512299
0.5,10,16,5.127640754721256
0.5,10,40,5.137285426944061
0.5,12,12,3.6329354495823054
0.5,12,16,3.607772893987317
0.5,12,40,3.5742078591358677
0.5,14,12,2.665392889889972
0.5,14,16,2.6345487743118383
0.5,14,40,2.6337321996506944
0.5,18,12,1.6182854043469206
0.5,18,16,1.5656947920970197
0.5,18,40,1.546129948777775
0.5,20,12,1.2208828272668484
0.5,20,16,1.2298532060394223
0.5,20,40,1.2286300261147858
0.5,24,12,0.7814489015540858
0.5,24,16,0.7731132015923663
0.5,24,40,0.7623725485596538
0.5,26,12,0.6042492170794844
0.5,26,16,0.6041757982029026
0.5,26,40,0.6318390458268368
0.5,30,12,0.4295573964399182
0.5,30,16,0.4498018018416019
0.5,30,40,0.4571241393221044
0.5,34,12,0.329002510563555
0.5,34,16,0.3233501403175296
0.5,34,40,0.2754478937777094
1.0,10,12,5.777604872428299
1.0,10,16,5.827613638877892
1.0,10,40,5.844547597011115
1.0,12,12,4.151906649882676
1.0,12,16,4.160451715080455
1.0,12,40,4.134353810605205
1.0,14,12,3.0510880733841645
1.0,14,16,3.0435592625254344
1.0,14,40,3.04355739587146
1.0,18,12,1.8286723425745208
1.0,18,16,1.8296804266585696
1.0,18,40,1.8256212213301524
1.0,20,12,1.4706249696717464
1.0,20,16,1.4785801744972673
1.0,20,40,1.5354037368754234
1.0,24,12,0.9041588621445271
1.0,24,16,0.9206621498958043
1.0,24,40,0.9380308749257438
1.0,26,12,0.7661867334038561
1.0,26,16,0.7782930850918319
1.0,26,40,0.7877203945129736
1.0,30,12,0.5195386122223908
1.0,30,16,0.5111319530477658
1.0,30,40,0.5205210884898861
1.0,34,12,0.3471322927948677
1.0,34,16,0.352621044878731
1.0,34,40,0.40760144340418947
