model,N,w,block,seed,attempts,valid_chains,valid_fraction,weighted_rg2,rg_block,unweighted_rg,ESS,max_weight_fraction,_model,w_num
DJ,100,0.1,0,10596261334320777484,3000,3000,1.0,20.947261581983454,4.576817844527294,4.222304599781183,2311.960981619417,0.0010742924069304,dj,0.1
DJ,100,0.1,1,2754030970301997100,3000,3000,1.0,20.74480996858008,4.554647073987191,4.217983191052331,2331.795026764764,0.001166281975901,dj,0.1
DJ,100,0.1,2,16001668026827472461,3000,3000,1.0,20.603327369851336,4.539088825948588,4.204526917502134,2329.102663221993,0.0010698784838164,dj,0.1
DJ,100,0.1,3,14190599058429642101,3000,3000,1.0,20.290947825450264,4.504547460672411,4.184280400100676,2347.4402339395897,0.0010442133227378,dj,0.1
DJ,100,0.1,4,15526283781195950802,3000,3000,1.0,20.517934741153123,4.529672696912341,4.2247800652815055,2367.739968320576,0.0010467383276572,dj,0.1
DJ,100,0.1,5,1977567210635908162,3000,3000,1.0,20.74740283666181,4.554931704939363,4.225768080085166,2334.5748603871502,0.0011263722764663,dj,0.1
DJ,100,0.1,6,10264390180715280535,3000,3000,1.0,20.47918627458491,4.525393493894748,4.200102022570404,2330.9144945391645,0.0009771434994625,dj,0.1
DJ,100,0.1,7,4961270433112544091,3000,3000,1.0,21.1597282404405,4.599970460822602,4.248900289094422,2350.941337934936,0.0010559437709973,dj,0.1
DJ,100,0.1,8,15831023035727156073,3000,3000,1.0,20.6854853327821,4.548129872022357,4.213677127323988,2341.0455209132465,0.0011868037957611,dj,0.1
DJ,100,0.1,9,10988247375470951286,3000,3000,1.0,20.92360161297031,4.574232352315557,4.244295881925921,2340.847719276961,0.001003797796973,dj,0.1
DJ,100,0.1,10,12146759172264568575,3000,3000,1.0,20.660072062615072,4.545335198048112,4.214694896035378,2340.0189952185137,0.0012572003892453,dj,0.1
DJ,100,0.1,11,11179154963278896007,3000,3000,1.0,20.84725665450389,4.5658796145434986,4.229664801533726,2305.269093964737,0.0011966901105201,dj,0.1
DJ,100,0.1,12,10611360696645673449,3000,3000,1.0,19.96165427515941,4.467846715718816,4.164100062838708,2341.609204983778,0.001089754682268,dj,0.1
DJ,100,0.1,13,5224050362646841760,3000,3000,1.0,20.749945630578896,4.555210821748966,4.223649480405936,2339.879111093758,0.0010677143262404,dj,0.1
DJ,100,0.1,14,17971026708859236544,3000,3000,1.0,20.81412975500808,4.562250514275611,4.236092161414811,2349.024472623684,0.0010403318225845,dj,0.1
DJ,100,0.1,15,16776225978441220434,3000,3000,1.0,20.5086053935346,4.528642776101312,4.227916744686442,2375.0849934419966,0.0010331876165876,dj,0.1
DJ,100,0.1,16,9342416325403446192,3000,3000,1.0,21.08305363461609,4.591628647290206,4.266905693825445,2341.64438701526,0.0012074662055908,dj,0.1
DJ,100,0.1,17,12400805644550999813,3000,3000,1.0,20.330051392918136,4.5088858261124924,4.183807707499633,2321.932013805633,0.0010479049709936,dj,0.1
DJ,100,0.1,18,13850206740083449242,3000,3000,1.0,20.55519314230226,4.533783535007187,4.235139328680148,2353.3391800361533,0.0012558385131886,dj,0.1
DJ,100,0.1,19,10246560347784934562,3000,3000,1.0,20.2649764411702,4.501663741459395,4.195249837613965,2359.84581212605,0.0012185084966167,dj,0.1
DJ,150,0.1,0,6758706661070496852,3000,3000,1.0,32.36013082869301,5.688596560549272,5.177707978547178,1937.8634214956064,0.0016412025515091,dj,0.1
DJ,150,0.1,1,17564730393711873853,3000,3000,1.0,32.71119231377406,5.719369922795173,5.190626768691027,1938.166206579784,0.0018212412466095,dj,0.1
DJ,150,0.1,2,14558994850592549100,3000,3000,1.0,32.82299764172088,5.729135854709756,5.221501339369458,1946.268938846912,0.001635871226099,dj,0.1
DJ,150,0.1,3,2368268832464335233,3000,3000,1.0,32.394501897705695,5.691616808755285,5.19430816695865,1949.2761594377616,0.0018588990360271,dj,0.1
DJ,150,0.1,4,5963951971008290028,3000,3000,1.0,32.84168404089046,5.730766444454918,5.1953823115304,1914.570680514258,0.001813840739526,dj,0.1
DJ,150,0.1,5,16462253990282221023,3000,3000,1.0,32.278026558384134,5.681375410794831,5.187913686137696,1969.339918258128,0.001594070159831,dj,0.1
DJ,150,0.1,6,1216323507321062816,3000,3000,1.0,31.634725515588617,5.6244755769394725,5.143570749903151,1957.3325619786349,0.0014914420175275,dj,0.1
DJ,150,0.1,7,12441500092917051166,3000,3000,1.0,32.347399019012514,5.6874773862418575,5.19603318211399,1955.2604570975363,0.0016412385686031,dj,0.1
DJ,150,0.1,8,6143404326624364849,3000,3000,1.0,32.83804849888904,5.730449240582193,5.198037336163347,1943.0133665672931,0.0017772645455509,dj,0.1
DJ,150,0.1,9,1843236554453078175,3000,3000,1.0,32.785909380181046,5.725898128693965,5.196089657938297,1923.3141498500145,0.001583036887302,dj,0.1
DJ,150,0.1,10,3169830016398255913,3000,3000,1.0,32.69802593113762,5.7182187725844855,5.189214963820707,1903.5278252832863,0.002045632693747,dj,0.1
DJ,150,0.1,11,10609066141591978006,3000,3000,1.0,32.65196996051842,5.714190227890424,5.187700599602016,1914.6764261059293,0.0019472469390404,dj,0.1
DJ,150,0.1,12,12799863092394115305,3000,3000,1.0,31.908556395166023,5.648765917894458,5.153507790636214,1949.7337931569464,0.0017266292887361,dj,0.1
DJ,150,0.1,13,3875859970901443860,3000,3000,1.0,32.517610421625974,5.702421452473149,5.204974037007863,1929.6945331157865,0.0018760775699699,dj,0.1
DJ,150,0.1,14,2191579297427698594,3000,3000,1.0,32.235052674732664,5.677592154666683,5.186879975619398,1975.950266985261,0.0015961734042248,dj,0.1
DJ,150,0.1,15,96584229051685167,3000,3000,1.0,32.41626161377577,5.693528046279896,5.191653070073154,1936.651487954655,0.0017761925086387,dj,0.1
DJ,150,0.1,16,1669910128275544714,3000,3000,1.0,31.878108809404168,5.646070209393802,5.152710921159564,1947.315253285028,0.0017623717886735,dj,0.1
DJ,150,0.1,17,11592300861371196809,3000,3000,1.0,31.849069428016858,5.643497978028951,5.163850816905854,1938.9844822596096,0.001723279960852,dj,0.1
DJ,150,0.1,18,18043010912113083936,3000,3000,1.0,32.00180216944252,5.657013538028924,5.1677225157703655,1969.8596434414385,0.0015656343763467,dj,0.1
DJ,150,0.1,19,16107437123968524854,3000,3000,1.0,31.66216784693537,5.626914593890276,5.178727365475607,1969.9835666247145,0.0019798797090458,dj,0.1
DJ,200,0.1,0,15480773110474291764,3000,3000,1.0,43.94196599894934,6.6288736599025135,5.98734136463478,1556.092507352183,0.0024199766160784,dj,0.1
DJ,200,0.1,1,86305373613256719,3000,3000,1.0,44.90528011253972,6.70114020988516,6.013113407378909,1615.405365827358,0.002539684336884,dj,0.1
DJ,200,0.1,2,10084833100230371623,3000,3000,1.0,45.02213092829622,6.70985327174121,6.01091563463227,1584.620024517399,0.0026415209584429,dj,0.1
DJ,200,0.1,3,7968741943074652946,3000,3000,1.0,44.75012664149987,6.689553545753249,6.001713070726835,1558.3920113521915,0.0028713156402554,dj,0.1
DJ,200,0.1,4,10110872650321570381,3000,3000,1.0,43.65384677032128,6.607105778653864,5.933439758408833,1572.4665405679975,0.0034127345768925,dj,0.1
DJ,200,0.1,5,7247378964984479629,3000,3000,1.0,45.48067482864312,6.7439361524738,6.005030391263644,1610.20833279826,0.0026625406013561,dj,0.1
DJ,200,0.1,6,7517634907311660199,3000,3000,1.0,44.13394391765313,6.6433383112448166,5.993759700722077,1632.125523404103,0.0023087303705505,dj,0.1
DJ,200,0.1,7,14776351108429759927,3000,3000,1.0,44.34276705756886,6.659036496188383,5.954121865005228,1593.1794244450014,0.0026932922027743,dj,0.1
DJ,200,0.1,8,5475636426960227186,3000,3000,1.0,44.92100224034132,6.702313200704763,6.0352062765078704,1628.68844518289,0.002406656610588,dj,0.1
DJ,200,0.1,9,11809019867196875864,3000,3000,1.0,44.73958837330927,6.6887658333439415,6.032825308261462,1609.6074377307957,0.002931989031934,dj,0.1
DJ,200,0.1,10,6301636112053570222,3000,3000,1.0,44.74821512213349,6.689410670764166,5.997623818368961,1591.0704758045051,0.0025377345014055,dj,0.1
DJ,200,0.1,11,9778623150825902375,3000,3000,1.0,44.39286926736701,6.662797405547239,5.990310069882304,1541.7863632749973,0.0029811612950626,dj,0.1
DJ,200,0.1,12,8997169524158634681,3000,3000,1.0,44.37617788110596,6.661544706830838,5.995825878614777,1607.9860467870217,0.0022546697766234,dj,0.1
DJ,200,0.1,13,12248782961051416762,3000,3000,1.0,43.89772167628961,6.625535576562065,5.982064697911583,1604.6453866358622,0.0031508949764554,dj,0.1
DJ,200,0.1,14,10028405718632608700,3000,3000,1.0,43.766341866830494,6.615613491342318,5.94957308832603,1575.9109925870694,0.0031877307336859,dj,0.1
DJ,200,0.1,15,14195005424062987940,3000,3000,1.0,44.6837581934824,6.684591101442361,5.989020801989811,1597.8205225095169,0.0029695393494113,dj,0.1
DJ,200,0.1,16,7620311883537192030,3000,3000,1.0,44.45893307213565,6.667753225197799,5.977868478814167,1608.9221449448862,0.0031864720817243,dj,0.1
DJ,200,0.1,17,16832045345540164028,3000,3000,1.0,43.58513881038829,6.601904180642755,5.949697619767467,1577.5382879033386,0.0032904428960714,dj,0.1
DJ,200,0.1,18,7120707179172256804,3000,3000,1.0,45.02225315413153,6.709862379671549,5.992783087458892,1552.8219111347146,0.0026945154294035,dj,0.1
DJ,200,0.1,19,6978986834391080171,3000,3000,1.0,45.38463818187893,6.736812167626386,6.037802693585364,1597.6893329179468,0.0023221151857855,dj,0.1
DJ,250,0.1,0,15609948923409501576,3000,3000,1.0,56.10819981330713,7.490540688982814,6.675568613983382,1313.6040793928787,0.0030428595641406,dj,0.1
DJ,250,0.1,1,12860568020007378991,3000,3000,1.0,58.57074073300805,7.653152339592363,6.768612794952892,1295.77076892474,0.0030700632994766,dj,0.1
DJ,250,0.1,2,5757377221959550462,3000,3000,1.0,56.90811436834788,7.543746706269232,6.690752335574826,1324.0971814519137,0.0032853797555233,dj,0.1
DJ,250,0.1,3,8847404449793739543,3000,3000,1.0,55.95213966827166,7.480116287082151,6.667977221316821,1307.8078724933275,0.0034929197168508,dj,0.1
DJ,250,0.1,4,15491283839934804723,3000,3000,1.0,56.9130347461683,7.544072822167632,6.7048921824789,1278.5632501235395,0.0045838440276901,dj,0.1
DJ,250,0.1,5,7215338834517878032,3000,3000,1.0,56.576574339582905,7.521740113802318,6.707035948216371,1319.3096276634622,0.0032244001322862,dj,0.1
DJ,250,0.1,6,9564839472188275153,3000,3000,1.0,55.88756491502155,7.475798613862037,6.672310071132286,1278.3641590147545,0.0036638828104872,dj,0.1
DJ,250,0.1,7,4205098109109802735,3000,3000,1.0,56.89465120909269,7.542854314455019,6.702078656257823,1328.3957336672847,0.0029413526335436,dj,0.1
DJ,250,0.1,8,16148414633486488336,3000,3000,1.0,58.08543322452552,7.621380007880825,6.71146463975388,1346.0885361641278,0.0031683688838499,dj,0.1
DJ,250,0.1,9,14105737575794052744,3000,3000,1.0,56.68555114135362,7.528980750496951,6.680163954075778,1299.4341121757734,0.0035273003530064,dj,0.1
DJ,250,0.1,10,17195896465925804122,3000,3000,1.0,57.22895742959745,7.564982315220403,6.761713619490254,1359.6310167141917,0.0032982542589732,dj,0.1
DJ,250,0.1,11,1563958384557470903,3000,3000,1.0,57.465987448353104,7.580632391057695,6.658133017195336,1312.2371578277664,0.0032186085158773,dj,0.1
DJ,250,0.1,12,574620128592189088,3000,3000,1.0,56.47295586414873,7.514849024707598,6.68968258260435,1304.8545647987569,0.0041231031464133,dj,0.1
DJ,250,0.1,13,4926559747822050339,3000,3000,1.0,56.525819470002425,7.518365478613182,6.704605983749779,1259.8336822780077,0.0036271681240687,dj,0.1
DJ,250,0.1,14,6524711032748054229,3000,3000,1.0,57.22071320710332,7.564437401889404,6.725785081312069,1308.2098802166383,0.0038963863907342,dj,0.1
DJ,250,0.1,15,8778237342671582901,3000,3000,1.0,57.62420447298874,7.591060826589966,6.712919175043497,1272.5457229342048,0.0036410462306002,dj,0.1
DJ,250,0.1,16,18269510596163940703,3000,3000,1.0,57.44607796023988,7.579319096082436,6.702468654856458,1339.9696363468668,0.0032288270171007,dj,0.1
DJ,250,0.1,17,9759335015949081194,3000,3000,1.0,59.10353104998015,7.687882091316187,6.765134520268857,1308.5051635281736,0.0038976742610926,dj,0.1
DJ,250,0.1,18,9905895183170835163,3000,3000,1.0,55.83955298605851,7.472586766713285,6.687291422591561,1301.8975070677266,0.0044297941231896,dj,0.1
DJ,250,0.1,19,5696207617348097457,3000,3000,1.0,56.2042309169178,7.496948106857737,6.657898803676728,1282.539252133906,0.0036081008216209,dj,0.1
DJ,500,0.1,0,9613072648917691758,3000,3000,1.0,122.81906054039644,11.082376123395038,9.438584069799171,524.3320681373713,0.0100414015285176,dj,0.1
DJ,500,0.1,1,7070712825752498850,3000,3000,1.0,126.34792984194976,11.24045950314976,9.542060481747814,386.0417613765711,0.0155936070129006,dj,0.1
DJ,500,0.1,2,6816922057650411848,3000,3000,1.0,128.20737388813546,11.32286950768821,9.51749863987382,496.4615831770647,0.0163793635988658,dj,0.1
DJ,500,0.1,3,6889241916102226014,3000,3000,1.0,129.3760899046855,11.374361076767586,9.539988776373551,396.82391349987904,0.0139122704895272,dj,0.1
DJ,500,0.1,4,4114829424905826007,3000,3000,1.0,125.9767674117378,11.223937250882054,9.58047953218766,436.3690447293156,0.0162055639084941,dj,0.1
DJ,500,0.1,5,8273894320269069537,3000,3000,1.0,121.9858926839007,11.044722390531176,9.450157070722865,477.4303827758659,0.0087844910032062,dj,0.1
DJ,500,0.1,6,12691726026314174736,3000,3000,1.0,123.84426811941664,11.128533960923004,9.564565091628578,468.1330321742103,0.0128256137295851,dj,0.1
DJ,500,0.1,7,17223959641702308753,3000,3000,1.0,123.63583706480644,11.119165304320571,9.481801288925364,451.28991688074814,0.0154477581375023,dj,0.1
DJ,500,0.1,8,7471953818796062318,3000,3000,1.0,122.84327844352636,11.083468700886304,9.449411988055129,446.4420371248169,0.0160281162875849,dj,0.1
DJ,500,0.1,9,11430839301258925699,3000,3000,1.0,129.04175576132798,11.359654737769452,9.492578675014146,420.4323999043884,0.0159836357357711,dj,0.1
DJ,500,0.1,10,934234221500058237,3000,3000,1.0,120.78053255056471,10.99001967926194,9.503924884383292,616.763427477606,0.0086256006338725,dj,0.1
DJ,500,0.1,11,12972633480944354328,3000,3000,1.0,123.6455566733097,11.119602361294657,9.482323765547488,463.39946534781984,0.0122622731668379,dj,0.1
DJ,500,0.1,12,16503095790571009790,3000,3000,1.0,122.822675209316,11.082539204050487,9.475704218684752,487.5208856455545,0.0121582817354874,dj,0.1
DJ,500,0.1,13,8859438287226946338,3000,3000,1.0,123.9770468051291,11.13449804908731,9.47482480696433,458.9906319745411,0.0143656531221041,dj,0.1
DJ,500,0.1,14,6377397679055262955,3000,3000,1.0,120.97343232628472,10.998792312171584,9.411827715805256,416.9224247188483,0.0155993532758322,dj,0.1
DJ,500,0.1,15,6624402373821964956,3000,3000,1.0,119.96732695408232,10.952959734888209,9.44514161418451,513.6199589451574,0.0096229566754458,dj,0.1
DJ,500,0.1,16,6794018490466270370,3000,3000,1.0,127.55301014987872,11.293936875592973,9.506262171151532,343.09288197870325,0.0185632154712971,dj,0.1
DJ,500,0.1,17,11552340908424372905,3000,3000,1.0,135.06519275830897,11.621755149645384,9.553831275183096,391.5336614288877,0.017639271828303,dj,0.1
DJ,500,0.1,18,2954273317170873697,3000,3000,1.0,126.4987214903857,11.247165042373377,9.496044761618736,441.4399449027077,0.0133238839313886,dj,0.1
DJ,500,0.1,19,7761344376378208089,3000,3000,1.0,121.6787030430365,11.030806998721197,9.47359501013211,491.7301352786876,0.0124997072965229,dj,0.1
DJ,1000,0.1,0,8383811329111583600,3000,3000,1.0,288.88568713713335,16.996637524437983,13.449386887686243,74.29454553166025,0.0767771877603116,dj,0.1
DJ,1000,0.1,1,1816048421557491209,3000,3000,1.0,280.5633659595999,16.75002584952035,13.491016308763896,110.10440299846456,0.037413601073915,dj,0.1
DJ,1000,0.1,2,7515693660100731693,3000,3000,1.0,273.83534459461816,16.547971011414607,13.389042520932303,54.612130080497465,0.0752141720716006,dj,0.1
DJ,1000,0.1,3,12849268230677137017,3000,3000,1.0,294.9605063675335,17.17441429474477,13.38503601150678,32.927711355612416,0.1510086904252001,dj,0.1
DJ,1000,0.1,4,9793990564543800203,3000,3000,1.0,257.38110907962147,16.043101604104535,13.59261099801408,94.51919813141548,0.0409854022628404,dj,0.1
DJ,1000,0.1,5,17522533740297749287,3000,3000,1.0,265.478947612419,16.293524714205304,13.46728851897565,61.1357624601212,0.0641601845667278,dj,0.1
DJ,1000,0.1,6,11782848283527430746,3000,3000,1.0,269.2910100158044,16.41008866568991,13.44611013351693,60.17397131645615,0.0596403673705605,dj,0.1
DJ,1000,0.1,7,9209007239836089000,3000,3000,1.0,281.66344098401964,16.782831733173627,13.555541656532949,95.8035553424622,0.0560211025919182,dj,0.1
DJ,1000,0.1,8,13555599846786504795,3000,3000,1.0,283.69127054602586,16.84313719430041,13.42452299408313,74.35385330245813,0.0503607372933016,dj,0.1
DJ,1000,0.1,9,1286485397474574873,3000,3000,1.0,280.4954531739748,16.74799848262397,13.470757097654165,104.53762817028156,0.0414535724021753,dj,0.1
DJ,1000,0.1,10,1558497995612004173,3000,3000,1.0,281.44835405706846,16.77642256433321,13.445289544396829,104.54247782668638,0.0470195844510999,dj,0.1
DJ,1000,0.1,11,16158736721815196547,3000,3000,1.0,249.34815021748125,15.790761546470176,13.38756866133653,62.567902612104405,0.1022555129974987,dj,0.1
DJ,1000,0.1,12,9524449853067726177,3000,3000,1.0,309.3070668582536,17.58712787405191,13.561807257662968,49.85665524797278,0.0893844620853836,dj,0.1
DJ,1000,0.1,13,5303434550312901840,3000,3000,1.0,287.1635940306293,16.94590198338906,13.508807377312529,22.546957822394745,0.1960649379350411,dj,0.1
DJ,1000,0.1,14,581124266348781112,3000,3000,1.0,258.9651982830792,16.092395666372337,13.45195439550204,140.12580972517358,0.0363160395787302,dj,0.1
DJ,1000,0.1,15,5464479393265647589,3000,3000,1.0,246.8282800219845,15.71076955537139,13.47856521540776,127.89131761399668,0.0287220711908483,dj,0.1
DJ,1000,0.1,16,907525674728104146,3000,3000,1.0,303.999523917988,17.43558212156933,13.356884310247406,33.36749907861869,0.1300191573096878,dj,0.1
DJ,1000,0.1,17,2722984163033031703,3000,3000,1.0,292.4241794082575,17.100414597554572,13.485541299134663,70.20456964155473,0.0560008854489454,dj,0.1
DJ,1000,0.1,18,9986767947548863832,3000,3000,1.0,294.8502290959321,17.171203484203783,13.36547112520418,56.11152667968024,0.0883468422368388,dj,0.1
DJ,1000,0.1,19,16369298850140944864,3000,3000,1.0,264.01453805947205,16.248524180967085,13.515262665717351,74.57643140981337,0.0502373968081391,dj,0.1
DJ,2000,0.1,0,6480624072750869417,3000,3000,1.0,499.01502115058105,22.33864412068425,18.86951233164228,10.638159388916025,0.2272297826044008,dj,0.1
DJ,2000,0.1,1,573460159215237962,3000,3000,1.0,479.0677611098615,21.887616615562816,19.03847035666644,7.2202672128509455,0.2223554587405505,dj,0.1
DJ,2000,0.1,2,13354768969761011132,3000,3000,1.0,591.9161995306155,24.32932797120824,19.13237367993057,3.553954858203785,0.5141815003245174,dj,0.1
DJ,2000,0.1,3,13179721925696549614,3000,3000,1.0,880.7164565089499,29.67686736346931,19.037617626242,4.3289802218092,0.4276558093433952,dj,0.1
DJ,2000,0.1,4,4664795537999242992,3000,3000,1.0,552.6793955761486,23.50913430086588,19.169811550460444,14.76197283092641,0.2034762695898939,dj,0.1
DJ,2000,0.1,5,6047486664940131131,3000,3000,1.0,623.2046386023197,24.964066948362397,19.043144671263377,15.398129062369966,0.1830029254368199,dj,0.1
DJ,2000,0.1,6,6275427987996973207,3000,3000,1.0,585.2175129674173,24.1912693541992,18.997256763433853,22.96799980071565,0.1085143427784434,dj,0.1
DJ,2000,0.1,7,9403151991686950168,3000,3000,1.0,560.8069162856854,23.681362213472543,19.09227587380998,17.68127150834484,0.1338200653822003,dj,0.1
DJ,2000,0.1,8,2255663852495902379,3000,3000,1.0,571.5309197915414,23.90671286044029,19.171892081051887,13.711926394811584,0.1888691250712677,dj,0.1
DJ,2000,0.1,9,13858243878591931255,3000,3000,1.0,507.06195274199257,22.518036165305197,19.098665014227212,24.964261570348185,0.1240196646903707,dj,0.1
DJ,2000,0.1,10,12365198767949310120,3000,3000,1.0,494.05145406963766,22.22726825477296,19.056740000373445,6.372714081114365,0.3628339210173539,dj,0.1
DJ,2000,0.1,11,16931061932279924095,3000,3000,1.0,510.950247880717,22.60420863203835,19.10877469170904,1.1532798027124898,0.9310112890138296,dj,0.1
DJ,2000,0.1,12,12940726159360798343,3000,3000,1.0,408.6652510437253,20.21547058674928,18.84255092003646,6.601659943234584,0.3151268429054758,dj,0.1
DJ,2000,0.1,13,2441843103707847902,3000,3000,1.0,537.3361487715583,23.18051226292375,19.01594502018854,12.442674840001168,0.2100403390361743,dj,0.1
DJ,2000,0.1,14,1372265032898933261,3000,3000,1.0,577.3602323954283,24.028321464376745,19.088985871600585,2.449125257776388,0.6290969573105002,dj,0.1
DJ,2000,0.1,15,3669060815022416711,3000,3000,1.0,525.2590508512161,22.918530730638388,19.061513169840424,4.526638192572013,0.4626795131937535,dj,0.1
DJ,2000,0.1,16,12643782932548842694,3000,3000,1.0,742.2252120707476,27.243810527728083,18.85758710048381,8.323433546063892,0.2382575632955853,dj,0.1
DJ,2000,0.1,17,17398896452953774952,3000,3000,1.0,523.307610755781,22.875917703029558,19.034738672039428,29.903787427852475,0.0683623762559417,dj,0.1
DJ,2000,0.1,18,17472302641947747073,3000,3000,1.0,499.9630363628549,22.359853227667998,18.967432578690417,9.084670539855422,0.2966569217208944,dj,0.1
DJ,2000,0.1,19,6672334555024488011,3000,3000,1.0,1026.0467850514883,32.031965051359066,19.03590993046213,2.3863104139746514,0.6398615284841327,dj,0.1
