N_range,N_values,nu_eff,nu_eff_err_WLS,amplitude,log_amplitude,chi2,dof,chi2_red,R2_log,rms_log_residual,max_abs_log_residual,N_min,N_max,n_points
100-200,"100,150,200",0.5542184785256308,0.00304600677299387,0.3539241568278657,-1.0386726350513358,0.019317672818173134,1,0.019317672818173134,0.9999994770303253,0.00011395289311774366,0.0001542517914217001,100.0,200.0,3
100-250,"100,150,200,250",0.5541786001393841,0.002354315689253379,0.35399272785912167,-1.0384789088302109,0.01974341166612965,2,0.009871705833064825,0.9999997252448322,9.951365939348318e-05,0.00014816196294731299,100.0,250.0,4
100-500,"100,150,200,250,500",0.5568751870577825,0.001856399211402307,0.34924319255993813,-1.0519867726314844,3.4880422516179106,3,1.1626807505393035,0.9999429985539207,0.00227097330385514,0.004688394812238705,100.0,500.0,5
100-1000,"100,150,200,250,500,1000",0.558777353988592,0.001685735317915416,0.3458928073595461,-1.0616263572432256,9.473406063334895,4,2.368351515833724,0.999771376517676,0.006540508329992709,0.01548630113976257,100.0,1000.0,6
100-2000,"100,150,200,250,500,1000,2000",0.5587146370876217,0.0016645796183118345,0.3460034306063177,-1.0613065889264055,9.528901357230062,5,1.9057802714460124,0.9998647061869022,0.006498066316468605,0.015599765826701084,100.0,2000.0,7
150-250,"150,200,250",0.5545150253260053,0.004248592752139992,0.35336125195740176,-1.040264368691874,0.010694460842659776,1,0.010694460842659776,0.999999405487128,8.939081628588936e-05,0.00011056384043572898,150.0,250.0,3
150-500,"150,200,250,500",0.5592130294027594,0.0026956100327797422,0.3448297741005408,-1.0647043921209889,2.0573170383698915,2,1.0286585191849458,0.999953161588889,0.0017080539221735935,0.002877240331815578,150.0,500.0,4
150-1000,"150,200,250,500,1000",0.5618581110251691,0.0022992864745579582,0.3400770532377318,-1.0785830598781885,5.591603715911216,3,1.8638679053037386,0.9998247695269682,0.005147668289785192,0.011161888092047878,150.0,1000.0,5
150-2000,"150,200,250,500,1000,2000",0.5616364240545642,0.002252677534327334,0.34047471252243133,-1.077414421870137,5.823243040290162,4,1.4558107600725405,0.9998208835903006,0.0068976112733551784,0.012041252923624679,150.0,2000.0,6
200-500,"200,250,500",0.5621820969854601,0.003839293196056285,0.33911922200271516,-1.0814035461055345,0.8778242822100322,1,0.8778242822100322,0.9999770559465697,0.0010529017441092815,0.0012912366779893603,200.0,500.0,3
200-1000,"200,250,500,1000",0.5652695583668034,0.0030262562994835067,0.3334942205938885,-1.0981297433301749,2.585547609309508,2,1.292773804654754,0.9998905850152099,0.0037549906087827405,0.00714312816089091,200.0,1000.0,4
200-2000,"200,250,500,1000,2000",0.5647440896611339,0.0029366382871894308,0.3344495755313945,-1.0952691565726755,3.1022509558353333,3,1.034083651945111,0.9996671191141866,0.008762376425430317,0.017807581373495918,200.0,2000.0,5
250-1000,"250,500,1000",0.5687137102040982,0.00393397999668025,0.32660043668596805,-1.1190177613800156,0.7080174525822657,1,0.7080174525822657,0.9999315995358335,0.002675458128072478,0.004239788175042225,250.0,1000.0,3
250-2000,"250,500,1000,2000",0.5677240121528371,0.003780618090633408,0.32843245274964145,-1.1134240854896014,1.5359112474445908,2,0.7679556237222954,0.9992952960994101,0.011501825608565015,0.02230275265300241,250.0,2000.0,4
500-2000,"500,1000,2000",0.5711839878995816,0.00978973794668963,0.3211680826717601,-1.1357906708638945,1.389105181567181,1,1.389105181567181,0.9976019524279142,0.015319469145656638,0.026235105442095286,500.0,2000.0,3
