N,Rg,Rg_err,target_L_over_Rg,L,realized_L_over_Rg,L_minus,L_plus,delta_L
100,4.543427958817402,0.0072314786271316,1.0,4,0.8803925221785954,2,6,2
100,4.543427958817402,0.0072314786271316,1.4,6,1.320588783267893,4,8,2
100,4.543427958817402,0.0072314786271316,1.8,8,1.7607850443571909,6,10,2
100,4.543427958817402,0.0072314786271316,2.2,10,2.2009813054464886,8,12,2
100,4.543427958817402,0.0072314786271316,2.6,12,2.641177566535786,10,14,2
100,4.543427958817402,0.0072314786271316,3.0,14,3.081373827625084,12,16,2
150,5.686868711282388,0.0079017250519224,1.0,6,1.0550621624333227,4,8,2
150,5.686868711282388,0.0079017250519224,1.4,8,1.4067495499110971,6,10,2
150,5.686868711282388,0.0079017250519224,1.8,10,1.7584369373888713,8,12,2
150,5.686868711282388,0.0079017250519224,2.2,12,2.1101243248666455,10,14,2
150,5.686868711282388,0.0079017250519224,2.4,14,2.46181171234442,12,16,2
150,5.686868711282388,0.0079017250519224,2.8,16,2.8134990998221943,14,18,2
150,5.686868711282388,0.0079017250519224,3.0,18,3.165186487299968,16,20,2
200,6.671487068275958,0.0092594264058106,1.0,6,0.8993497159772681,4,8,2
200,6.671487068275958,0.0092594264058106,1.2,8,1.1991329546363574,6,10,2
200,6.671487068275958,0.0092594264058106,1.4,10,1.498916193295447,8,12,2
200,6.671487068275958,0.0092594264058106,1.8,12,1.7986994319545362,10,14,2
200,6.671487068275958,0.0092594264058106,2.0,14,2.0984826706136257,12,16,2
200,6.671487068275958,0.0092594264058106,2.4,16,2.3982659092727148,14,18,2
200,6.671487068275958,0.0092594264058106,2.6,18,2.6980491479318043,16,20,2
200,6.671487068275958,0.0092594264058106,3.0,20,2.997832386590894,18,22,2
250,7.5486723071819615,0.0130749800998768,1.0,8,1.0597890164590449,6,10,2
250,7.5486723071819615,0.0130749800998768,1.4,10,1.3247362705738062,8,12,2
250,7.5486723071819615,0.0130749800998768,1.6,12,1.5896835246885672,10,14,2
250,7.5486723071819615,0.0130749800998768,1.8,14,1.8546307788033285,12,16,2
250,7.5486723071819615,0.0130749800998768,2.2,16,2.1195780329180898,14,18,2
250,7.5486723071819615,0.0130749800998768,2.4,18,2.384525287032851,16,20,2
250,7.5486723071819615,0.0130749800998768,2.6,20,2.6494725411476123,18,22,2
250,7.5486723071819615,0.0130749800998768,3.0,22,2.9144197952623734,20,24,2
