N,Rg,target_L_over_Rg,L,realized_L_over_Rg,DeltaF,fRg,force
100,4.08248290463863,1.2,4,0.9797958971132712,10.039273442530924,20.985672522392445,5.140418958900708
100,4.08248290463863,1.4,6,1.469693845669907,4.327696821530138,6.217977043671834,1.5230870989335423
100,4.08248290463863,2.0,8,1.9595917942265424,2.328645004571656,2.623209057077021,0.6425523678486095
100,4.08248290463863,2.4,10,2.449489742783178,1.4033702339585747,1.3430761392644135,0.3289851226905012
100,4.08248290463863,3.0,12,2.9393876913398134,0.9007866648886844,0.7770244236628902,0.190331335565426
150,5.0,1.2,6,1.2,6.612327469930454,11.423153242001572,2.2846306484003143
150,5.0,1.6,8,1.6,3.613749743905053,4.819142773968896,0.963828554793779
150,5.0,2.0,10,2.0,2.225836625893612,2.4674010826696504,0.4934802165339301
150,5.0,2.4,12,2.4,1.471908882277575,1.4278899144285624,0.2855779828857124
150,5.0,2.8,14,2.8,1.0173277329632044,0.8990972512348774,0.1798194502469755
150,5.0,3.0,16,3.2,0.7224134372664616,0.6016730168765682,0.1203346033753136
200,5.773502691896258,1.2,6,1.0392304845413265,8.89695811833077,17.587094931370547,3.0461741978670864
200,5.773502691896258,1.4,8,1.3856406460551016,4.898854483630219,7.419555674171951,1.2851047397251771
200,5.773502691896258,1.8,10,1.7320508075688772,3.0483036584272014,3.798812505138417,0.6579736267327745
200,5.773502691896258,2.0,12,2.0784609690826525,2.043066176978036,2.198386798742466,0.3807717630110647
200,5.773502691896258,2.4,14,2.424871130596428,1.436940165661292,1.3844014507301108,0.2397853650736613
200,5.773502691896258,2.8,16,2.7712812921102032,1.0435516924498918,0.9273596681404505,0.1606234062109473
200,5.773502691896258,3.0,18,3.117691453623979,0.7739257950667052,0.6508586447794955,0.112732024130351
250,6.454972243679028,1.2,8,1.2393546707863734,6.183959223355394,10.369144281432972,1.6063809246564709
250,6.454972243679028,1.6,10,1.5491933384829668,3.870770691850076,5.309001872093608,0.8224670334241018
250,6.454972243679028,1.8,12,1.85903200617956,2.6142238352697915,3.072339045370088,0.4759647182648457
250,6.454972243679028,2.2,14,2.1688706738761536,1.856565729145048,1.934767181280824,0.2997328428755719
250,6.454972243679028,2.4,16,2.478709341572747,1.3648173238460115,1.2961339677729289,0.2007962108655318
250,6.454972243679028,2.8,18,2.7885480092693404,1.0276877484039828,0.910228191474246,0.14101194507313
250,6.454972243679028,3.0,20,3.0983866769659336,0.7866086407191134,0.6631509904769113,0.1027349096855212
