N,L,DeltaF_original_archive,DeltaF_canonical_reconstructed,difference_canonical_minus_archive,relative_difference
100,8,4.6962943577141605,4.694692060514257,-0.0016022971999039015,-0.0003411832985451516
100,10,3.060966758852634,3.0614199946776353,0.00045323582500111925,0.00014806950245059477
100,12,2.115949173577312,2.113596572261258,-0.0023526013160539705,-0.001111842073255741
100,14,1.5433737078651348,1.540046281958297,-0.0033274259068378775,-0.0021559431068969843
100,16,1.186063641909875,1.1866415949111513,0.0005779530012763878,0.00048728666898998035
100,18,0.8927956960441022,0.8938759723301359,0.0010802762860336879,0.0012099927125772394
100,20,0.6924346180896898,0.692266639051752,-0.00016797903793774882,-0.00024259191200055053
150,10,4.947188493188711,4.936867358158281,-0.010321135030429751,-0.002086262741886607
150,12,3.4721326207152634,3.4675873133909647,-0.0045453073242986974,-0.0013090822905728638
150,14,2.617690101175396,2.612231182267635,-0.005458918907760957,-0.0020853954046393007
150,16,1.9509639288223952,1.9438737759108164,-0.007090152911578773,-0.0036341793955454627
150,18,1.5349028318252174,1.5316213456034973,-0.003281486221720087,-0.002137911373723856
150,20,1.2760717664579453,1.274698876099876,-0.001372890358069201,-0.0010758723718807758
150,22,0.9836754267403016,0.9854095344794587,0.0017341077391570536,0.0017628861024855838
150,24,0.8131122615414277,0.8106597378528022,-0.002452523688625474,-0.0030162178147162514
200,12,4.900182187282459,4.88991227291541,-0.010269914367048827,-0.0020958229662771605
200,14,3.662612059871107,3.6553062479605956,-0.007305811910511384,-0.0019946999002587477
200,16,2.833784499765284,2.8282031046063594,-0.005581395158924529,-0.0019695905455714164
200,18,2.214896010097469,2.214122091637421,-0.0007739184600481508,-0.0003494152576554118
200,20,1.8009806850087955,1.8009166724165766,-6.401259221888722e-05,-3.5543186416002347e-05
200,22,1.443422849380218,1.440565472830599,-0.0028573765496189285,-0.0019795838418699267
200,24,1.1891120094481875,1.183274178850354,-0.005837830597833493,-0.004909403446814538
200,26,1.0587174799314325,1.0532563336934118,-0.005461146238020742,-0.005158265865577691
200,28,0.8615997020995465,0.8560430248472244,-0.0055566772523221175,-0.006449256236720607
200,30,0.73557890506507,0.7332424785250851,-0.0023364265399848927,-0.00317630987497964
250,14,4.719503114813992,4.709039369707,-0.010463745106991773,-0.0022171285519755777
250,16,3.615400036269449,3.6064190782817604,-0.008980957987688498,-0.0024840841670609433
250,18,2.9637363563822503,2.9608443543820044,-0.0028920020002458635,-0.0009757959725459687
250,20,2.362769391449666,2.361141000564089,-0.0016283908855769802,-0.0006891873965651334
250,22,1.946374152755918,1.9448361795775782,-0.0015379731783398132,-0.0007901734495200524
250,24,1.5976610236188933,1.597258963990953,-0.00040205962794037653,-0.00025165515212336055
250,26,1.336300678028195,1.330061802617422,-0.006238875410772948,-0.004668766179164741
250,28,1.1720484692186914,1.170154163649272,-0.0018943055694193855,-0.0016162348394023018
250,30,0.995394339887332,0.991956515242407,-0.003437824644924925,-0.0034537313576788573
250,32,0.8524066064940854,0.8503074930795833,-0.002099113414502085,-0.0024625729065330163
