N,Rg,Rg_err,Rg_quality,target_L_over_Rg,L,realized_L_over_Rg,L_minus,L_plus,delta_L,force,force_err,fRg,fRg_err,fRg_bootstrap95_low,fRg_bootstrap95_high,DeltaF,DeltaF_err,DeltaF_bootstrap95_low,DeltaF_bootstrap95_high,valid_force_blocks,valid_DeltaF_blocks,n_force_blocks,n_DeltaF_blocks,min_ESS_like,max_block_weight_fraction_like,overflow_count_for_point,quality_flag
100,6.449921465376292,0.0137537732170537,OK,1.2,8,1.2403251796079466,6,10,2.0,1.2186546273995549,0.0067506254457686135,7.860226640144536,0.04354100396737838,7.775432598687522,7.9497271876160776,4.694692060514257,0.024729303998288425,4.6459908399066405,4.742929711579931,40,40,40,40,39.28160564432476,0.0325976124394646,0,OK
100,6.449921465376292,0.0137537732170537,OK,1.6,10,1.5504064745099333,8,12,2.0,0.6450862960342117,0.007214905854714396,4.160755947811148,0.04653557614299147,4.077050506399536,4.245123731581794,3.0614199946776353,0.022271379399573674,3.0180358684484383,3.105339675694767,40,40,40,40,39.41281290728199,0.0330864135379633,0,OK
100,6.449921465376292,0.0137537732170537,OK,1.8,12,1.86048776941192,10,14,2.0,0.3793982627468749,0.007226463771596028,2.447088998817543,0.04661012379918134,2.3652287542423505,2.527838775434797,2.113596572261258,0.02466533184041401,2.0650569559083705,2.1617450567227934,40,40,40,40,39.31429041156702,0.033892994695991,0,OK
100,6.449921465376292,0.0137537732170537,OK,2.2,14,2.1705690643139066,12,16,2.0,0.23247138291685943,0.006765455967374803,1.499422162761163,0.043636659667028864,1.4231537793961437,1.5775595366711088,1.540046281958297,0.02596085436395389,1.4895173137436657,1.591283862850365,40,40,40,40,39.31429041156702,0.033892994695991,0,OK
100,6.449921465376292,0.0137537732170537,OK,2.4,16,2.4806503592158933,14,18,2.0,0.16264450295525829,0.005539587744820709,1.0490442708365781,0.03572990590465454,0.9685582709928895,1.1285925511129542,1.1866415949111513,0.022029119537469943,1.1430388259362203,1.2293929745231025,40,40,40,40,39.31429041156702,0.033892994695991,0,OK
100,6.449921465376292,0.0137537732170537,OK,2.8,18,2.79073165411788,16,20,2.0,0.12340725595504623,0.005206200871387641,0.7959671091676389,0.0335795867534239,0.725159010456517,0.8671682395472241,0.8938759723301359,0.021384459355651562,0.8514151721739089,0.9352422528480631,40,40,40,40,39.55678106595694,0.0320794636312525,0,OK
100,6.449921465376292,0.0137537732170537,OK,3.0,20,3.1008129490198666,18,22,2.0,0.0835187682000651,0.005201254120465572,0.5386894957753867,0.03354768059846778,0.47349875609271913,0.6036203364828548,0.692266639051752,0.022953587496162765,0.6472200687253071,0.7371981317102652,40,40,40,40,39.55678106595694,0.0320794636312525,0,OK
150,8.19969818294269,0.0286423016385674,CAUTION,1.2,10,1.2195570833085494,8,12,2.0,0.9945459766400113,0.007544658264713912,8.154976837508064,0.06186392066409822,8.003045239178908,8.302653846844711,4.936867358158281,0.032451504878349115,4.873811878198258,5.0010217773213865,40,40,40,40,38.781553641420366,0.0362053904227589,0,OK
150,8.19969818294269,0.0286423016385674,CAUTION,1.4,12,1.4634684999702594,10,14,2.0,0.5823745980033299,0.010482658293505823,4.775295933039883,0.08595463416166882,4.623900685801046,4.935423631128032,3.4675873133909647,0.02857001405375293,3.4129899279200897,3.524984383010801,40,40,40,40,38.86231150100495,0.0363086180377018,0,OK
150,8.19969818294269,0.0286423016385674,CAUTION,1.8,14,1.7073799166319692,12,16,2.0,0.38029217297321904,0.008759860703697485,3.1182810397158316,0.07182821389493935,2.9770598712170564,3.2572996546764457,2.612231182267635,0.029676944710911562,2.553887527842072,2.670221151108845,40,40,40,40,38.986435618693264,0.0363086180377018,0,OK
150,8.19969818294269,0.0286423016385674,CAUTION,2.0,16,1.9512913332936792,14,18,2.0,0.2706968173375442,0.008618815058982966,2.2196322012510303,0.07067168217826172,2.0917544850467973,2.351543865859213,1.9438737759108164,0.030919720888692052,1.884259100021103,2.005464405904776,40,40,40,40,38.986435618693264,0.0363086180377018,0,OK
150,8.19969818294269,0.0286423016385674,CAUTION,2.2,18,2.195202749955389,16,20,2.0,0.16872304059111193,0.009158982375208255,1.3834780093555061,0.07510089113959925,1.2552956161447337,1.5116111583365155,1.5316213456034973,0.027756870394773585,1.4768040403842455,1.585610972331758,40,40,40,40,38.986435618693264,0.0341526328083148,0,OK
150,8.19969818294269,0.0286423016385674,CAUTION,2.4,20,2.439114166617099,18,22,2.0,0.1378068512712293,0.007211319957333972,1.1299745879657523,0.05913064715076973,1.0227358976159076,1.23523168483246,1.274698876099876,0.025919100925028637,1.2243182459654314,1.3259211215915436,40,40,40,40,39.253151431725954,0.0325847485227831,0,OK
150,8.19969818294269,0.0286423016385674,CAUTION,2.6,22,2.683025583278809,20,24,2.0,0.11573987622912973,0.007554610243931775,0.9490320528100069,0.061945523890007605,0.8334704416575599,1.0620410560803455,0.9854095344794587,0.023083345215674744,0.9400621239099685,1.0305488371554135,40,40,40,40,39.31414332909691,0.0326642643606907,0,OK
150,8.19969818294269,0.0286423016385674,CAUTION,3.0,24,2.926936999940519,22,26,2.0,0.07464308650545207,0.005911861594512911,0.6120507807879894,0.048475480774336194,0.5128251843263095,0.7119179405354888,0.8106597378528022,0.027250904049042353,0.7573982118541679,0.8642217557264139,40,40,40,40,39.31414332909691,0.0326642643606907,0,OK
200,9.744501656839986,0.0276709510674734,CAUTION,1.2,12,1.2314636933307723,10,14,2.0,0.7897061229297367,0.01236101219716262,7.695292623305502,0.12045190383547044,7.455764707633697,7.938045983155164,4.88991227291541,0.03636868987421785,4.819450165649286,4.96201542995622,40,40,40,40,37.53025530629388,0.039905961029417,0,OK
200,9.744501656839986,0.0276709510674734,CAUTION,1.4,14,1.4367076422192344,12,16,2.0,0.5165994218792942,0.01179924882887236,5.034003922425361,0.11497779976241398,4.8429831261111564,5.23595289559686,3.6553062479605956,0.036238605536180496,3.5848524709582605,3.726907804660088,40,40,40,40,38.62924406791582,0.0345090887496693,0,OK
200,9.744501656839986,0.0276709510674734,CAUTION,1.6,16,1.6419515911076965,14,18,2.0,0.36192901244341014,0.00802866801310163,3.5268178614132704,0.07823536875588703,3.3537299747016873,3.6982319894244235,2.8282031046063594,0.03462297629611824,2.7612685374943395,2.896990604575123,40,40,40,40,38.70423755465579,0.0348151496077342,0,OK
200,9.744501656839986,0.0276709510674734,CAUTION,1.8,18,1.8471955399961586,16,20,2.0,0.2582009536891217,0.009475604626661667,2.516039621021311,0.09233504498406526,2.3570883457782754,2.6754530706852626,2.214122091637421,0.03023949034956644,2.154584636657167,2.2731234388274673,40,40,40,40,38.87438892581567,0.0348151496077342,0,OK
200,9.744501656839986,0.0276709510674734,CAUTION,2.0,20,2.0524394888846205,18,22,2.0,0.1928682901793124,0.00827905188789327,1.8794053732042049,0.08067523483864018,1.7196065703960142,2.0366641352767436,1.8009166724165766,0.02935489451955466,1.7440150394790621,1.8590862259957164,40,40,40,40,39.14888363792912,0.0348151496077342,0,OK
200,9.744501656839986,0.0276709510674734,CAUTION,2.2,22,2.257683437773083,20,24,2.0,0.15296716889015194,0.009842939912871222,1.4905888306922077,0.09591454428915006,1.3256356202468325,1.6572038729571483,1.440565472830599,0.03149515376596479,1.3791846566145296,1.5026456593771116,40,40,40,40,38.91341644605131,0.0338603034617247,0,OK
200,9.744501656839986,0.0276709510674734,CAUTION,2.4,24,2.4629273866615446,22,26,2.0,0.09617634236219566,0.009400049766993098,0.9371905274972254,0.09159880052884257,0.7662293372007908,1.1099740805558176,1.183274178850354,0.033342150588962595,1.1172735706018457,1.247974800910579,40,40,40,40,38.87961572299931,0.0335454185012191,0,OK
200,9.744501656839986,0.0276709510674734,CAUTION,2.6,26,2.6681713355500065,24,28,2.0,0.08187807683716031,0.009137041328898378,0.7978610553985803,0.08903591436806567,0.6142638653632079,0.9848479292648805,1.0532563336934118,0.03433387410007208,0.9871982795652372,1.1217870660375198,40,40,40,40,38.86333521937526,0.0360475373149144,0,OK
200,9.744501656839986,0.0276709510674734,CAUTION,2.8,28,2.873415284438469,26,30,2.0,0.08078464371659103,0.010373288168425813,0.7872060945435493,0.10108252374410397,0.6156537302499128,0.9562043876600899,0.8560430248472244,0.034556710211435936,0.7878594786660941,0.9233217826949229,40,40,40,40,38.86333521937526,0.0360475373149144,0,OK
200,9.744501656839986,0.0276709510674734,CAUTION,3.0,30,3.0786592333269307,28,32,2.0,0.06210375771600951,0.0084904572104584,0.6051701699596438,0.0827352743546409,0.44629561273443025,0.762896447523209,0.7332424785250851,0.031233657854331763,0.6730926369570227,0.7955285757460032,40,40,40,40,38.86333521937526,0.0360475373149144,0,OK
250,10.988157546967631,0.1090329366508892,CAUTION,1.2,14,1.27409895063468,12,16,2.0,0.6584193638961512,0.011157971426835415,7.234815702465121,0.12260554794263076,6.984490752117258,7.487431702095566,4.709039369707,0.03980805083595961,4.630103607450552,4.786151166727514,40,40,40,40,38.2871375942296,0.0372112662843121,0,OK
250,10.988157546967631,0.1090329366508892,CAUTION,1.4,16,1.4561130864396343,14,18,2.0,0.43894168960793356,0.011644472761930915,4.8231604393441385,0.1279513012594702,4.594293781988227,5.0544551752887,3.6064190782817604,0.03852303735051197,3.532486300871055,3.683496607285062,40,40,40,40,38.43458335608159,0.0372112662843121,0,OK
250,10.988157546967631,0.1090329366508892,CAUTION,1.6,18,1.6381272222445886,16,20,2.0,0.3131576612049439,0.010517374128191613,3.441025718359837,0.11556656390097078,3.2238170711986185,3.652186369909988,2.9608443543820044,0.034527626089045756,2.8931220863585407,3.0284703806276,40,40,40,40,38.49411703335851,0.0346135785450417,0,OK
250,10.988157546967631,0.1090329366508892,CAUTION,1.8,20,1.8201413580495431,18,22,2.0,0.25434055090658314,0.00942950465620131,2.7947340439440764,0.10361288275220484,2.5980447199890433,2.9918783455368234,2.361141000564089,0.03329020301069974,2.2967457973369134,2.4272433931388564,40,40,40,40,38.957588229349,0.033935313611641,0,OK
250,10.988157546967631,0.1090329366508892,CAUTION,2.0,22,2.0021554938544974,20,24,2.0,0.1912770919576925,0.00902994253902459,2.1017828215569403,0.0992224312588671,1.9199079334101665,2.2864676979809397,1.9448361795775782,0.03389210604570356,1.8780793749184526,2.0109364306176105,40,40,40,40,39.02659197142168,0.0347483099624416,0,OK
250,10.988157546967631,0.1090329366508892,CAUTION,2.2,24,2.1841696296594515,22,26,2.0,0.15251836868193216,0.009286566099021093,1.6758958638835646,0.10204225136637238,1.4648904256958304,1.8817701265367635,1.597258963990953,0.03273798527084357,1.532683843274718,1.6610167455364249,40,40,40,40,38.74919123620472,0.0364113084252326,0,OK
250,10.988157546967631,0.1090329366508892,CAUTION,2.4,26,2.366183765464406,24,28,2.0,0.1064031386000515,0.008320256167506415,1.1691744504291988,0.0914242855996896,0.9878332567356679,1.3533478215270611,1.330061802617422,0.03678128931813953,1.2584169215410341,1.402599575668141,40,40,40,40,38.74919123620472,0.0364113084252326,0,OK
250,10.988157546967631,0.1090329366508892,CAUTION,2.6,28,2.54819790126936,26,30,2.0,0.085226584535215,0.010395827740915905,0.9364831380628976,0.11423099304832056,0.7285420064035979,1.1510219922215539,1.170154163649272,0.034808639312942445,1.1018806127693523,1.2383304788760867,40,40,40,40,38.74919123620472,0.0364554688382703,0,OK
250,10.988157546967631,0.1090329366508892,CAUTION,2.8,30,2.7302120370743146,28,32,2.0,0.07991046568115152,0.009397771888705967,0.878068786556043,0.10326419810356473,0.6783845429702641,1.0753132045997913,0.991956515242407,0.035411312110642024,0.9224996800010914,1.0613120234748081,40,40,40,40,38.868295631894725,0.0364554688382703,0,OK
250,10.988157546967631,0.1090329366508892,CAUTION,3.0,32,2.9122261728792687,30,34,2.0,0.07162848507967681,0.008624493002261015,0.7870650789061091,0.0947672878715639,0.596293176489997,0.9799186471423468,0.8503074930795833,0.034261589143640706,0.7823999843725786,0.9167054138156502,40,40,40,40,38.868295631894725,0.0364554688382703,0,OK
