N,L,confined,pilot_roots,raw_terminal_logz,reference_terminal_logz,C_minus,C_plus
100,0,False,20000,153.77126104677234,153.77126104677234,0.5,2.0
100,6,True,20000,145.6830124164203,145.6830124164203,0.5,2.0
100,8,True,20000,149.12143703940097,149.12143703940097,0.5,2.0
100,10,True,20000,150.7427079652041,150.7427079652041,0.5,2.0
100,12,True,20000,151.62058079757566,151.62058079757566,0.5,2.0
100,14,True,20000,152.2128068827493,152.2128068827493,0.5,2.0
100,16,True,20000,152.6027968484183,152.6027968484183,0.5,2.0
100,18,True,20000,152.84738147532994,152.84738147532994,0.5,2.0
100,20,True,20000,153.14056659728269,153.14056659728269,0.5,2.0
100,22,True,20000,153.2442489312858,153.2442489312858,0.5,2.0
150,0,False,20000,231.06453089375353,231.06453089375353,0.5,2.0
150,8,True,20000,223.48272118317627,223.48272118317627,0.5,2.0
150,10,True,20000,226.09496414704248,226.09496414704248,0.5,2.0
150,12,True,20000,227.45954629402243,227.45954629402243,0.5,2.0
150,14,True,20000,228.4010308513856,228.4010308513856,0.5,2.0
150,16,True,20000,229.0170121710579,229.0170121710579,0.5,2.0
150,18,True,20000,229.46138325991973,229.46138325991973,0.5,2.0
150,20,True,20000,229.80630823546662,229.80630823546662,0.5,2.0
150,22,True,20000,229.9865650042851,229.9865650042851,0.5,2.0
150,24,True,20000,230.19672724232407,230.19672724232407,0.5,2.0
150,26,True,20000,230.41114239630784,230.41114239630784,0.5,2.0
200,0,False,20000,308.2200883283517,308.2200883283517,0.5,2.0
200,10,True,20000,303.0217562142889,303.0217562142889,0.5,2.0
200,12,True,20000,303.59770272979273,303.59770272979273,0.5,2.0
200,14,True,20000,304.4255951945909,304.4255951945909,0.5,2.0
200,16,True,20000,305.5397714834387,305.5397714834387,0.5,2.0
200,18,True,20000,305.78121793052674,305.78121793052674,0.5,2.0
200,20,True,20000,306.6315177311706,306.6315177311706,0.5,2.0
200,22,True,20000,306.7652927921552,306.7652927921552,0.5,2.0
200,24,True,20000,307.1404629452529,307.1404629452529,0.5,2.0
200,26,True,20000,307.10306521604053,307.10306521604053,0.5,2.0
200,28,True,20000,307.49732415479053,307.49732415479053,0.5,2.0
200,30,True,20000,307.7038506838373,307.7038506838373,0.5,2.0
200,32,True,20000,307.8071848655958,307.8071848655958,0.5,2.0
250,0,False,20000,385.4836682914474,385.4836682914474,0.5,2.0
250,12,True,20000,378.71038061831047,378.71038061831047,0.5,2.0
250,14,True,20000,380.1753596757413,380.1753596757413,0.5,2.0
250,16,True,20000,382.2349894956759,382.2349894956759,0.5,2.0
250,18,True,20000,382.4802854065618,382.4802854065618,0.5,2.0
250,20,True,20000,383.3092173388171,383.3092173388171,0.5,2.0
250,22,True,20000,383.45744882613883,383.45744882613883,0.5,2.0
250,24,True,20000,383.9143725664528,383.9143725664528,0.5,2.0
250,26,True,20000,384.51096637289504,384.51096637289504,0.5,2.0
250,28,True,20000,384.43016163551124,384.43016163551124,0.5,2.0
250,30,True,20000,384.6814804003538,384.6814804003538,0.5,2.0
250,32,True,20000,384.739309106922,384.739309106922,0.5,2.0
250,34,True,20000,384.8923152364073,384.8923152364073,0.5,2.0
