model,N,w,Rg,Rg_err,Rg2,Rg2_err,Rg_bootstrap_CI95_low,Rg_bootstrap_CI95_high,attempts,blocks,block_size,valid_blocks,valid_block_fraction,min_valid_fraction_within_block,min_ESS,median_ESS,mean_ESS,max_block_weight_fraction,mean_block_valid_fraction,quality_flag,estimator,single_chain_definition,ensemble_weighting,dead_chain_treatment,seed,stream,runtime_seconds
SAW,100,inf,6.449921465376292,0.0137537732170537,41.60697273157532,0.1782084641015263,6.42435080532191,6.476945285023873,120000,30,4000,30,1.0,0.9885,274.0852768096409,470.760027424064,448.94494776229,0.029904475463244,0.9911416666666668,OK,sqrt(weighted mean of per-chain Rg^2),(1/N) sum_i |r_i-r_cm|^2,strict-SAW Rosenbluth,zero statistical weight; denominator remains total attempted chains,20260923,2000,186.40865755081177
SAW,150,inf,8.19969818294269,0.0286423016385674,67.25884135320517,0.4685829731646019,8.142242210967165,8.255095398843764,120000,30,4000,30,1.0,0.9805,47.84401521254908,147.7711883234955,143.30421070190388,0.1275922669751731,0.983425,CAUTION,sqrt(weighted mean of per-chain Rg^2),(1/N) sum_i |r_i-r_cm|^2,strict-SAW Rosenbluth,zero statistical weight; denominator remains total attempted chains,20260923,2001,272.4208559989929
SAW,200,inf,9.744501656839986,0.0276709510674734,94.9851741199434,0.539892020837899,9.690649404460176,9.798977044825792,1000000,40,25000,40,1.0,0.97164,55.5482853328698,245.05762052873123,241.58043946966365,0.1148351585363231,0.973739,CAUTION,sqrt(weighted mean of per-chain Rg^2),(1/N) sum_i |r_i-r_cm|^2,strict-SAW Rosenbluth,zero statistical weight; denominator remains total attempted chains,20260929,2000,3182.6624875068665
SAW,250,inf,10.988157546967631,0.1090329366508892,121.0843635339485,2.3993036505118592,10.78472521125279,11.1936262359868,120000,30,4000,30,1.0,0.95875,4.039828188820293,21.537218999290012,28.600719154319997,0.4920364108581554,0.9647083333333336,CAUTION,sqrt(weighted mean of per-chain Rg^2),(1/N) sum_i |r_i-r_cm|^2,strict-SAW Rosenbluth,zero statistical weight; denominator remains total attempted chains,20260923,2003,443.4794759750366
DJ,200,0.0,5.775078640000605,0.0048481753011338,33.3522149375,0.0560117706307008,5.766154173891199,5.784604816331715,120000,30,4000,30,1.0,1.0,4000.0,4000.0,4000.0,0.00025,1.0,OK,sqrt(weighted mean of per-chain Rg^2),(1/N) sum_i |r_i-r_cm|^2,DJ SIS/Rosenbluth,zero statistical weight; denominator remains total attempted chains,20260921,1,986.9695286750792
DJ,200,0.1,6.667453938618453,0.0072708123937637,44.45647510027183,0.0971419999228921,6.653854742760156,6.681098970428216,120000,30,4000,30,1.0,1.0,2028.382846639104,2120.263444448304,2119.6766663966573,0.0027804979122247,1.0,OK,sqrt(weighted mean of per-chain Rg^2),(1/N) sum_i |r_i-r_cm|^2,DJ SIS/Rosenbluth,zero statistical weight; denominator remains total attempted chains,20260921,2,965.1880762577056
DJ,200,0.2,7.15909796659843,0.0105525934921017,51.255913055006666,0.1512739837947501,7.13892323277967,7.179399115619888,120000,30,4000,30,1.0,1.0,908.9384259085884,1084.4082956958157,1070.7652316504452,0.0118676461186286,1.0,OK,sqrt(weighted mean of per-chain Rg^2),(1/N) sum_i |r_i-r_cm|^2,DJ SIS/Rosenbluth,zero statistical weight; denominator remains total attempted chains,20260921,3,961.2487251758575
DJ,200,0.3,7.547954539467724,0.0146480562237598,56.977840130854325,0.2215265261031759,7.521267920426023,7.576209174270311,120000,30,4000,30,1.0,1.0,523.4036530211924,607.4099818309219,612.0793071593724,0.0224008804511591,1.0,OK,sqrt(weighted mean of per-chain Rg^2),(1/N) sum_i |r_i-r_cm|^2,DJ SIS/Rosenbluth,zero statistical weight; denominator remains total attempted chains,20260921,4,971.0106117725372
DJ,200,0.4,7.807885302897903,0.021617663119327,60.97662528061258,0.3386254523862005,7.767807741026536,7.850815620541077,120000,30,4000,30,1.0,1.0,233.19211096964227,406.572744032649,398.8124731297402,0.032215130515074,1.0,OK,sqrt(weighted mean of per-chain Rg^2),(1/N) sum_i |r_i-r_cm|^2,DJ SIS/Rosenbluth,zero statistical weight; denominator remains total attempted chains,20260921,5,976.6198647022248
DJ,200,0.5,7.998446617153261,0.0196200078211687,63.98631168395062,0.3148824950349875,7.962210032331452,8.036259219943041,120000,30,4000,30,1.0,1.0,183.37725200739968,286.0522530821804,293.48344061464303,0.0457239537024288,1.0,OK,sqrt(weighted mean of per-chain Rg^2),(1/N) sum_i |r_i-r_cm|^2,DJ SIS/Rosenbluth,zero statistical weight; denominator remains total attempted chains,20260921,6,962.3688235282898
DJ,200,1.0,8.78461668594379,0.0402953159684736,77.21657798114302,0.7107065111614415,8.705614291847787,8.86621539555855,120000,30,4000,30,1.0,1.0,33.00819050576459,114.6315539019284,113.9751500965046,0.1620101932742469,1.0,CAUTION,sqrt(weighted mean of per-chain Rg^2),(1/N) sum_i |r_i-r_cm|^2,DJ SIS/Rosenbluth,zero statistical weight; denominator remains total attempted chains,20260921,7,969.4818580150604
DJ,200,2.0,9.296298623071644,0.0662962549294088,86.548628698436,1.2859641739088892,9.18315205663559,9.434674360486136,120000,30,4000,30,1.0,1.0,11.803228717762146,62.1811009322393,62.91861983772453,0.2767991574860536,1.0,CAUTION,sqrt(weighted mean of per-chain Rg^2),(1/N) sum_i |r_i-r_cm|^2,DJ SIS/Rosenbluth,zero statistical weight; denominator remains total attempted chains,20260921,8,974.3542249202728
DJ,200,4.0,9.624507812373585,0.0494706154490524,92.70212354243448,0.952977088229767,9.530311842787915,9.719829975619144,120000,30,4000,30,1.0,1.0,12.387078334869296,64.32892073861335,59.06397146645491,0.2688427943206249,1.0,CAUTION,sqrt(weighted mean of per-chain Rg^2),(1/N) sum_i |r_i-r_cm|^2,DJ SIS/Rosenbluth,zero statistical weight; denominator remains total attempted chains,20260921,9,964.4902861118316
DJ,200,8.0,9.71792892915347,0.0594512641129538,94.54064180341211,1.159274949223244,9.603290363980832,9.835467446612553,120000,30,4000,30,1.0,1.0,17.84543723235782,58.28635424501217,59.52794656363669,0.2188706583504487,1.0,CAUTION,sqrt(weighted mean of per-chain Rg^2),(1/N) sum_i |r_i-r_cm|^2,DJ SIS/Rosenbluth,zero statistical weight; denominator remains total attempted chains,20260921,10,967.6235594749452
