series_id,N,w,Rg,Rg_err,L_ratio_requested,L_ratio_realized,L_center,L_minus,L_plus,delta_L,dL_total,force,force_err,fRg,fRg_err,script_version,sampler,roots_per_block,blocks,max_population,prune_probability,C_minus,C_plus,quality_flag,sign_selected,excluded,overflow_events,dataset_status,plot_primary
N500_w0p1_point01,500,0.1,11.165841041,0.03365434,1.2,1.2538240468042858,14,12,16,2,4,0.8010144481869667,0.01943427272546643,8.944,0.217,0.9.2,genuine PERM population control with fixed independent pilot thresholds,512,8,2048,0.5,0.5,2.0,OK,False,False,0,FROZEN_PRIMARY,True
N500_w0p1_point02,500,0.1,11.165841041,0.03365434,1.4,1.4329417677763268,16,14,18,2,4,0.5231133040988453,0.012180005026098778,5.841,0.136,0.9.2,genuine PERM population control with fixed independent pilot thresholds,512,8,2048,0.5,0.5,2.0,OK,False,False,0,FROZEN_PRIMARY,True
N500_w0p1_point03,500,0.1,11.165841041,0.03365434,1.6,1.6120594887483675,18,16,20,2,4,0.3885958956488426,0.017822213236718065,4.339,0.199,0.9.2,genuine PERM population control with fixed independent pilot thresholds,512,8,2048,0.5,0.5,2.0,OK,False,False,0,FROZEN_PRIMARY,True
N500_w0p1_point04,500,0.1,11.165841041,0.03365434,1.8,1.7911772097204084,20,18,22,2,4,0.2649151093176484,0.016031036026997653,2.958,0.179,0.9.2,genuine PERM population control with fixed independent pilot thresholds,512,8,2048,0.5,0.5,2.0,OK,False,False,0,FROZEN_PRIMARY,True
N500_w0p1_point05,500,0.1,11.165841041,0.03365434,2.0,1.970294930692449,22,20,24,2,4,0.21628464807373932,0.012717358189014897,2.415,0.142,0.9.2,genuine PERM population control with fixed independent pilot thresholds,512,8,2048,0.5,0.5,2.0,OK,False,False,0,FROZEN_PRIMARY,True
N500_w0p1_point06,500,0.1,11.165841041,0.03365434,2.2,2.14941265166449,24,22,26,2,4,0.16299712608455716,0.010030592374434287,1.82,0.112,0.9.2,genuine PERM population control with fixed independent pilot thresholds,512,8,2048,0.5,0.5,2.0,OK,False,False,0,FROZEN_PRIMARY,True
N500_w0p1_point07,500,0.1,11.165841041,0.03365434,2.4,2.3285303726365307,26,24,28,2,4,0.13917446919527574,0.006806473396937552,1.554,0.076,0.9.2,genuine PERM population control with fixed independent pilot thresholds,512,8,2048,0.5,0.5,2.0,OK,False,False,0,FROZEN_PRIMARY,True
N500_w0p1_point08,500,0.1,11.165841041,0.03365434,2.6,2.6867658145806126,30,28,32,2,4,0.07245311813319052,0.016747506910885817,0.809,0.187,0.9.2,genuine PERM population control with fixed independent pilot thresholds,512,8,2048,0.5,0.5,2.0,OK,False,False,0,FROZEN_PRIMARY,True
N500_w0p1_point09,500,0.1,11.165841041,0.03365434,2.8,2.8658835355526535,32,30,34,2,4,0.05731767071105307,0.012090446165612757,0.64,0.135,0.9.2,genuine PERM population control with fixed independent pilot thresholds,512,8,2048,0.5,0.5,2.0,OK,False,False,0,FROZEN_PRIMARY,True
N500_w0p1_point10,500,0.1,11.165841041,0.03365434,3.0,3.045001256524694,34,32,36,2,4,0.05149634477946174,0.011284416421238572,0.575,0.126,0.9.2,genuine PERM population control with fixed independent pilot thresholds,512,8,2048,0.5,0.5,2.0,OK,False,False,0,FROZEN_PRIMARY,True
N1000_w0p1_point01,1000,0.1,16.5791636465,0.1327475,1.2,1.2063334693135843,20,18,22,2,4,0.600573117697768,0.032329736977604065,9.957,0.536,0.9.2,genuine PERM population control with fixed independent pilot thresholds,512,8,2048,0.5,0.5,2.0,OK,False,False,0,FROZEN_PRIMARY,True
N1000_w0p1_point02,1000,0.1,16.5791636465,0.1327475,1.4,1.4476001631763011,24,22,26,2,4,0.3102086516339882,0.01839658540703216,5.143,0.305,0.9.2,genuine PERM population control with fixed independent pilot thresholds,512,8,2048,0.5,0.5,2.0,OK,False,False,0,FROZEN_PRIMARY,True
N1000_w0p1_point03,1000,0.1,16.5791636465,0.1327475,1.6,1.5682335101076597,26,24,28,2,4,0.2424127106585648,0.02533300285558527,4.019,0.42,0.9.2,genuine PERM population control with fixed independent pilot thresholds,512,8,2048,0.5,0.5,2.0,OK,False,False,0,FROZEN_PRIMARY,True
N1000_w0p1_point04,1000,0.1,16.5791636465,0.1327475,1.8,1.8095002039703765,30,28,32,2,4,0.1462076164808064,0.01906006881515463,2.424,0.316,0.9.2,genuine PERM population control with fixed independent pilot thresholds,512,8,2048,0.5,0.5,2.0,OK,False,False,0,FROZEN_PRIMARY,True
N1000_w0p1_point05,1000,0.1,16.5791636465,0.1327475,2.0,2.0507668978330935,34,32,36,2,4,0.0943352773003223,0.020628302325262294,1.564,0.342,0.9.2,genuine PERM population control with fixed independent pilot thresholds,512,8,2048,0.5,0.5,2.0,OK,False,False,0,FROZEN_PRIMARY,True
N1000_w0p1_point06,1000,0.1,16.5791636465,0.1327475,2.2,2.1714002447644516,36,34,38,2,4,0.12039208023749572,0.015561701754145238,1.996,0.258,0.9.2,genuine PERM population control with fixed independent pilot thresholds,512,8,2048,0.5,0.5,2.0,OK,False,False,0,FROZEN_PRIMARY,True
N1000_w0p1_point07,1000,0.1,16.5791636465,0.1327475,2.4,2.4126669386271686,40,38,42,2,4,0.08601157636205856,0.011460167958479052,1.426,0.19,0.9.2,genuine PERM population control with fixed independent pilot thresholds,512,8,2048,0.5,0.5,2.0,OK,False,False,0,FROZEN_PRIMARY,True
N1000_w0p1_point08,1000,0.1,16.5791636465,0.1327475,2.6,2.6539336324898857,44,42,46,2,4,0.062427757036977984,0.012244284713532881,1.035,0.203,0.9.2,genuine PERM population control with fixed independent pilot thresholds,512,8,2048,0.5,0.5,2.0,OK,False,False,0,FROZEN_PRIMARY,True
N1000_w0p1_point09,1000,0.1,16.5791636465,0.1327475,2.8,2.7745669794212438,46,44,48,2,4,0.03582810403861345,0.014958535019488446,0.594,0.248,0.9.2,genuine PERM population control with fixed independent pilot thresholds,512,8,2048,0.5,0.5,2.0,OK,False,False,0,FROZEN_PRIMARY,True
N1000_w0p1_point10,1000,0.1,16.5791636465,0.1327475,3.0,3.015833673283961,50,48,52,2,4,0.055973872976150314,0.013993468244037579,0.928,0.232,0.9.2,genuine PERM population control with fixed independent pilot thresholds,512,8,2048,0.5,0.5,2.0,OK,False,False,0,FROZEN_PRIMARY,True
N2000_w0p1_point01,2000,0.1,24.357089468,0.0,1.2,1.2316742539954773,30,28,32,2,4,0.3582119288703513,0.018434058001465643,8.725,0.449,0.9.2,genuine PERM population control with fixed independent pilot thresholds,512,16,8192,0.5,0.5,2.0,OK,False,False,0,FROZEN_PRIMARY,True
N2000_w0p1_point02,2000,0.1,24.357089468,0.0,1.4,1.3958974878615409,34,32,36,2,4,0.2499888177526154,0.023812368910579227,6.089,0.58,0.9.2,genuine PERM population control with fixed independent pilot thresholds,512,8,4096,0.5,0.5,2.0,OK,False,False,0,FROZEN_PRIMARY,True
N2000_w0p1_point03,2000,0.1,24.357089468,0.0,1.6,1.5601207217083892,38,36,40,2,4,0.17087427483763923,0.013219970326218123,4.162,0.322,0.9.2,genuine PERM population control with fixed independent pilot thresholds,512,8,4096,0.5,0.5,2.0,OK,False,False,0,FROZEN_PRIMARY,True
N2000_w0p1_point04,2000,0.1,24.357089468,0.0,1.8,1.8064555725267002,44,42,46,2,4,0.10957795279713096,0.01974784387239415,2.669,0.481,0.9.2,genuine PERM population control with fixed independent pilot thresholds,512,8,4096,0.5,0.5,2.0,OK,False,False,0,FROZEN_PRIMARY,True
N2000_w0p1_point05,2000,0.1,24.357089468,0.0,2.0,1.9706788063684915,48,46,50,2,4,0.08691514652361418,0.02763055909796521,2.117,0.673,0.9.2,genuine PERM population control with fixed independent pilot thresholds,512,8,4096,0.5,0.5,2.0,OK,False,False,0,FROZEN_PRIMARY,True
N2000_w0p1_point06,2000,0.1,24.357089468,0.0,2.2,2.2170136571918593,54,52,56,2,4,0.06827580947981596,0.021431132019521307,1.663,0.522,0.9.2,genuine PERM population control with fixed independent pilot thresholds,512,8,4096,0.5,0.5,2.0,OK,False,False,0,FROZEN_PRIMARY,True
N2000_w0p1_point07,2000,0.1,24.357089468,0.0,2.4,2.381236891057923,58,56,60,2,4,0.03243408868854757,0.014164253920947988,0.79,0.345,0.9.2,genuine PERM population control with fixed independent pilot thresholds,512,8,4096,0.5,0.5,2.0,OK,False,False,0,FROZEN_PRIMARY,True
N2000_w0p1_point08,2000,0.1,24.357089468,0.0,2.6,2.627571741857018,64,62,66,2,4,0.01757188602366881,0.019132006745396415,0.428,0.466,0.9.2,genuine PERM population control with fixed independent pilot thresholds,512,8,4096,0.5,0.5,2.0,OK,False,False,0,FROZEN_PRIMARY,True
N2000_w0p1_point09,2000,0.1,24.357089468,0.0,2.8,2.7917949757230818,68,66,70,2,4,0.027959005565697338,0.03140769347688467,0.681,0.765,0.9.2,genuine PERM population control with fixed independent pilot thresholds,512,8,4096,0.5,0.5,2.0,OK,False,False,0,FROZEN_PRIMARY,True
N2000_w0p1_point10,2000,0.1,24.357089468,0.0,3.0,3.0381298265221774,74,72,76,2,4,0.011618793796024002,0.010674510201294138,0.283,0.26,0.9.2,genuine PERM population control with fixed independent pilot thresholds,512,8,4096,0.5,0.5,2.0,OK,False,False,0,FROZEN_PRIMARY,True
N3000_L01,3000,0.1,29.2248410156,0.7541961135,1.2,1.2318287713107994,36,34,38,2,4,0.6517307948084862,0.1341360683402948,19.046728863248635,3.920105271702772,0.4,Numba single-path Rosenbluth with original pruning,,8,,0.5,0.5,2.0,LEGACY_NOT_FROZEN,False,False,,LEGACY_N3000_V04,False
N3000_L02,3000,0.1,29.2248410156,0.7541961135,1.4,1.368698634789777,40,38,42,2,4,0.4574902447175475,0.10779567876979353,13.370079668058263,3.150311574215904,0.4,Numba single-path Rosenbluth with original pruning,,8,,0.5,0.5,2.0,LEGACY_NOT_FROZEN,False,False,,LEGACY_N3000_V04,False
N3000_L03,3000,0.1,29.2248410156,0.7541961135,1.6,1.5740034300082435,46,44,48,2,4,-0.013281023244928747,0.12274255180021647,-0.38813579285753064,3.5871315622103737,0.4,Numba single-path Rosenbluth with original pruning,,8,,0.5,0.5,2.0,LEGACY_NOT_FROZEN,False,False,,LEGACY_N3000_V04,False
N3000_L04,3000,0.1,29.2248410156,0.7541961135,1.8,1.77930822522671,52,50,54,2,4,0.19555400957983693,0.06808793633138609,5.715034839933853,1.9898591143650535,0.4,Numba single-path Rosenbluth with original pruning,,8,,0.5,0.5,2.0,LEGACY_NOT_FROZEN,False,False,,LEGACY_N3000_V04,False
N3000_L05,3000,0.1,29.2248410156,0.7541961135,2.0,1.9846130204451766,58,56,60,2,4,0.11439751747428772,0.06908341905645057,3.3432492607653814,2.0189519387388395,0.4,Numba single-path Rosenbluth with original pruning,,8,,0.5,0.5,2.0,LEGACY_NOT_FROZEN,False,False,,LEGACY_N3000_V04,False
N3000_L06,3000,0.1,29.2248410156,0.7541961135,2.2,2.189917815663643,64,62,66,2,4,-0.11271487682768111,0.10587213216436533,-3.294074355381917,3.094096230486168,0.4,Numba single-path Rosenbluth with original pruning,,8,,0.5,0.5,2.0,LEGACY_NOT_FROZEN,False,False,,LEGACY_N3000_V04,False
N3000_L07,3000,0.1,29.2248410156,0.7541961135,2.4,2.3952226108821097,70,68,72,2,4,0.04833426673403096,0.09283862670103626,1.4125612609076588,2.7131941054444217,0.4,Numba single-path Rosenbluth with original pruning,,8,,0.5,0.5,2.0,LEGACY_NOT_FROZEN,False,False,,LEGACY_N3000_V04,False
N3000_L08,3000,0.1,29.2248410156,0.7541961135,2.6,2.6005274061005763,76,74,78,2,4,0.003692131460127257,0.08128921590506899,0.10790195493091417,2.375664411108424,0.4,Numba single-path Rosenbluth with original pruning,,8,,0.5,0.5,2.0,LEGACY_NOT_FROZEN,False,False,,LEGACY_N3000_V04,False
N3000_L09,3000,0.1,29.2248410156,0.7541961135,2.8,2.805832201319043,82,80,84,2,4,0.11483040570939806,0.056910276014811384,3.355900350614005,1.6631937686867766,0.4,Numba single-path Rosenbluth with original pruning,,8,,0.5,0.5,2.0,LEGACY_NOT_FROZEN,False,False,,LEGACY_N3000_V04,False
N3000_L10,3000,0.1,29.2248410156,0.7541961135,3.0,3.0111369965375094,88,86,90,2,4,0.05914121452354948,0.048198147262570934,1.7283925919202272,1.4085831909951119,0.4,Numba single-path Rosenbluth with original pruning,,8,,0.5,0.5,2.0,LEGACY_NOT_FROZEN,False,False,,LEGACY_N3000_V04,False
