w,L,L_over_Rg,Rg,Rg_err,accessible_layers,tether
0.1,4,0.5999291538906124,6.667453938618453,0.0072708123937637,1..L-1,L/2
0.1,6,0.8998937308359186,6.667453938618453,0.0072708123937637,1..L-1,L/2
0.1,8,1.1998583077812248,6.667453938618453,0.0072708123937637,1..L-1,L/2
0.1,10,1.4998228847265311,6.667453938618453,0.0072708123937637,1..L-1,L/2
0.1,12,1.7997874616718372,6.667453938618453,0.0072708123937637,1..L-1,L/2
0.1,14,2.0997520386171433,6.667453938618453,0.0072708123937637,1..L-1,L/2
0.1,16,2.3997166155624496,6.667453938618453,0.0072708123937637,1..L-1,L/2
0.1,18,2.699681192507756,6.667453938618453,0.0072708123937637,1..L-1,L/2
0.1,20,2.9996457694530623,6.667453938618453,0.0072708123937637,1..L-1,L/2
0.1,22,3.299610346398368,6.667453938618453,0.0072708123937637,1..L-1,L/2
0.1,24,3.5995749233436745,6.667453938618453,0.0072708123937637,1..L-1,L/2
0.1,26,3.8995395002889808,6.667453938618453,0.0072708123937637,1..L-1,L/2
0.2,4,0.558729607928603,7.15909796659843,0.0105525934921017,1..L-1,L/2
0.2,6,0.8380944118929046,7.15909796659843,0.0105525934921017,1..L-1,L/2
0.2,8,1.117459215857206,7.15909796659843,0.0105525934921017,1..L-1,L/2
0.2,10,1.3968240198215076,7.15909796659843,0.0105525934921017,1..L-1,L/2
0.2,12,1.6761888237858091,7.15909796659843,0.0105525934921017,1..L-1,L/2
0.2,14,1.9555536277501107,7.15909796659843,0.0105525934921017,1..L-1,L/2
0.2,16,2.234918431714412,7.15909796659843,0.0105525934921017,1..L-1,L/2
0.2,18,2.5142832356787137,7.15909796659843,0.0105525934921017,1..L-1,L/2
0.2,20,2.7936480396430152,7.15909796659843,0.0105525934921017,1..L-1,L/2
0.2,22,3.0730128436073167,7.15909796659843,0.0105525934921017,1..L-1,L/2
0.2,24,3.3523776475716183,7.15909796659843,0.0105525934921017,1..L-1,L/2
0.2,26,3.63174245153592,7.15909796659843,0.0105525934921017,1..L-1,L/2
0.2,28,3.9111072555002213,7.15909796659843,0.0105525934921017,1..L-1,L/2
0.3,4,0.5299448981951708,7.547954539467724,0.0146480562237598,1..L-1,L/2
0.3,6,0.7949173472927562,7.547954539467724,0.0146480562237598,1..L-1,L/2
0.3,8,1.0598897963903415,7.547954539467724,0.0146480562237598,1..L-1,L/2
0.3,10,1.3248622454879269,7.547954539467724,0.0146480562237598,1..L-1,L/2
0.3,12,1.5898346945855124,7.547954539467724,0.0146480562237598,1..L-1,L/2
0.3,14,1.8548071436830977,7.547954539467724,0.0146480562237598,1..L-1,L/2
0.3,16,2.119779592780683,7.547954539467724,0.0146480562237598,1..L-1,L/2
0.3,18,2.3847520418782686,7.547954539467724,0.0146480562237598,1..L-1,L/2
0.3,20,2.6497244909758537,7.547954539467724,0.0146480562237598,1..L-1,L/2
0.3,22,2.9146969400734393,7.547954539467724,0.0146480562237598,1..L-1,L/2
0.3,24,3.179669389171025,7.547954539467724,0.0146480562237598,1..L-1,L/2
0.3,26,3.44464183826861,7.547954539467724,0.0146480562237598,1..L-1,L/2
0.3,28,3.7096142873661955,7.547954539467724,0.0146480562237598,1..L-1,L/2
0.3,30,3.974586736463781,7.547954539467724,0.0146480562237598,1..L-1,L/2
0.4,4,0.512302607533873,7.807885302897903,0.021617663119327,1..L-1,L/2
0.4,6,0.7684539113008096,7.807885302897903,0.021617663119327,1..L-1,L/2
0.4,8,1.024605215067746,7.807885302897903,0.021617663119327,1..L-1,L/2
0.4,10,1.2807565188346826,7.807885302897903,0.021617663119327,1..L-1,L/2
0.4,12,1.5369078226016193,7.807885302897903,0.021617663119327,1..L-1,L/2
0.4,14,1.7930591263685558,7.807885302897903,0.021617663119327,1..L-1,L/2
0.4,16,2.049210430135492,7.807885302897903,0.021617663119327,1..L-1,L/2
0.4,18,2.3053617339024286,7.807885302897903,0.021617663119327,1..L-1,L/2
0.4,20,2.561513037669365,7.807885302897903,0.021617663119327,1..L-1,L/2
0.4,22,2.817664341436302,7.807885302897903,0.021617663119327,1..L-1,L/2
0.4,24,3.0738156452032386,7.807885302897903,0.021617663119327,1..L-1,L/2
0.4,26,3.329966948970175,7.807885302897903,0.021617663119327,1..L-1,L/2
0.4,28,3.5861182527371116,7.807885302897903,0.021617663119327,1..L-1,L/2
0.4,30,3.842269556504048,7.807885302897903,0.021617663119327,1..L-1,L/2
0.4,32,4.098420860270984,7.807885302897903,0.021617663119327,1..L-1,L/2
0.5,4,0.5000971052831313,7.998446617153261,0.0196200078211687,1..L-1,L/2
0.5,6,0.750145657924697,7.998446617153261,0.0196200078211687,1..L-1,L/2
0.5,8,1.0001942105662627,7.998446617153261,0.0196200078211687,1..L-1,L/2
0.5,10,1.2502427632078283,7.998446617153261,0.0196200078211687,1..L-1,L/2
0.5,12,1.500291315849394,7.998446617153261,0.0196200078211687,1..L-1,L/2
0.5,14,1.7503398684909597,7.998446617153261,0.0196200078211687,1..L-1,L/2
0.5,16,2.0003884211325254,7.998446617153261,0.0196200078211687,1..L-1,L/2
0.5,18,2.250436973774091,7.998446617153261,0.0196200078211687,1..L-1,L/2
0.5,20,2.5004855264156567,7.998446617153261,0.0196200078211687,1..L-1,L/2
0.5,22,2.750534079057222,7.998446617153261,0.0196200078211687,1..L-1,L/2
0.5,24,3.000582631698788,7.998446617153261,0.0196200078211687,1..L-1,L/2
0.5,26,3.2506311843403535,7.998446617153261,0.0196200078211687,1..L-1,L/2
0.5,28,3.5006797369819194,7.998446617153261,0.0196200078211687,1..L-1,L/2
0.5,30,3.750728289623485,7.998446617153261,0.0196200078211687,1..L-1,L/2
0.5,32,4.000776842265051,7.998446617153261,0.0196200078211687,1..L-1,L/2
