w,L,cumulative_blocks,DeltaF_relative_to_Lref,DeltaF_relative_err,Lref,L_over_Rg
0.1,4,4,22.994847199689616,0.12138526697931412,26,0.5999291538906124
0.1,6,4,10.360215986401897,0.05115064478282462,26,0.8998937308359186
0.1,8,4,5.569422867658318,0.07861670685227144,26,1.1998583077812248
0.1,10,4,3.4606402000573553,0.0873834636025586,26,1.4998228847265311
0.1,12,4,2.268449342257213,0.05132272527948005,26,1.7997874616718372
0.1,14,4,1.5064854938680696,0.056810085403308674,26,2.0997520386171433
0.1,16,4,0.9710153033038296,0.04972247698839278,26,2.3997166155624496
0.1,18,4,0.5996152193324065,0.062061227867280036,26,2.699681192507756
0.1,20,4,0.3770698092050111,0.06794279672400112,26,2.9996457694530623
0.1,22,4,0.24189097239099056,0.05696047984758283,26,3.299610346398368
0.1,24,4,0.10381876596630946,0.0487513861527219,26,3.5995749233436745
0.1,4,8,22.969079798931887,0.05936045159735573,26,0.5999291538906124
0.1,6,8,10.265745851954648,0.06222320106927004,26,0.8998937308359186
0.1,8,8,5.66823673347551,0.055759071561349474,26,1.1998583077812248
0.1,10,8,3.5025330002975466,0.05280802168619776,26,1.4998228847265311
0.1,12,8,2.2268730931234586,0.04078100981565494,26,1.7997874616718372
0.1,14,8,1.4860907344631187,0.03309171596061178,26,2.0997520386171433
0.1,16,8,1.0285702730828348,0.033636447970659705,26,2.3997166155624496
0.1,18,8,0.6347545551155918,0.041093978393392454,26,2.699681192507756
0.1,20,8,0.38665282957811087,0.037319334255427425,26,2.9996457694530623
0.1,22,8,0.2578953775887385,0.032900121154772366,26,3.299610346398368
0.1,24,8,0.08865432929439976,0.030227970007218073,26,3.5995749233436745
0.1,4,12,22.978619502591926,0.06154168906860479,26,0.5999291538906124
0.1,6,12,10.301023126502514,0.04461678519708778,26,0.8998937308359186
0.1,8,12,5.693586969424075,0.048085519056838624,26,1.1998583077812248
0.1,10,12,3.4595236059267904,0.04844755987467599,26,1.4998228847265311
0.1,12,12,2.189880141371816,0.03449877221567983,26,1.7997874616718372
0.1,14,12,1.4760923930759304,0.026561857717765012,26,2.0997520386171433
0.1,16,12,1.0222072559016055,0.025644320703224213,26,2.3997166155624496
0.1,18,12,0.6484570085553969,0.03483355593617282,26,2.699681192507756
0.1,20,12,0.40580978839949466,0.02569655556326413,26,2.9996457694530623
0.1,22,12,0.23624835733090777,0.026152795045906806,26,3.299610346398368
0.1,24,12,0.08636454372344815,0.021493241579530083,26,3.5995749233436745
0.1,4,16,22.967279575304133,0.053489146153284345,26,0.5999291538906124
0.1,6,16,10.27640726009895,0.043139394330211425,26,0.8998937308359186
0.1,8,16,5.667738098286691,0.04143264882182923,26,1.1998583077812248
0.1,10,16,3.4310555133463936,0.0389372533883347,26,1.4998228847265311
0.1,12,16,2.2072275349996744,0.030888580103821953,26,1.7997874616718372
0.1,14,16,1.4835182021861328,0.026572982161245824,26,2.0997520386171433
0.1,16,16,1.0104119695629947,0.022345713638676303,26,2.3997166155624496
0.1,18,16,0.6670152882513207,0.0321527161586262,26,2.699681192507756
0.1,20,16,0.4015324478868365,0.023750344876568432,26,2.9996457694530623
0.1,22,16,0.21340696349233212,0.022232809383712943,26,3.299610346398368
0.1,24,16,0.0796760681432147,0.01869805982723838,26,3.5995749233436745
0.1,4,20,23.01846704073523,0.04928552348101145,26,0.5999291538906124
0.1,6,20,10.294376561823412,0.04428842828664128,26,0.8998937308359186
0.1,8,20,5.67670865276267,0.03507124794044693,26,1.1998583077812248
0.1,10,20,3.4731354064264224,0.035346626328582056,26,1.4998228847265311
0.1,12,20,2.2310012305969167,0.02749761116725415,26,1.7997874616718372
0.1,14,20,1.521714531342468,0.028308968924501996,26,2.0997520386171433
0.1,16,20,1.025872386570768,0.021149393583088854,26,2.3997166155624496
0.1,18,20,0.6837505607322214,0.02829999084885551,26,2.699681192507756
0.1,20,20,0.4332889470582586,0.023611112379922253,26,2.9996457694530623
0.1,22,20,0.23235591774641762,0.020977513461408342,26,3.299610346398368
0.1,24,20,0.11154072160593387,0.019539440949077315,26,3.5995749233436745
0.2,4,4,24.579458892035632,0.08103792330064712,28,0.558729607928603
0.2,6,4,11.317517361743626,0.07401489133446817,28,0.8380944118929046
0.2,8,4,6.355657479704689,0.06283372201100948,28,1.117459215857206
0.2,10,4,3.980587518539437,0.05911002497422291,28,1.3968240198215076
0.2,12,4,2.5929356808910597,0.09879446030108725,28,1.6761888237858091
0.2,14,4,1.7168447260258972,0.09018033781713271,28,1.9555536277501107
0.2,16,4,1.1728039683650877,0.09086785983647601,28,2.234918431714412
0.2,18,4,0.8803298369393247,0.07411057523623188,28,2.5142832356787137
0.2,20,4,0.5948608717083061,0.09472293009789506,28,2.7936480396430152
0.2,22,4,0.33234900201415485,0.06179387539394097,28,3.0730128436073167
0.2,24,4,0.27191847273940084,0.09056268311895034,28,3.3523776475716183
0.2,26,4,0.12524531127780847,0.05863145999978925,28,3.63174245153592
0.2,4,8,24.562874416415468,0.0702428487402625,28,0.558729607928603
0.2,6,8,11.262674490679501,0.0523638948880988,28,0.8380944118929046
0.2,8,8,6.356037145819528,0.056679251356528494,28,1.117459215857206
0.2,10,8,3.9846180598269143,0.04073439063427373,28,1.3968240198215076
0.2,12,8,2.6206590403189693,0.06246179855567249,28,1.6761888237858091
0.2,14,8,1.7636348287267083,0.05798618482536918,28,1.9555536277501107
0.2,16,8,1.2103676648983992,0.05212102520297921,28,2.234918431714412
0.2,18,8,0.8393394179132088,0.04866520136755615,28,2.5142832356787137
0.2,20,8,0.5539319364796711,0.051180008037899814,28,2.7936480396430152
0.2,22,8,0.31869004302859594,0.04698643898187943,28,3.0730128436073167
0.2,24,8,0.23636986242183866,0.04899159496710282,28,3.3523776475716183
0.2,26,8,0.1382614894641847,0.05705197421199779,28,3.63174245153592
0.2,4,12,24.628727840922465,0.05553898036962543,28,0.558729607928603
0.2,6,12,11.313570110316846,0.0687898875795523,28,0.8380944118929046
0.2,8,12,6.370488915061173,0.04462437259400959,28,1.117459215857206
0.2,10,12,3.9688790059111625,0.03551562923899743,28,1.3968240198215076
0.2,12,12,2.645037863331879,0.05142523893903575,28,1.6761888237858091
0.2,14,12,1.8097924507537755,0.05329748275695677,28,1.9555536277501107
0.2,16,12,1.220264850931926,0.043752502355743746,28,2.234918431714412
0.2,18,12,0.8681147864758145,0.03489900792473212,28,2.5142832356787137
0.2,20,12,0.60351516994956,0.04253521835693345,28,2.7936480396430152
0.2,22,12,0.3904406401861138,0.0450020602137355,28,3.0730128436073167
0.2,24,12,0.22314257429428608,0.037290671400996754,28,3.3523776475716183
0.2,26,12,0.13590397148550437,0.04175539355892014,28,3.63174245153592
0.2,4,16,24.618519737514646,0.0456306578746994,28,0.558729607928603
0.2,6,16,11.250483493712807,0.061396290943631464,28,0.8380944118929046
0.2,8,16,6.365553814026782,0.03712759337394296,28,1.117459215857206
0.2,10,16,4.004194637502735,0.04089159129154059,28,1.3968240198215076
0.2,12,16,2.6423558367519036,0.04111543635872779,28,1.6761888237858091
0.2,14,16,1.8104663883037801,0.04398133042158623,28,1.9555536277501107
0.2,16,16,1.2046341042809559,0.036120163169488,28,2.234918431714412
0.2,18,16,0.8537269435975645,0.031187452475643022,28,2.5142832356787137
0.2,20,16,0.6138018731405168,0.037265251784034524,28,2.7936480396430152
0.2,22,16,0.37708190550898735,0.03651232557888756,28,3.0730128436073167
0.2,24,16,0.1974184956242766,0.03158628732541466,28,3.3523776475716183
0.2,26,16,0.10988237145721769,0.03480181940991455,28,3.63174245153592
0.2,4,20,24.593176433608676,0.04504611960794653,28,0.558729607928603
0.2,6,20,11.251452976782957,0.05924811929328364,28,0.8380944118929046
0.2,8,20,6.345482452275974,0.03891563261919949,28,1.117459215857206
0.2,10,20,4.000650425140293,0.036686458984797485,28,1.3968240198215076
0.2,12,20,2.651152607970971,0.037236133324883035,28,1.6761888237858091
0.2,14,20,1.8507992945527008,0.040782997209123026,28,1.9555536277501107
0.2,16,20,1.2268517573008921,0.035927605941031934,28,2.234918431714412
0.2,18,20,0.8694454208989555,0.03216550148283935,28,2.5142832356787137
0.2,20,20,0.6175690401298652,0.03318519542744501,28,2.7936480396430152
0.2,22,20,0.38610435070472704,0.032015630885012844,28,3.0730128436073167
0.2,24,20,0.21366775840346008,0.028506515108145763,28,3.3523776475716183
0.2,26,20,0.10587165314899494,0.03125211564824067,28,3.63174245153592
0.3,4,4,25.519152145812598,0.21253508540570062,30,0.5299448981951708
0.3,6,4,11.966875754867374,0.11029463613725962,30,0.7949173472927562
0.3,8,4,6.840537759313065,0.12263685712799227,30,1.0598897963903415
0.3,10,4,4.3695719010698895,0.10997955629545125,30,1.3248622454879269
0.3,12,4,2.9331720827242407,0.08512841727974088,30,1.5898346945855124
0.3,14,4,2.008258272804028,0.08955496365014894,30,1.8548071436830977
0.3,16,4,1.515141720337283,0.08012735614482173,30,2.119779592780683
0.3,18,4,1.087247009862267,0.07796895041814546,30,2.3847520418782686
0.3,20,4,0.6877833638301922,0.0794976502222768,30,2.6497244909758537
0.3,22,4,0.45034227705519925,0.06725424917988541,30,2.9146969400734393
0.3,24,4,0.38360471389296436,0.07497014164679774,30,3.179669389171025
0.3,26,4,0.2404831814498607,0.08620091909907866,30,3.44464183826861
0.3,28,4,0.07429124233573248,0.09884755720408,30,3.7096142873661955
0.3,4,8,25.84282288526208,0.166155603818665,30,0.5299448981951708
0.3,6,8,12.072893025006636,0.06468028991120435,30,0.7949173472927562
0.3,8,8,6.918675898198217,0.07904422828941987,30,1.0598897963903415
0.3,10,8,4.369966137696508,0.0737864322934201,30,1.3248622454879269
0.3,12,8,2.9651124125520028,0.05064765486796113,30,1.5898346945855124
0.3,14,8,2.0541677223702095,0.06023313589743039,30,1.8548071436830977
0.3,16,8,1.4934136274292769,0.06307490839311455,30,2.119779592780683
0.3,18,8,1.1465951645239443,0.05389122155553113,30,2.3847520418782686
0.3,20,8,0.7462468488864715,0.04494920653344948,30,2.6497244909758537
0.3,22,8,0.5527734096089603,0.05787470607459762,30,2.9146969400734393
0.3,24,8,0.3669673830577267,0.050947822079374136,30,3.179669389171025
0.3,26,8,0.20677642119926531,0.05511983564328386,30,3.44464183826861
0.3,28,8,0.06023843747823321,0.05356384892358996,30,3.7096142873661955
0.3,4,12,25.841483775447387,0.12072820107168007,30,0.5299448981951708
0.3,6,12,12.017662585419941,0.0606100188454851,30,0.7949173472927562
0.3,8,12,6.817356657822415,0.06705284528855057,30,1.0598897963903415
0.3,10,12,4.284205004715432,0.06743936514191025,30,1.3248622454879269
0.3,12,12,2.9692622708521412,0.05975625770691682,30,1.5898346945855124
0.3,14,12,1.98945701266166,0.04805448988121981,30,1.8548071436830977
0.3,16,12,1.4584194423767372,0.058126960588071194,30,2.119779592780683
0.3,18,12,1.0923461213489531,0.04240622541359491,30,2.3847520418782686
0.3,20,12,0.7061669285909034,0.03968632347230122,30,2.6497244909758537
0.3,22,12,0.49895202235427405,0.046666208655921984,30,2.9146969400734393
0.3,24,12,0.3215211737172581,0.04411753532777544,30,3.179669389171025
0.3,26,12,0.1699037836492039,0.04963718145789244,30,3.44464183826861
0.3,28,12,0.014059672291750758,0.04410707666249606,30,3.7096142873661955
0.3,4,16,25.846653187561344,0.09764079568300817,30,0.5299448981951708
0.3,6,16,11.992605159010338,0.05122736885506168,30,0.7949173472927562
0.3,8,16,6.816673421401504,0.05745780340833846,30,1.0598897963903415
0.3,10,16,4.263421566786803,0.05752308175617795,30,1.3248622454879269
0.3,12,16,2.9692504770092683,0.05211152739952783,30,1.5898346945855124
0.3,14,16,1.9623635570677038,0.04365910000057078,30,1.8548071436830977
0.3,16,16,1.3992025831021238,0.05529424119766149,30,2.119779592780683
0.3,18,16,1.0584424042825162,0.04029816807265475,30,2.3847520418782686
0.3,20,16,0.7110814754577177,0.041778464561044164,30,2.6497244909758537
0.3,22,16,0.49442123981560826,0.046677305799484634,30,2.9146969400734393
0.3,24,16,0.30198311735847483,0.044114703775252416,30,3.179669389171025
0.3,26,16,0.15722863664018405,0.04519497350274621,30,3.44464183826861
0.3,28,16,0.004937027150674567,0.043432753802688746,30,3.7096142873661955
0.3,4,20,25.79550049241601,0.08122187754990498,30,0.5299448981951708
0.3,6,20,11.992311456656239,0.045771106152961996,30,0.7949173472927562
0.3,8,20,6.819542923439315,0.05172559206257614,30,1.0598897963903415
0.3,10,20,4.236056626025913,0.050790273565734824,30,1.3248622454879269
0.3,12,20,2.9268487307911073,0.04611204862313856,30,1.5898346945855124
0.3,14,20,1.9324398089565307,0.048977095357845835,30,1.8548071436830977
0.3,16,20,1.3696699018197478,0.04939189100764525,30,2.119779592780683
0.3,18,20,1.01464354115393,0.037594047572783576,30,2.3847520418782686
0.3,20,20,0.7105529452823021,0.03864110834879114,30,2.6497244909758537
0.3,22,20,0.48897675032776533,0.04335357183409131,30,2.9146969400734393
0.3,24,20,0.28793899675548573,0.03943029989940201,30,3.179669389171025
0.3,26,20,0.13273267070519523,0.03974123298940275,30,3.44464183826861
0.3,28,20,0.029100418048585652,0.04310263829552224,30,3.7096142873661955
0.4,4,4,26.888189717583543,0.11391234682127942,32,0.512302607533873
0.4,6,4,12.600381938743851,0.10068736262120523,32,0.7684539113008096
0.4,8,4,7.264456290342196,0.10460700723807605,32,1.024605215067746
0.4,10,4,4.779826572090542,0.07532206047280757,32,1.2807565188346826
0.4,12,4,3.2578910866123465,0.10266660802252985,32,1.5369078226016193
0.4,14,4,2.242122794398142,0.11258602041767493,32,1.7930591263685558
0.4,16,4,1.6219798721942311,0.1184422625593505,32,2.049210430135492
0.4,18,4,1.2873748884819065,0.1117479068275275,32,2.3053617339024286
0.4,20,4,1.1223823497505805,0.11062810473503491,32,2.561513037669365
0.4,22,4,0.8050446499208306,0.08403305439371943,32,2.817664341436302
0.4,24,4,0.5558288709156614,0.1201653230976644,32,3.0738156452032386
0.4,26,4,0.4523111186901474,0.10262782304245706,32,3.329966948970175
0.4,28,4,0.3094983463901144,0.0867338943501637,32,3.5861182527371116
0.4,30,4,0.19137043743586446,0.10535877263258014,32,3.842269556504048
0.4,4,8,26.92062179536316,0.09443847134079827,32,0.512302607533873
0.4,6,8,12.610831310147887,0.09447511876088281,32,0.7684539113008096
0.4,8,8,7.2525588203462235,0.06662048666277472,32,1.024605215067746
0.4,10,8,4.658497023697919,0.07505948390285465,32,1.2807565188346826
0.4,12,8,3.1826539993455754,0.05921094289394843,32,1.5369078226016193
0.4,14,8,2.250356323397341,0.07116463292163652,32,1.7930591263685558
0.4,16,8,1.637679955460385,0.06730778674017436,32,2.049210430135492
0.4,18,8,1.2851947741115737,0.05855183385342796,32,2.3053617339024286
0.4,20,8,1.035057229577319,0.06630799018106476,32,2.561513037669365
0.4,22,8,0.8016551794715951,0.06717028549461318,32,2.817664341436302
0.4,24,8,0.5118962644989438,0.06503963869815714,32,3.0738156452032386
0.4,26,8,0.4130134369002576,0.06573074249966554,32,3.329966948970175
0.4,28,8,0.27477922800181886,0.06858162311424922,32,3.5861182527371116
0.4,30,8,0.17569159885965746,0.060289295453984794,32,3.842269556504048
0.4,4,12,26.808468758610445,0.09009423331526183,32,0.512302607533873
0.4,6,12,12.553218686350988,0.09315929302835778,32,0.7684539113008096
0.4,8,12,7.226454532872594,0.06766993725204498,32,1.024605215067746
0.4,10,12,4.591688302480179,0.07119593449658711,32,1.2807565188346826
0.4,12,12,3.091847002771601,0.056819086934613516,32,1.5369078226016193
0.4,14,12,2.2661866561070383,0.07091375288096892,32,1.7930591263685558
0.4,16,12,1.5728227274961455,0.0593411142255941,32,2.049210430135492
0.4,18,12,1.2123161935936082,0.059634117502651775,32,2.3053617339024286
0.4,20,12,0.9638631799181212,0.060720264842318024,32,2.561513037669365
0.4,22,12,0.7027119102522192,0.06105845944095115,32,2.817664341436302
0.4,24,12,0.4779833214370228,0.06150557144729201,32,3.0738156452032386
0.4,26,12,0.31839441030842863,0.06007991013653449,32,3.329966948970175
0.4,28,12,0.18749472705837888,0.06663959707097752,32,3.5861182527371116
0.4,30,12,0.1017603301496024,0.056691535223336975,32,3.842269556504048
0.4,4,16,26.71805824629672,0.08164226501162947,32,0.512302607533873
0.4,6,16,12.49945383531906,0.07459267682760251,32,0.7684539113008096
0.4,8,16,7.271920531536921,0.05654008097211429,32,1.024605215067746
0.4,10,16,4.608603296316687,0.054181428023610194,32,1.2807565188346826
0.4,12,16,3.09959109280544,0.04609952568760949,32,1.5369078226016193
0.4,14,16,2.206411155785645,0.06055400996971649,32,1.7930591263685558
0.4,16,16,1.5669295868768245,0.04766413562482207,32,2.049210430135492
0.4,18,16,1.2552847822011586,0.050686335074497685,32,2.3053617339024286
0.4,20,16,0.9401300768975034,0.048571198870055385,32,2.561513037669365
0.4,22,16,0.6715762141315622,0.048871242105186535,32,2.817664341436302
0.4,24,16,0.46163243888679517,0.04809932708541778,32,3.0738156452032386
0.4,26,16,0.30317384664084557,0.04868433161492475,32,3.329966948970175
0.4,28,16,0.17591685378818056,0.05279240188887804,32,3.5861182527371116
0.4,30,16,0.09784468499060495,0.04329158907865745,32,3.842269556504048
0.4,4,20,26.728580165288292,0.06771951197479661,32,0.512302607533873
0.4,6,20,12.541891344150713,0.062118324522633245,32,0.7684539113008096
0.4,8,20,7.27822974476959,0.0463245895580036,32,1.024605215067746
0.4,10,20,4.608658255762009,0.04415163837606111,32,1.2807565188346826
0.4,12,20,3.1254824621034345,0.042303219911232134,32,1.5369078226016193
0.4,14,20,2.2255619631641252,0.051849938304651094,32,1.7930591263685558
0.4,16,20,1.5963615654831642,0.0415460157650156,32,2.049210430135492
0.4,18,20,1.2230902377880852,0.044289672806095595,32,2.3053617339024286
0.4,20,20,0.9570740796993391,0.042108825299969246,32,2.561513037669365
0.4,22,20,0.6608251733997577,0.04251508486129626,32,2.817664341436302
0.4,24,20,0.4618597129502291,0.039888106488497416,32,3.0738156452032386
0.4,26,20,0.3150426778644828,0.04352162889456489,32,3.329966948970175
0.4,28,20,0.17289004788307238,0.04291054081149426,32,3.5861182527371116
0.4,30,20,0.1173173183047993,0.038048962061277745,32,3.842269556504048
0.5,4,4,27.826531701388433,0.19535564241419795,32,0.5000971052831313
0.5,6,4,12.954725074995906,0.16530462828513431,32,0.750145657924697
0.5,8,4,7.411283449701955,0.09153114595565878,32,1.0001942105662627
0.5,10,4,4.948072160688355,0.11323967027457411,32,1.2502427632078283
0.5,12,4,3.287166958172236,0.09970855791958173,32,1.500291315849394
0.5,14,4,2.436214063121156,0.15593711676177963,32,1.7503398684909597
0.5,16,4,1.7394431557293615,0.09036866785674863,32,2.0003884211325254
0.5,18,4,1.376935640028364,0.1227768118988769,32,2.250436973774091
0.5,20,4,1.1159967001013342,0.0674373546644774,32,2.5004855264156567
0.5,22,4,0.681433153136652,0.0844909868274437,32,2.750534079057222
0.5,24,4,0.5603111113172758,0.08367499643893034,32,3.000582631698788
0.5,26,4,0.3903501889598715,0.06639637255004661,32,3.2506311843403535
0.5,28,4,0.34141320779718853,0.08757881119156281,32,3.5006797369819194
0.5,30,4,0.1729633241280908,0.07792779998348463,32,3.750728289623485
0.5,4,8,27.555715466455865,0.1370800423275671,32,0.5000971052831313
0.5,6,8,12.844752297916273,0.10789790297741557,32,0.750145657924697
0.5,8,8,7.474675172585819,0.07659037015247686,32,1.0001942105662627
0.5,10,8,4.940490456419525,0.06779205467599655,32,1.2502427632078283
0.5,12,8,3.398246531583311,0.09209550033958723,32,1.500291315849394
0.5,14,8,2.3477930342377817,0.08834663826140005,32,1.7503398684909597
0.5,16,8,1.6668793457988045,0.056763217767596005,32,2.0003884211325254
0.5,18,8,1.3039351823781544,0.0787700943149512,32,2.250436973774091
0.5,20,8,1.0975108516142313,0.06380123910322598,32,2.5004855264156567
0.5,22,8,0.6544548275948046,0.05894442064044686,32,2.750534079057222
0.5,24,8,0.45849340156320295,0.06523944000422617,32,3.000582631698788
0.5,26,8,0.3455350133949082,0.047080320502656765,32,3.2506311843403535
0.5,28,8,0.25705518532072347,0.07471692264206521,32,3.5006797369819194
0.5,30,8,0.10432155107690733,0.0574996167861264,32,3.750728289623485
0.5,4,12,27.50301236397604,0.09764279882290461,32,0.5000971052831313
0.5,6,12,12.871231098749831,0.08137755075742628,32,0.750145657924697
0.5,8,12,7.4311135608636505,0.0621785164967305,32,1.0001942105662627
0.5,10,12,4.8702096704537325,0.060395230333010884,32,1.2502427632078283
0.5,12,12,3.3932585754434967,0.07627592743919429,32,1.500291315849394
0.5,14,12,2.3507878627045784,0.06654829390022406,32,1.7503398684909597
0.5,16,12,1.6887805886576075,0.05970110168360703,32,2.0003884211325254
0.5,18,12,1.2718511252685971,0.06974693832554754,32,2.250436973774091
0.5,20,12,1.0073040716451942,0.06675010493103356,32,2.5004855264156567
0.5,22,12,0.6550177892030433,0.049932707886850065,32,2.750534079057222
0.5,24,12,0.4637597732712493,0.05478866913986101,32,3.000582631698788
0.5,26,12,0.2891224813009785,0.04569616161059838,32,3.2506311843403535
0.5,28,12,0.22103360874331202,0.06083830101836074,32,3.5006797369819194
0.5,30,12,0.09238960434777255,0.051305992883724366,32,3.750728289623485
0.5,4,16,27.444284930551817,0.08115815406139965,32,0.5000971052831313
0.5,6,16,12.933718149630295,0.07144889772803782,32,0.750145657924697
0.5,8,16,7.464658860809209,0.06314895962218788,32,1.0001942105662627
0.5,10,16,4.859044275746442,0.05480117299848856,32,1.2502427632078283
0.5,12,16,3.3379320248137105,0.06502374415508726,32,1.500291315849394
0.5,14,16,2.359911444178522,0.06011920348705758,32,1.7503398684909597
0.5,16,16,1.6910102927491835,0.05730926080981845,32,2.0003884211325254
0.5,18,16,1.2321532747806714,0.06205672206452867,32,2.250436973774091
0.5,20,16,0.9531087051653913,0.05927078518368259,32,2.5004855264156567
0.5,22,16,0.6125833460773151,0.04508767758039205,32,2.750534079057222
0.5,24,16,0.47739639127894407,0.04730469654549815,32,3.000582631698788
0.5,26,16,0.2496288426638671,0.0430054580737784,32,3.2506311843403535
0.5,28,16,0.21775804724774162,0.04999293638136582,32,3.5006797369819194
0.5,30,16,0.06496354997648268,0.04363580346026228,32,3.750728289623485
0.5,4,20,27.450335966535988,0.07174075544367742,32,0.5000971052831313
0.5,6,20,12.933751167319087,0.05870877043969657,32,0.750145657924697
0.5,8,20,7.435804059828342,0.05372450571527534,32,1.0001942105662627
0.5,10,20,4.8057107914826815,0.05381393146570959,32,1.2502427632078283
0.5,12,20,3.3555339326936746,0.05492963002350359,32,1.500291315849394
0.5,14,20,2.3781371774567788,0.05442008597801869,32,1.7503398684909597
0.5,16,20,1.678638111629084,0.04716470027580305,32,2.0003884211325254
0.5,18,20,1.2125974035404283,0.05189149615074043,32,2.250436973774091
0.5,20,20,0.9261388793251513,0.053268149134183554,32,2.5004855264156567
0.5,22,20,0.6169527140560831,0.037886486164322664,32,2.750534079057222
0.5,24,20,0.5002728753631231,0.04539958557386992,32,3.000582631698788
0.5,26,20,0.2504866000104471,0.036637179886806995,32,3.2506311843403535
0.5,28,20,0.2034188120521776,0.04292805535334997,32,3.5006797369819194
0.5,30,20,0.07319276506080996,0.04051402262799843,32,3.750728289623485
