w,x,log_residual_to_pooled_mean,relative_residual
0.1,0.8998937308359186,0.14843757327832563,0.16002037924467305
0.2,0.8998937308359186,0.04225821728252832,0.043163806900125
0.3,0.8998937308359186,-0.023220540307567816,-0.02295301823115614
0.4,0.8998937308359186,-0.07113529891215498,-0.06866412512793552
0.5,0.8998937308359186,-0.0963399513411316,-0.09184476500368266
0.1,0.9158244605829977,0.1470131384068467,0.15836918205547068
0.2,0.9158244605829977,0.04145287391175767,0.04232404003933521
0.3,0.9158244605829977,-0.02230248525813927,-0.02205562345013823
0.4,0.9158244605829977,-0.07034724501005263,-0.06792989298832164
0.5,0.9158244605829977,-0.0958162820504116,-0.0913690674526797
0.1,0.9320372104637639,0.14558870353536735,0.15672033521476725
0.2,0.9320372104637639,0.040647530540986576,0.041484949206965105
0.3,0.9320372104637639,-0.02138443020871117,-0.0211574044330215
0.4,0.9320372104637639,-0.06955919110795072,-0.06719508200615587
0.5,0.9320372104637639,-0.09529261275969159,-0.09089312072824118
0.1,0.9485369730527612,0.14416426866388843,0.15507383537702868
0.2,0.9485369730527612,0.039842187170215926,0.040646533858800016
0.3,0.9485369730527612,-0.020466375159282624,-0.020258360422763633
0.4,0.9485369730527612,-0.06877113720584882,-0.06645969172509891
0.5,0.9485369730527612,-0.09476894346897202,-0.09041692469984874
0.1,0.9653288293075875,0.14273983379240907,0.15342967920148087
0.2,0.9653288293075875,0.039036843799445275,0.039808793451061586
0.3,0.9653288293075875,-0.019548320109854522,-0.019358490661628425
0.4,0.9653288293075875,-0.06798308330374736,-0.06572372168845253
0.5,0.9653288293075875,-0.09424527417825201,-0.0899404792369145
0.1,0.9824179501335303,0.1413153989209297,0.15178786335210703
0.2,0.9824179501335303,0.03823150042867418,0.03897172744040933
0.3,0.9824179501335303,-0.01863026506042642,-0.01845779439118278
0.4,0.9824179501335303,-0.06719502940164546,-0.06498717143915711
0.5,0.9824179501335303,-0.0937216048875329,-0.08946378420878431
0.1,0.9998095979759024,0.13989096404945078,0.15014838449763812
0.2,0.9998095979759024,0.037426157057903975,0.03813533528394242
0.3,0.9998095979759024,-0.01771221001099743,-0.017556270852296385
0.4,0.9998095979759024,-0.06640697549954311,-0.06425004051979355
0.5,0.9998095979759024,-0.09319793559681244,-0.0889868394847323
0.1,1.0175091284405657,0.13831545211073903,0.14833773870813904
0.2,1.0175091284405657,0.036469736619900495,0.03714291609251252
0.3,1.0175091284405657,-0.016945232028801716,-0.016802469105574813
0.4,1.0175091284405657,-0.06576999866467359,-0.06365379959670647
0.5,1.0175091284405657,-0.09206995803716334,-0.08795865730893115
0.1,1.0355219919431433,0.13627751306153524,0.14599987940526593
0.2,1.0355219919431433,0.03505088907140541,0.035672411865926845
0.3,1.0355219919431433,-0.016640681157098047,-0.016502989839462967
0.4,1.0355219919431433,-0.06330024067824036,-0.06133839302019317
0.5,1.0355219919431433,-0.09138748029760446,-0.08733599694323602
0.1,1.0538537353874269,0.13393855894576578,0.14332257054251563
0.2,1.0538537353874269,0.033331026456344226,0.03389272844747859
0.3,1.0538537353874269,-0.016637145351960037,-0.0164995123795334
0.4,1.0538537353874269,-0.05962642242553873,-0.05788357858097182
0.5,1.0538537353874269,-0.09100601762461125,-0.08698778328205081
0.1,1.0725100038734978,0.13155118104703822,0.14059628314052008
0.2,1.0725100038734978,0.031562740058324934,0.03206612545332588
0.3,1.0725100038734978,-0.01643991441499315,-0.016305516526489594
0.4,1.0725100038734978,-0.05600102795579476,-0.054461836081538095
0.5,1.0725100038734978,-0.09067297873457614,-0.08668366406785477
0.1,1.091496542436086,0.12914043855150403,0.1378499109386786
0.2,1.091496542436086,0.029771089063499456,0.030218678637088825
0.3,1.091496542436086,-0.016149225090797525,-0.016019525476615004
0.4,1.091496542436086,-0.05239899808285786,-0.05104983799870533
0.5,1.091496542436086,-0.09036330444134766,-0.08640078967982845
0.1,1.110819197813703,0.12672969605596984,0.1351101515589046
0.2,1.110819197813703,0.02797943806867309,0.028374538837382834
0.3,1.110819197813703,-0.015858535766602344,-0.01573345128011161
0.4,1.110819197813703,-0.048796968209920966,-0.04762552763556338
0.5,1.110819197813703,-0.09005363014811918,-0.08611782767931098
0.1,1.1304839202490946,0.12388725039244308,0.1318882438490625
0.2,1.1304839202490946,0.027914599745814783,0.02830786291861509
0.3,1.1304839202490946,-0.01599954961039929,-0.015872236703904363
0.4,1.1304839202490946,-0.045626641504976195,-0.04460139820652742
0.5,1.1304839202490946,-0.09017565902288327,-0.08622934088841216
0.1,1.1504967653215652,0.12082278124489498,0.12842491658741872
0.2,1.1504967653215652,0.02873785535904494,0.029154771702263993
0.3,1.1504967653215652,-0.016362586938218016,-0.016229446973069495
0.4,1.1504967653215652,-0.04267833828405321,-0.04178043695044731
0.5,1.1504967653215652,-0.0905197113816687,-0.0865436717628284
0.1,1.1708638958117414,0.11775831209734644,0.12497218633991114
0.2,1.1708638958117414,0.029561110972274207,0.030002377995396845
0.3,1.1708638958117414,-0.016725624266036743,-0.01658652758510981
0.4,1.1708638958117414,-0.03973003506313022,-0.03895114637256025
0.5,1.1708638958117414,-0.09086376374045457,-0.08685789450956805
0.1,1.1915915835993454,0.1146938429497979,0.12153002068202468
0.2,1.1915915835993454,0.030384366585504363,0.030850682372480565
0.3,1.1915915835993454,-0.01708866159385547,-0.01694347858708689
0.4,1.1915915835993454,-0.03678173184220723,-0.03611350187926288
0.5,1.1915915835993454,-0.09120781609924,-0.08717200916582557
0.1,1.2126862115945662,0.11318634809408179,0.11984059366652389
0.2,1.2126862115945662,0.03081837862577652,0.03129818108324267
0.3,1.2126862115945662,-0.01784094249463175,-0.01768273513337537
0.4,1.2126862115945662,-0.03422267219424224,-0.03364369999938943
0.5,1.2126862115945662,-0.09194111203098343,-0.0878411368535964
0.1,1.2341542757036215,0.11269106384163186,0.11928609158463632
0.2,1.2341542757036215,0.03099933801523136,0.031484821059056145
0.3,1.2341542757036215,-0.018846276046225796,-0.018669795392523114
0.4,1.2341542757036215,-0.031916665197094574,-0.03141270425259013
0.5,1.2341542757036215,-0.09292746061354418,-0.08874039988901439
0.1,1.2560023868291132,0.11197488915110787,0.11848477419025638
0.2,1.2560023868291132,0.030959406966611258,0.0314436336108499
0.3,1.2560023868291132,-0.020072500035894336,-0.01987238855621809
0.4,1.2560023868291132,-0.0298315486380214,-0.029390979810252404
0.5,1.2560023868291132,-0.09303024744380517,-0.08883406056123044
0.1,1.2782372729057996,0.11063626243737934,0.11698854226406752
0.2,1.2782372729057996,0.0302970238947875,0.030760649032089082
0.3,1.2782372729057996,-0.021921176048766533,-0.021682653149119213
0.4,1.2782372729057996,-0.02836888410215188,-0.027970265657410454
0.5,1.2782372729057996,-0.09064322618124798,-0.08665649017062005
0.1,1.3008657809724022,0.10975042059189244,0.11599950520228464
0.2,1.3008657809724022,0.030087425691204484,0.03054462609152897
0.3,1.3008657809724022,-0.02331706719339799,-0.02304732498197437
0.4,1.3008657809724022,-0.02871735903924888,-0.028308934645687622
0.5,1.3008657809724022,-0.08780342005045028,-0.08405908535438544
0.1,1.3238948792800924,0.10892180313518329,0.11507515155127002
0.2,1.3238948792800924,0.02993505187640011,0.030387610038396407
0.3,1.3238948792800924,-0.024655733949251024,-0.024354264076930754
0.4,1.3238948792800924,-0.02929473153145601,-0.0288698004079343
0.5,1.3238948792800924,-0.08490638953087393,-0.08140172920815136
0.1,1.3473316594383027,0.1073800091321706,0.11335726002742841
0.2,1.3473316594383027,0.02906950151529175,0.02949614353068042
0.3,1.3473316594383027,-0.023141694519891898,-0.022875979155218773
0.4,1.3473316594383027,-0.0305852805699669,-0.030122283184229492
0.5,1.3473316594383027,-0.08272253555760178,-0.07939345263140996
0.1,1.3711833385985266,0.10580724009212505,0.11160758247835423
0.2,1.3711833385985266,0.028172976117150084,0.028573587699875835
0.3,1.3711833385985266,-0.021503754942403308,-0.02127419759676885
0.4,1.3711833385985266,-0.0319068046455111,-0.03140315340050903
0.5,1.3711833385985266,-0.0805696566213625,-0.07740936320118108
0.1,1.3954572616767769,0.10423447105208017,0.10986065460509065
0.2,1.3954572616767769,0.02727645071900997,0.027651858593161105
0.3,1.3954572616767769,-0.019865815364913386,-0.019669790267068388
0.4,1.3954572616767769,-0.033228328721053746,-0.032682332033938555
0.5,1.3954572616767769,-0.07841677768512212,-0.07542099766529198
0.1,1.4201609036153884,0.10248806522501219,0.10792407900631207
0.2,1.4201609036153884,0.02707447246895822,0.027444316229327415
0.3,1.4201609036153884,-0.018401512574446777,-0.01823323848867464
0.4,1.4201609036153884,-0.03472348958362015,-0.034127546869188397
0.5,1.4201609036153884,-0.07643753553590504,-0.07358921976556021
0.1,1.4453018716848611,0.10073140037491357,0.10597953617521494
0.2,1.4453018716848611,0.02691353031103172,0.027278970429835958
0.3,1.4453018716848611,-0.016947468807010813,-0.016804668297927594
0.4,1.4453018716848611,-0.036228909469216974,-0.03558049654301554
0.5,1.4453018716848611,-0.07446855240971861,-0.07176333559369563
0.1,1.4708879078264523,0.09897473552481495,0.10403840625561034
0.2,1.4708879078264523,0.02675258815310544,0.027113651239313086
0.3,1.4708879078264523,-0.015493425039574626,-0.01537401939269345
0.4,1.4708879078264523,-0.03773432935481358,-0.03703126056308681
0.5,1.4708879078264523,-0.07249956928353196,-0.06993385274500186
0.1,1.49692689103624,0.09721807067471633,0.10210068325741939
0.2,1.49692689103624,0.026591645995178714,0.026948358653476223
0.3,1.49692689103624,-0.014039381272138884,-0.013941288748232528
0.4,1.49692689103624,-0.039239749240410404,-0.03847984221725376
0.5,1.49692689103624,-0.07053058615734575,-0.06810076412676491
0.1,1.5234268397913913,0.09336395525774988,0.09786123493240373
0.2,1.5234268397913913,0.02524038773691384,0.02556162333281442
0.3,1.5234268397913913,-0.013775653605041072,-0.013681203490360838
0.4,1.5234268397913913,-0.04193548522634538,-0.041068356165131825
0.5,1.5234268397913913,-0.06289320416327793,-0.06095624570227898
0.1,1.5503959145193813,0.0889257124701388,0.09299945708051571
0.2,1.5503959145193813,0.023417281318814487,0.023693618658208848
0.3,1.5503959145193813,-0.013983774097777957,-0.013886455284992993
0.4,1.5503959145193813,-0.04363775997982566,-0.04269933271379878
0.5,1.5503959145193813,-0.05472145971134901,-0.05325118108041249
0.1,1.5778424201109258,0.08419198100091552,0.08783771793697537
0.2,1.5778424201109258,0.021298686219103136,0.02152712214890773
0.3,1.5778424201109258,-0.014487383272127063,-0.014382946083907222
0.4,1.5778424201109258,-0.04415808000685861,-0.04319730585894477
0.5,1.5778424201109258,-0.04684520394103209,-0.04576490200914585
0.1,1.6057748084774,0.0787857488253505,0.0819724833598452
0.2,1.6057748084774,0.018507590413050057,0.018679917341568375
0.3,1.6057748084774,-0.012300989621110592,-0.012225641715988056
0.4,1.6057748084774,-0.04535090074023329,-0.0443379195411997
0.5,1.6057748084774,-0.039641448877056895,-0.03886600694895448
0.1,1.634201681153531,0.07286911254961415,0.07558974650147454
0.2,1.634201681153531,0.01520609050682542,0.015322291340771121
0.3,1.634201681153531,-0.008072979569407224,-0.008040480583196952
0.4,1.634201681153531,-0.047054125573779304,-0.0459642415399476
0.5,1.634201681153531,-0.03294809791325326,-0.032411221837504334
0.1,1.6631317919461646,0.06695247627387779,0.06924466247663696
0.2,1.6631317919461646,0.011904590600600784,0.011975732263125538
0.3,1.6631317919461646,-0.0038449695177038556,-0.003837587087178851
0.4,1.6631317919461646,-0.04875735040732554,-0.04758779590430107
0.5,1.6631317919461646,-0.026254746949449403,-0.02591308767052547
0.1,1.6925740496299229,0.06045488550397038,0.06231967047267406
0.2,1.6925740496299229,0.010926908671060387,0.010986825373527909
0.3,1.6925740496299229,-0.00019791396017132534,-0.0001978943764955332
0.4,1.6925740496299229,-0.05104152973504239,-0.04976079346950624
0.5,1.6925740496299229,-0.020142350479816606,-0.01994084851397082
0.1,1.722537520690585,0.053490264217492145,0.05494672098576148
0.2,1.722537520690585,0.011817348807802164,0.011887449537001826
0.3,1.722537520690585,0.002982111080790384,0.0029865619973155066
0.4,1.722537520690585,-0.053792739579330284,-0.05237150797048162
0.5,1.722537520690585,-0.01449698452675463,-0.014392409198778267
0.1,1.7530314321170322,0.04662528647142827,0.047729337157595086
0.2,1.7530314321170322,0.012807432484958303,0.012889798906901673
0.3,1.7530314321170322,0.0062617796621660116,0.0062814255891836535
0.4,1.7530314321170322,-0.05644430588320404,-0.05488087939593855
0.5,1.7530314321170322,-0.00925019273534855,-0.009207541315126688
0.1,1.7840651742426161,0.04079863030757758,0.04164232922944122
0.2,1.7840651742426161,0.014835837744327618,0.014946435042786588
0.3,1.7840651742426161,0.01057976982575548,0.01063593348197589
0.4,1.7840651742426161,-0.05805755060486417,-0.0564043586257682
0.5,1.7840651742426161,-0.008156687272796725,-0.008123511761199631
0.1,1.8156483036368323,0.03562507310394092,0.03626724918446045
0.2,1.8156483036368323,0.01758854392423248,0.017744133220729097
0.3,1.8156483036368323,0.015622060909880053,0.015744723217018253
0.4,1.8156483036368323,-0.06249679704834388,-0.06058392828708026
0.5,1.8156483036368323,-0.006338880889709353,-0.006318832567917876
0.1,1.847790546048181,0.030679760172151793,0.031155234031933432
0.2,1.847790546048181,0.020640696336306164,0.020855188724471452
0.3,1.847790546048181,0.02096379822617367,0.021185082256971466
0.4,1.847790546048181,-0.06806262646017824,-0.0657980340170502
0.5,1.847790546048181,-0.00422162827445316,-0.004212729728331421
0.1,1.8805017993991264,0.029637941149839975,0.030081516301057487
0.2,1.8805017993991264,0.02759634265785693,0.027980648724518664
0.3,1.8805017993991264,0.0106915599045585,0.01074891886782603
0.4,1.8805017993991264,-0.0697249619625353,-0.06734970105855209
0.5,1.8805017993991264,0.0017991182502801184,0.001800737634528371
0.1,1.913792136834076,0.0296714748708391,0.03011605934640671
0.2,1.913792136834076,0.035627341722719086,0.03626960008246782
0.3,1.913792136834076,-0.0038820893903015463,-0.0038745638227426493
0.4,1.913792136834076,-0.0703119447215812,-0.06789699006393057
0.5,1.913792136834076,0.008895217518324672,0.008934897532528074
0.1,1.9476718098213166,0.029705008591838222,0.030150603550131994
0.2,1.9476718098213166,0.04365834078758102,0.04462538802406213
0.3,1.9476718098213166,-0.018455738685161927,-0.018286474438378497
0.4,1.9476718098213166,-0.0708989274806272,-0.0684439579143642
0.5,1.9476718098213166,0.015991316786369225,0.01611986218195005
0.1,1.9821512513098642,0.03005939910439237,0.030515743847839172
0.2,1.9821512513098642,0.050405912686224186,0.05169790726882151
0.3,1.9821512513098642,-0.03270853118846717,-0.032179391994730855
0.4,1.9821512513098642,-0.07116505344811808,-0.06869183618245134
0.5,1.9821512513098642,0.02340827284596858,0.02368439678358003
0.1,2.0172410789422,0.0321718838588142,0.03269499365147732
0.2,2.0172410789422,0.058431979772865295,0.06017287004254124
0.3,2.0172410789422,-0.045203229449904625,-0.0441967852681765
0.4,2.0172410789422,-0.06967308517374138,-0.06730131690097885
0.5,2.0172410789422,0.024272450991966732,0.024569424823546626
0.1,2.052952098323881,0.03633883280992789,0.03700715901906282
0.2,2.052952098323881,0.06851251105619827,0.07091402313269346
0.3,2.052952098323881,-0.055643463514650215,-0.05412368480454233
0.4,2.052952098323881,-0.06732607829982229,-0.06510969581160386
0.5,2.052952098323881,0.01811819794834646,0.018283328277218347
0.1,2.0892953063510293,0.042573436171513324,0.04349268366772696
0.2,2.0892953063510293,0.08066069675000287,0.08400302841031282
0.3,2.0892953063510293,-0.06401604316892406,-0.062010048921216865
0.4,2.0892953063510293,-0.07324968906779006,-0.07063125216347477
0.5,2.0892953063510293,0.014031599315197929,0.014130504261640642
0.1,2.1262818945967346,0.05217694033279219,0.05356214365825429
0.2,2.1262818945967346,0.09108753232730105,0.09536488089956419
0.3,2.1262818945967346,-0.07059347327337107,-0.06815936673944123
0.4,2.1262818945967346,-0.08089464995226492,-0.07770915028825309
0.5,2.1262818945967346,0.00822365056554264,0.008257557662829651
0.1,2.163923252757395,0.060073393196890756,0.06191448098397978
0.2,2.163923252757395,0.0977833040866164,0.10272380347446752
0.3,2.163923252757395,-0.06427066062669001,-0.06224884713558332
0.4,2.163923252757395,-0.09227067465472216,-0.08814170079176109
0.5,2.163923252757395,-0.001315362002095255,-0.0013144972926738552
0.1,2.2022309721600806,0.06796984606098927,0.0703330332351586
0.2,2.2022309721600806,0.10447907584593169,0.1101321650467384
0.3,2.2022309721600806,-0.057947847980008904,-0.05630083802897068
0.4,2.2022309721600806,-0.1036466993571793,-0.09845624284918897
0.5,2.2022309721600806,-0.010854374569733038,-0.010795678408080711
0.1,2.241216849331978,0.07657392044323047,0.07958199056694126
0.2,2.241216849331978,0.10834436153267751,0.11443144663772853
0.3,2.241216849331978,-0.050917413815185164,-0.04964284633689631
0.4,2.241216849331978,-0.11431510254149402,-0.10802315257583772
0.5,2.241216849331978,-0.019685765619228413,-0.019493266171036194
0.1,2.280892889633028,0.0848602660770828,0.08856494662013725
0.2,2.280892889633028,0.09336822984047632,0.09786592784110493
0.3,2.280892889633028,-0.04420470839875029,-0.043241918989802786
0.4,2.280892889633028,-0.1253012344741975,-0.11776889586999684
0.5,2.280892889633028,-0.008722553044611225,-0.00868462194426567
0.1,2.321271310952871,0.0883405100764959,0.09236001830078266
0.2,2.321271310952871,0.07358599651383574,0.07636109599382923
0.3,2.321271310952871,-0.042298104616754706,-0.04141602033456926
0.4,2.321271310952871,-0.12320540134613989,-0.1159179477336737
0.5,2.321271310952871,0.003576999372562839,0.003583404469550855
0.1,2.3623645474732404,0.08626992920437382,0.09010053856643419
0.2,2.3623645474732404,0.04825293831566019,0.04943606434750891
0.3,2.3623645474732404,-0.045942325706294196,-0.04490295485023654
0.4,2.3623645474732404,-0.0989062687319417,-0.09417239158504542
0.5,2.3623645474732404,0.010325726918201661,0.010379221200303768
0.1,2.40418525349696,0.08279393878504338,0.08631793748943073
0.2,2.40418525349696,0.021924695666211746,0.022166807981647496
0.3,2.40418525349696,-0.045195583894806435,-0.044189477594099746
0.4,2.40418525349696,-0.07560232056901633,-0.0728151444017553
0.5,2.40418525349696,0.016079270012567703,0.016209237132383425
0.1,2.446746307344724,0.07529871073440969,0.07820617454451839
0.2,2.446746307344724,-0.0049636471145748096,-0.004951348575186421
0.3,2.446746307344724,-0.03874930405800145,-0.03800815362883714
0.4,2.446746307344724,-0.05285847253742909,-0.05148575620249751
0.5,2.446746307344724,0.021272712975595603,0.021500590120777652
0.1,2.490060815320866,0.06780348268377609,0.07015498382786789
0.2,2.490060815320866,-0.03185198989536134,-0.03135005855118966
0.3,2.490060815320866,-0.032303024221196436,-0.031786854412133136
0.4,2.490060815320866,-0.03011462450584182,-0.029665696916230888
0.5,2.490060815320866,0.026466155938623503,0.02681949493159652
0.1,2.534142115749329,0.06087949753917252,0.06277083996920907
0.2,2.534142115749329,-0.04362173740339542,-0.042683994167809214
0.3,2.534142115749329,-0.025285501478361255,-0.024968500647905345
0.4,2.534142115749329,-0.0067995335682242974,-0.0067764690454581444
0.5,2.534142115749329,0.014827274910808513,0.014937744262641495
0.1,2.579003783081085,0.051618006744022976,0.052973436927617135
0.2,2.579003783081085,-0.039828840470450655,-0.03904609850502838
0.3,2.579003783081085,-0.020605484386072043,-0.020394642045463263
0.4,2.579003783081085,0.013403510184463271,0.013493739908085445
0.5,2.579003783081085,-0.004587192071963522,-0.004576686975514499
0.1,2.6246596320742706,0.042601064486641214,0.04352151401068993
0.2,2.6246596320742706,-0.03579139499973832,-0.03515845673807716
0.3,2.6246596320742706,-0.015680918756015273,-0.015558613271464572
0.4,2.6246596320742706,0.03262835978608006,0.03316650166412849
0.5,2.6246596320742706,-0.023757110516967696,-0.02347713191028944
0.1,2.671123722048321,0.03381291988023132,0.03439107461954993
0.2,2.671123722048321,-0.03152515187805379,-0.03103341518213476
0.3,2.671123722048321,-0.011671543729846747,-0.011603695484455168
0.4,2.671123722048321,0.05208200703866932,0.053462130280768516
0.5,2.671123722048321,-0.0426982313110001,-0.041799498648438016
0.1,2.71841036121341,0.027278918781667556,0.02765439490546817
0.2,2.71841036121341,-0.02748450532369929,-0.027110242951471797
0.3,2.71841036121341,-0.009239522509534297,-0.00919696927945457
0.4,2.71841036121341,0.07131005772392845,0.07391414962982723
0.5,2.71841036121341,-0.061864948672362384,-0.05999017220564351
0.1,2.766534111076544,0.02171541185346071,0.021952907398551158
0.2,2.766534111076544,-0.026287681041644542,-0.0259451678104341
0.3,2.766534111076544,-0.009651323561521569,-0.009604899011106394
0.4,2.766534111076544,0.08769428613688765,0.09165433714487214
0.5,2.766534111076544,-0.07347069338718232,-0.07083662397619006
0.1,2.8155097909256486,0.011447706508671884,0.011513482255014917
0.2,2.8155097909256486,-0.027348068790682606,-0.026977496190464634
0.3,2.8155097909256486,-0.014767323030090818,-0.01465882086746384
0.4,2.8155097909256486,0.09937431613326489,0.10447964674343457
0.5,2.8155097909256486,-0.0687066308211633,-0.06639947047254713
0.1,2.8653524823930367,0.009951655461828579,0.010001337855633174
0.2,2.8653524823930367,-0.01657519880994282,-0.01643858603818449
0.3,2.8653524823930367,-0.011111668200714492,-0.011050161639904355
0.4,2.8653524823930367,0.07290612550602737,0.07562955799464643
0.5,2.8653524823930367,-0.055170913957198586,-0.053676605745206385
0.1,2.916077534099669,0.008852438031026644,0.008891736738099398
0.2,2.916077534099669,-0.005405495213161637,-0.005390911812578225
0.3,2.916077534099669,-0.006904801197505639,-0.006881017829010294
0.4,2.916077534099669,0.04469622185683303,0.04571014776717841
0.5,2.916077534099669,-0.04123836347719245,-0.040399630995915925
0.1,2.9677005663816223,0.006639965739017428,0.006662059184362024
0.2,2.9677005663816223,0.004650953522412071,0.004661785994009016
0.3,2.9677005663816223,0.0017550852505325287,0.001756626314084908
0.4,2.9677005663816223,0.015373063346431737,0.015491836741216458
0.5,2.9677005663816223,-0.02841906785839382,-0.028019044536694793
0.1,3.0202374761002435,0.0003049376902484191,0.00030498418847213493
0.2,3.0202374761002435,0.017216017888524837,0.017365067643697607
0.3,3.0202374761002435,0.012923587329109698,0.013007457796829103
0.4,3.0202374761002435,-0.011441479533430998,-0.011376274723232216
0.5,3.0202374761002435,-0.019003063374451845,-0.01882364347238119
0.1,3.0737044415374397,-0.012232661713405368,-0.012158146854936658
0.2,3.0737044415374397,0.0334350277994781,0.0340002602715237
0.3,3.0737044415374397,0.02826749835785286,0.028670815375129388
0.4,3.0737044415374397,-0.03408061346312774,-0.03350641089827999
0.5,3.0737044415374397,-0.015389250980797742,-0.015271441565034793
0.1,3.128117927377644,-0.02334568383889485,-0.02307528169032702
0.2,3.128117927377644,0.010935922845405177,0.01099593862610626
0.3,3.128117927377644,0.04503598666476,0.046065503639973304
0.4,3.128117927377644,-0.022275364362290606,-0.02202910036289274
0.5,3.128117927377644,-0.010350861308979498,-0.010297475499204456
0.1,3.1834946897779735,-0.03398491225955963,-0.03341391187249865
0.2,3.1834946897779735,-0.011089388403843103,-0.011028127792935716
0.3,3.1834946897779735,0.059841083313379895,0.06166781640702279
0.4,3.1834946897779735,-0.009928104717640829,-0.009878983779673667
0.5,3.1834946897779735,-0.004838677932336277,-0.004826990388621777
0.1,3.2398517815281336,-0.03799740467171353,-0.03728456054943097
0.2,3.2398517815281336,-0.026487963644580392,-0.026140234512741833
0.3,3.2398517815281336,0.048139235927957325,0.049316747744670986
0.4,3.2398517815281336,0.009045890935519108,0.00908692865450278
0.5,3.2398517815281336,0.007300241452817269,0.007326953176566953
0.1,3.297206557301684,-0.029709049673968813,-0.029272073928004128
0.2,3.297206557301684,-0.029585691475419118,-0.029152319293555884
0.3,3.297206557301684,0.04873823595243332,0.04994547678781025
0.4,3.297206557301684,0.040320733998578384,0.04114465113373944
0.5,3.297206557301684,-0.029764228801623882,-0.029325636370377106
0.1,3.3555766790002517,-0.01683143565692158,-0.016690578427461578
0.2,3.3555766790002517,-0.024147363983451076,-0.023858148993207373
0.3,3.3555766790002517,0.05709784037449683,0.05875939474373548
0.4,3.3555766790002517,0.05730915062628816,0.058983145097564416
0.5,3.3555766790002517,-0.0734281913604129,-0.07079713181026659
0.1,3.414980121192362,-0.0010717221560095913,-0.0010711480669260975
0.2,3.414980121192362,-0.002198251129862938,-0.0021958367453132066
0.3,3.414980121192362,0.06847695754876992,0.07087594905985428
0.4,3.414980121192362,0.048865656904093835,0.05007927036352555
0.5,3.414980121192362,-0.1140726411669909,-0.10780685642271459
0.1,3.475435176648552,0.023626160297875787,0.023907469069796017
0.2,3.475435176648552,0.02868903067669859,0.029104524774105522
0.3,3.475435176648552,0.04410339891114934,0.045090410512430124
0.4,3.475435176648552,0.049360332134872564,0.050598847069196706
0.5,3.475435176648552,-0.14577892202059617,-0.1356512294568364
0.1,3.5369604619744655,0.03855883029859197,0.039311869587105974
0.2,3.5369604619744655,0.04981110003009104,0.05107253005272905
0.3,3.5369604619744655,-0.033463255653947144,-0.03290955431544562
0.4,3.5369604619744655,0.0400897949124821,0.040904237900987184
0.5,3.5369604619744655,-0.09499646958721808,-0.09062385506427006
0.1,3.5995749233436745,0.03816196539039762,0.038899485013292656
0.2,3.5995749233436745,0.05560363447457273,0.05717857154130623
0.3,3.5995749233436745,-0.12635944512795305,-0.11870198843214275
0.4,3.5995749233436745,0.027380163864553553,0.027758445127056275
0.5,3.5995749233436745,0.00521368139842926,0.005227296286236749
