L,L_over_Rg,fRg_delta2,fRg_delta4,difference,relative_difference,w,N
8,1.1998583077812248,11.370077801954487,17.32493384871289,5.9548560467584055,0.5237304573003696,0.1,200
14,2.0997520386171433,2.008785264411212,2.3247618719683034,0.3159766075570911,0.15729735435395373,0.1,200
20,2.9996457694530623,0.752413247561742,0.7620330325966689,0.009619785034926883,0.01278524144291797,0.1,200
8,1.117459215857206,12.977301450917926,19.63563726914715,6.658335818229223,0.5130755298712937,0.2,200
14,1.9555536277501107,2.549177330964144,2.8020754223583735,0.2528980913942294,0.09920772804714173,0.2,200
22,3.0730128436073167,0.7228922111785017,0.6833124260058305,-0.03957978517267114,-0.054751987309623704,0.2,200
8,1.0598897963903415,14.635964714531157,21.576442984457906,6.940478269926749,0.4742070922756442,0.3,200
16,2.119779592780683,1.7318711264667934,2.0910624793792962,0.3591913529125029,0.20740073982600113,0.3,200
22,2.9146969400734393,0.7974677178063405,0.8320778947511824,0.034610176944841906,0.04340009779962873,0.3,200
8,1.024605215067746,15.485443508823375,23.036284957445037,7.550841448621663,0.48760898868148694,0.4,200
16,2.049210430135492,1.9567960627835714,2.116335492456694,0.15953942967312262,0.08153094372347389,0.4,200
24,3.0738156452032386,0.674957516222308,0.7653523720981813,0.09039485587587326,0.13392673420663154,0.4,200
8,1.0001942105662627,16.252924262048456,24.090123477320446,7.8371992152719905,0.4822024079428166,0.5,200
16,2.0003884211325254,2.3306269154597024,2.4289233307930416,0.098296415333339,0.04217595475333752,0.5,200
24,3.000582631698788,0.7327899125474047,0.7225797346535368,-0.010210177893867934,-0.013933294821668865,0.5,200
