N,w,L,L_over_Rg,Rg,Rg_err,valid,valid_blocks,blocks_requested,logZ,logZ_err,min_ESS,max_weight_fraction,overflow_total,quality_flag,runtime_seconds,error,pilot_roots,roots_per_block,max_population,prune_probability,C_minus,C_plus,boundary,allowed_layers,tether,sign_selected
200,0.5,4,0.5000971052831313,7.998446617153261,0.0196200078211687,True,20,20,305.7913513955828,0.06507420882088986,80.8997288842869,0.01837751572722422,0,OK,6.789898872375488,,3000,256,1024,0.5,0.5,2.0,absorbing/survival,1..L-1,z=L/2,False
200,0.5,6,0.750145657924697,7.998446617153261,0.0196200078211687,True,20,20,320.3079361947997,0.05034517244559044,161.59741857579996,0.009726267159829313,0,OK,6.1184728145599365,,3000,256,1024,0.5,0.5,2.0,absorbing/survival,1..L-1,z=L/2,False
200,0.5,8,1.0001942105662627,7.998446617153261,0.0196200078211687,True,20,20,325.80588330229045,0.04443241132760973,136.85082882728145,0.01204737654159436,0,OK,6.352187395095825,,3000,256,1024,0.5,0.5,2.0,absorbing/survival,1..L-1,z=L/2,False
200,0.5,10,1.2502427632078283,7.998446617153261,0.0196200078211687,True,20,20,328.4359765706361,0.04454049709905961,168.51160978339772,0.009223055412246484,0,OK,5.3413660526275635,,3000,256,1024,0.5,0.5,2.0,absorbing/survival,1..L-1,z=L/2,False
200,0.5,12,1.500291315849394,7.998446617153261,0.0196200078211687,True,20,20,329.8861534294251,0.04588225056112915,108.69602309490358,0.014011311226490875,0,OK,4.761522054672241,,3000,256,1024,0.5,0.5,2.0,absorbing/survival,1..L-1,z=L/2,False
200,0.5,14,1.7503398684909597,7.998446617153261,0.0196200078211687,True,20,20,330.863550184662,0.045270988722251194,117.46838015636428,0.015025667453350123,0,OK,5.4188292026519775,,3000,256,1024,0.5,0.5,2.0,absorbing/survival,1..L-1,z=L/2,False
200,0.5,16,2.0003884211325254,7.998446617153261,0.0196200078211687,True,20,20,331.5630492504897,0.03622741522854737,146.31372659175727,0.010892936355830246,0,OK,5.401191234588623,,3000,256,1024,0.5,0.5,2.0,absorbing/survival,1..L-1,z=L/2,False
200,0.5,18,2.250436973774091,7.998446617153261,0.0196200078211687,True,20,20,332.02908995857837,0.042197678073533355,153.88126624206035,0.010762667935456367,0,OK,5.101297616958618,,3000,256,1024,0.5,0.5,2.0,absorbing/survival,1..L-1,z=L/2,False
200,0.5,20,2.5004855264156567,7.998446617153261,0.0196200078211687,True,20,20,332.31554848279364,0.04387952112565575,131.30691501873162,0.012564464802570171,0,OK,5.048600912094116,,3000,256,1024,0.5,0.5,2.0,absorbing/survival,1..L-1,z=L/2,False
200,0.5,22,2.750534079057222,7.998446617153261,0.0196200078211687,True,20,20,332.6247346480627,0.022875805907435518,156.99944573220304,0.01096121153465372,0,OK,4.909569501876831,,3000,256,1024,0.5,0.5,2.0,absorbing/survival,1..L-1,z=L/2,False
200,0.5,24,3.000582631698788,7.998446617153261,0.0196200078211687,True,20,20,332.7414144867557,0.03389747825892639,126.77126311315976,0.012777730071745985,0,OK,4.562224388122559,,3000,256,1024,0.5,0.5,2.0,absorbing/survival,1..L-1,z=L/2,False
200,0.5,26,3.2506311843403535,7.998446617153261,0.0196200078211687,True,20,20,332.99120076210835,0.02074125386984847,184.9188630551352,0.008763139928260938,0,OK,4.9114789962768555,,3000,256,1024,0.5,0.5,2.0,absorbing/survival,1..L-1,z=L/2,False
200,0.5,28,3.5006797369819194,7.998446617153261,0.0196200078211687,True,20,20,333.0382685500666,0.030507943202640324,159.6580639189241,0.009643193030813898,0,OK,4.858241319656372,,3000,256,1024,0.5,0.5,2.0,absorbing/survival,1..L-1,z=L/2,False
200,0.5,30,3.750728289623485,7.998446617153261,0.0196200078211687,True,20,20,333.168494597058,0.027005604817097094,153.84887248891823,0.01019426362908814,0,OK,4.85161280632019,,3000,256,1024,0.5,0.5,2.0,absorbing/survival,1..L-1,z=L/2,False
200,0.5,32,4.000776842265051,7.998446617153261,0.0196200078211687,True,20,20,333.2416873621188,0.030200717507449237,156.83118011316424,0.010374935405540006,0,OK,4.91811466217041,,3000,256,1024,0.5,0.5,2.0,absorbing/survival,1..L-1,z=L/2,False
