N,w,L,boundary,Rg,Rg_err,L_over_Rg,L_over_Rg_err,attempts,attempts_per_block,n_blocks,Neff_mean,Neff_median,Neff_min,Neff_max,max_weight_fraction,success_fraction_mean,success_fraction_min,mean_overlap_successful,quality_flag,quality_note,Rg_master_quality
200,0.0,10,absorbing,5.775078640000605,0.004848175301133809,1.7315781521546436,0.0014536588941164933,20000,1000,20,109.2887865399592,109.14124819878678,98.64745955305224,124.85733290858597,0.02439843480526531,1.0,1.0,97.2629,OK,,OK
200,0.0,12,absorbing,5.775078640000605,0.004848175301133809,2.0778937825855723,0.001744390672939792,20000,1000,20,204.81239872360712,206.8592935427267,180.6275972517555,218.7356466882865,0.008846878822962222,1.0,1.0,94.27575,OK,,OK
200,0.0,14,absorbing,5.775078640000605,0.004848175301133809,2.424209413016501,0.002035122451763091,20000,1000,20,314.1825228290042,315.55695510748956,285.5669665703308,328.58969452449037,0.004770955172848349,1.0,1.0,92.9189,OK,,OK
200,0.0,16,absorbing,5.775078640000605,0.004848175301133809,2.77052504344743,0.0023258542305863894,20000,1000,20,428.5310346670234,426.2405245966457,395.071447791267,452.06975690914646,0.003050472223664154,1.0,1.0,90.77985,OK,,OK
200,0.0,20,absorbing,5.775078640000605,0.004848175301133809,3.4631563043092872,0.0029073177882329867,20000,1000,20,613.5364987086052,615.2397769424806,579.0409493946692,630.8607066626945,0.0019044854819061513,1.0,1.0,88.6498,OK,,OK
200,0.0,24,absorbing,5.775078640000605,0.004848175301133809,4.155787565171145,0.003488781345879584,20000,1000,20,752.4756373608811,754.0130049366066,717.52084246321,781.8733301867728,0.0014738293080163152,1.0,1.0,87.51480000000001,OK,,OK
200,0.0,28,absorbing,5.775078640000605,0.004848175301133809,4.848418826033002,0.004070244903526182,20000,1000,20,850.8534547825068,853.5070192920214,837.0673883607685,866.3230417122326,0.0012332105213331912,1.0,1.0,86.78315,OK,,OK
200,0.0,32,absorbing,5.775078640000605,0.004848175301133809,5.54105008689486,0.004651708461172779,20000,1000,20,916.7494983111477,917.1447115112398,901.2258602012405,927.9824469146762,0.0011306849995222823,1.0,1.0,86.0818,OK,,OK
200,0.3,10,absorbing,7.547954539467724,0.0146480562237598,1.3248622454879269,0.0025711146720833796,20000,1000,20,21.395304280411672,20.28107845472135,8.888725928542312,42.670882521482895,0.2947445937924205,1.0,1.0,58.317099999999996,LIMITED,Moderate weight degeneracy,OK
200,0.3,12,absorbing,7.547954539467724,0.0146480562237598,1.5898346945855124,0.003085337606500055,20000,1000,20,29.148567079429007,28.732416985033435,12.806414929096745,44.27899835659852,0.2257310796772541,1.0,1.0,56.9788,LIMITED,Moderate weight degeneracy,OK
200,0.3,14,absorbing,7.547954539467724,0.0146480562237598,1.8548071436830977,0.0035995605409167315,20000,1000,20,38.73666348138608,40.94886638944095,14.273922837593433,64.18999805990565,0.22973713992035813,1.0,1.0,55.88880000000002,LIMITED,Moderate weight degeneracy,OK
200,0.3,16,absorbing,7.547954539467724,0.0146480562237598,2.119779592780683,0.004113783475333407,20000,1000,20,59.1596666130273,56.61748282203746,33.800984961817576,94.52896376072054,0.1278960661228114,1.0,1.0,55.11725,OK,,OK
200,0.3,20,absorbing,7.547954539467724,0.0146480562237598,2.6497244909758537,0.005142229344166759,20000,1000,20,76.65113359290763,79.48152874465771,33.156651633479214,109.19866954261641,0.14785376626786254,1.0,1.0,53.821349999999995,OK,,OK
200,0.3,24,absorbing,7.547954539467724,0.0146480562237598,3.179669389171025,0.00617067521300011,20000,1000,20,102.69619591469677,108.33176942083065,38.504490752169445,136.40156535461063,0.1394210844264872,1.0,1.0,53.11475,OK,,OK
200,0.3,28,absorbing,7.547954539467724,0.0146480562237598,3.7096142873661955,0.007199121081833463,20000,1000,20,115.33861216455514,117.5101504676172,50.59471207122562,159.51296946824004,0.1207514943643418,1.0,1.0,52.78455,OK,,OK
200,0.3,32,absorbing,7.547954539467724,0.0146480562237598,4.239559185561366,0.008227566950666815,20000,1000,20,128.4464396704384,125.31297425859924,90.07544187388143,163.32838737256,0.06627685693510207,1.0,1.0,52.30675,OK,,OK
200,0.5,10,absorbing,7.998446617153261,0.019620007821168784,1.2502427632078283,0.003066817091695198,20000,1000,20,13.460497305389982,14.4249212119906,1.5613405945280374,25.66079999182503,0.7987518174159872,1.0,1.0,45.19859999999999,CAUTION,Severe weight degeneracy in at least one block,OK
200,0.5,12,absorbing,7.998446617153261,0.019620007821168784,1.500291315849394,0.0036801805100342383,20000,1000,20,16.251922253415767,13.28699412501036,4.346162792990196,48.01614414080611,0.4423972398205701,1.0,1.0,44.15970000000001,CAUTION,Severe weight degeneracy in at least one block,OK
200,0.5,14,absorbing,7.998446617153261,0.019620007821168784,1.7503398684909597,0.004293543928373277,20000,1000,20,20.670410788767118,19.32188303186486,7.0044019568448865,42.206038643527656,0.3493793996110859,1.0,1.0,43.233900000000006,LIMITED,Moderate weight degeneracy,OK
200,0.5,16,absorbing,7.998446617153261,0.019620007821168784,2.0003884211325254,0.004906907346712317,20000,1000,20,30.73465529534863,28.938792553792688,8.997077491863974,56.95754609781115,0.3120492707645259,1.0,1.0,42.707049999999995,LIMITED,Moderate weight degeneracy,OK
200,0.5,20,absorbing,7.998446617153261,0.019620007821168784,2.5004855264156567,0.006133634183390396,20000,1000,20,45.18848837373255,43.867908053876036,18.194532023372496,68.5466494679127,0.18962420302345975,1.0,1.0,41.83789999999999,LIMITED,Moderate weight degeneracy,OK
200,0.5,24,absorbing,7.998446617153261,0.019620007821168784,3.000582631698788,0.0073603610200684766,20000,1000,20,42.51490540063589,43.45910788458444,15.099360787285121,74.47445778042032,0.23653125165902475,1.0,1.0,41.30445,LIMITED,Moderate weight degeneracy,OK
200,0.5,28,absorbing,7.998446617153261,0.019620007821168784,3.5006797369819194,0.008587087856746554,20000,1000,20,64.41118972928567,66.21866247708684,27.567867313939086,104.3048210867842,0.1478161324362188,1.0,1.0,40.8361,OK,,OK
200,0.5,32,absorbing,7.998446617153261,0.019620007821168784,4.000776842265051,0.009813814693424634,20000,1000,20,67.23856681276519,71.24087660295328,23.96366910831355,88.33210195342161,0.16008780098936087,1.0,1.0,40.685550000000006,OK,,OK
200,0.0,10,reflecting,5.775078640000605,0.004848175301133809,1.7315781521546436,0.0014536588941164933,20000,1000,20,999.9999999999998,999.9999999999998,999.9999999999998,999.9999999999998,0.001,1.0,1.0,99.07534999999999,OK,,OK
200,0.0,12,reflecting,5.775078640000605,0.004848175301133809,2.0778937825855723,0.001744390672939792,20000,1000,20,999.9999999999998,999.9999999999998,999.9999999999998,999.9999999999998,0.001,1.0,1.0,95.6544,OK,,OK
200,0.0,14,reflecting,5.775078640000605,0.004848175301133809,2.424209413016501,0.002035122451763091,20000,1000,20,999.9999999999998,999.9999999999998,999.9999999999998,999.9999999999998,0.001,1.0,1.0,93.58250000000001,OK,,OK
200,0.0,16,reflecting,5.775078640000605,0.004848175301133809,2.77052504344743,0.0023258542305863894,20000,1000,20,999.9999999999998,999.9999999999998,999.9999999999998,999.9999999999998,0.001,1.0,1.0,91.7681,OK,,OK
200,0.0,20,reflecting,5.775078640000605,0.004848175301133809,3.4631563043092872,0.0029073177882329867,20000,1000,20,999.9999999999998,999.9999999999998,999.9999999999998,999.9999999999998,0.001,1.0,1.0,89.00359999999999,OK,,OK
200,0.0,24,reflecting,5.775078640000605,0.004848175301133809,4.155787565171145,0.003488781345879584,20000,1000,20,999.9999999999998,999.9999999999998,999.9999999999998,999.9999999999998,0.001,1.0,1.0,87.75485,OK,,OK
200,0.0,28,reflecting,5.775078640000605,0.004848175301133809,4.848418826033002,0.004070244903526182,20000,1000,20,999.9999999999998,999.9999999999998,999.9999999999998,999.9999999999998,0.001,1.0,1.0,86.44215,OK,,OK
200,0.0,32,reflecting,5.775078640000605,0.004848175301133809,5.54105008689486,0.004651708461172779,20000,1000,20,999.9999999999998,999.9999999999998,999.9999999999998,999.9999999999998,0.001,1.0,1.0,86.21045000000001,OK,,OK
200,0.3,10,reflecting,7.547954539467724,0.0146480562237598,1.3248622454879269,0.0025711146720833796,20000,1000,20,92.51147881236648,96.04556544118351,56.330940197235506,121.65712860633411,0.08694642168790193,1.0,1.0,59.275750000000016,OK,,OK
200,0.3,12,reflecting,7.547954539467724,0.0146480562237598,1.5898346945855124,0.003085337606500055,20000,1000,20,107.42765955272209,105.86826865269805,66.54392441664,136.77523786345796,0.07032338725869856,1.0,1.0,57.457899999999995,OK,,OK
200,0.3,14,reflecting,7.547954539467724,0.0146480562237598,1.8548071436830977,0.0035995605409167315,20000,1000,20,114.2776347781153,122.91739241870027,62.977217206544836,166.0628913933536,0.09699885285915001,1.0,1.0,56.414649999999995,OK,,OK
200,0.3,16,reflecting,7.547954539467724,0.0146480562237598,2.119779592780683,0.004113783475333407,20000,1000,20,114.89276449967117,119.5128004253697,86.39247113254532,150.63622061958952,0.06678883530128975,1.0,1.0,55.3273,OK,,OK
200,0.3,20,reflecting,7.547954539467724,0.0146480562237598,2.6497244909758537,0.005142229344166759,20000,1000,20,133.45754819199993,133.26812078747736,84.80974623502819,175.11014544362536,0.05788063532777171,1.0,1.0,54.2035,OK,,OK
200,0.3,24,reflecting,7.547954539467724,0.0146480562237598,3.179669389171025,0.00617067521300011,20000,1000,20,153.10633299378594,156.9455148776054,91.84611931358903,200.41015614090824,0.06929156227266696,1.0,1.0,53.270050000000005,OK,,OK
200,0.3,28,reflecting,7.547954539467724,0.0146480562237598,3.7096142873661955,0.007199121081833463,20000,1000,20,151.86936025356422,146.99267825206175,114.72838486757868,186.99698613182517,0.05276418339320391,1.0,1.0,52.67170000000001,OK,,OK
200,0.3,32,reflecting,7.547954539467724,0.0146480562237598,4.239559185561366,0.008227566950666815,20000,1000,20,154.40589916548277,162.68945241007117,99.04499942690644,194.35786584527253,0.06487623718221316,1.0,1.0,52.36750000000001,OK,,OK
200,0.5,10,reflecting,7.998446617153261,0.019620007821168784,1.2502427632078283,0.003066817091695198,20000,1000,20,41.79224725561606,39.02515888066935,6.020479164690885,68.25304607372517,0.3965061218509046,1.0,1.0,45.90405,LIMITED,Moderate weight degeneracy,OK
200,0.5,12,reflecting,7.998446617153261,0.019620007821168784,1.500291315849394,0.0036801805100342383,20000,1000,20,45.17455168445447,44.79852100586004,12.241861228389821,85.8099415424789,0.2734425303139944,1.0,1.0,44.4914,LIMITED,Moderate weight degeneracy,OK
200,0.5,14,reflecting,7.998446617153261,0.019620007821168784,1.7503398684909597,0.004293543928373277,20000,1000,20,52.406836215423674,45.98510923369314,18.987293576382672,91.0446540643623,0.1894142731094239,1.0,1.0,43.698299999999996,LIMITED,Moderate weight degeneracy,OK
200,0.5,16,reflecting,7.998446617153261,0.019620007821168784,2.0003884211325254,0.004906907346712317,20000,1000,20,57.01386428271801,58.869569880652094,6.9022046648940405,87.22294182316136,0.35069949295311675,1.0,1.0,42.90035,LIMITED,Moderate weight degeneracy,OK
200,0.5,20,reflecting,7.998446617153261,0.019620007821168784,2.5004855264156567,0.006133634183390396,20000,1000,20,70.95489833898914,66.93669810385039,40.76221930530847,116.0030855309387,0.12394780708878943,1.0,1.0,42.02315,OK,,OK
200,0.5,24,reflecting,7.998446617153261,0.019620007821168784,3.000582631698788,0.0073603610200684766,20000,1000,20,73.87388891958301,74.31928194458857,39.01853416258585,124.18603344865063,0.1346091317366016,1.0,1.0,41.403,OK,,OK
200,0.5,28,reflecting,7.998446617153261,0.019620007821168784,3.5006797369819194,0.008587087856746554,20000,1000,20,74.77500336886948,75.31688461354136,33.72016823545971,101.10226882164352,0.12605036142232956,1.0,1.0,40.960100000000004,OK,,OK
200,0.5,32,reflecting,7.998446617153261,0.019620007821168784,4.000776842265051,0.009813814693424634,20000,1000,20,83.45730742799635,83.77420651300724,50.015606339826455,128.3413222410042,0.10866048330897625,1.0,1.0,40.638,OK,,OK
