w,N,L_center,L_minus,L_plus,delta_L,blocks_used,Rg,Rg_err,L_over_Rg,lnZ_inf,lnZ_inf_sem,lnZ_minus,lnZ_minus_sem,lnZ_center,lnZ_center_sem,lnZ_plus,lnZ_plus_sem,DeltaF,DeltaF_err_block,DeltaF_bootstrap_SE,DeltaF_bootstrap_CI95_low,DeltaF_bootstrap_CI95_high,force,force_err_block,force_bootstrap_SE,force_bootstrap_CI95_low,force_bootstrap_CI95_high,fRg,fRg_err_block,fRg_bootstrap_SE,fRg_err_total,ESS_min_all,max_weight_fraction_all,cov_logZ_inf_minus,cov_logZ_plus_minus
0.0,200,14,12,16,2,8,5.775078640000605,0.0048481753011338,2.424209413016501,356.5601343763829,0.0,354.50873828686633,0.028131602469059012,355.09674240094193,0.031146886338399526,355.53575728617784,0.014283223068684655,2.0513960895165653,0.028131602469059012,0.02640174921677231,2.0028232386000515,2.1055127033617147,0.25675474982786106,0.009087742605579681,0.008600353768069972,0.24072937682466197,0.274420130832154,1.4827788714495795,0.05248242820730666,0.04966771934242961,0.0524971882842252,220.11157098707315,0.006526509755691759,0.0,-0.0013039821277492727
0.0,200,14,12,16,2,16,5.775078640000605,0.0048481753011338,2.424209413016501,356.5601343763829,0.0,354.5324382106712,0.01751170877032596,355.1239604770466,0.021126461284167487,355.5265903087577,0.012830240846471667,2.027696165711685,0.01751170877032596,0.01670665199140083,1.9963065781898068,2.061711896785614,0.24853802452162554,0.00623202382077394,0.006104918359971394,0.23648223583782743,0.2604646667773668,1.4353266366427864,0.03599042765132654,0.035256383619618324,0.03601059290368517,220.11157098707315,0.006526509755691759,0.0,-0.001201079281663359
0.0,200,14,12,16,2,24,5.775078640000605,0.0048481753011338,2.424209413016501,356.5601343763829,0.0,354.5398579814701,0.013095264530785604,355.1271057120903,0.016541548569197387,355.5181584585749,0.011357964722262907,2.0202763949127864,0.013095264530785604,0.012887681886817796,1.996485973782855,2.0463563945108594,0.24457511927619713,0.004684801489275948,0.004529281545509577,0.23581138948559824,0.2536111188208724,1.4124405472075663,0.02705509701336055,0.026156957108021288,0.027081068313288784,220.11157098707315,0.006526509755691759,0.0,-0.0006080222896720074
0.0,200,14,12,16,2,32,5.775078640000605,0.0048481753011338,2.424209413016501,356.5601343763829,0.0,354.53930159094375,0.011510147121264079,355.1158983720269,0.0138051802043449,355.5158801781739,0.011340126916203178,2.020832785439177,0.011510147121264079,0.011278953699669126,2.0000077033803425,2.04425726994075,0.2441446468075381,0.004670551889755009,0.004629535890342928,0.23506990412610299,0.25337350136430603,1.4099545348487053,0.02697280445553861,0.026735933833435626,0.026998763338961895,220.11157098707315,0.006526509755691759,0.0,-0.0014070866247930533
0.0,200,14,12,16,2,40,5.775078640000605,0.0048481753011338,2.424209413016501,356.5601343763829,0.0,354.52890012461984,0.011279824800054652,355.1139648977693,0.011152154716592089,355.514811149759,0.010307917995010012,2.031234251763081,0.011279824800054652,0.011053136794502733,2.0102989272627108,2.0529558567781887,0.24647775628479457,0.0043434334975766715,0.0043360711351932086,0.2380878156925775,0.2550990564124725,1.423428425555592,0.025083670016118154,0.025041151794377475,0.025112117562913403,216.3745087931059,0.006526509755691759,0.0,-0.0013671802370831747
0.0,200,18,16,20,2,8,5.775078640000605,0.0048481753011338,3.1168406738783583,356.5601343763829,0.0,355.53575728617784,0.014283223068684655,355.82521446524936,0.01386413184962691,355.98715211613086,0.01568377582860738,1.024377090205121,0.014283223068684655,0.013339824459293576,0.9976379819433736,1.050020500098208,0.1128487074882738,0.005412888716853621,0.005140525393877388,0.10326132253417546,0.1232527172809359,0.6517101601672064,0.03125985800940163,0.029686938400562003,0.03126464540765292,220.94683771876967,0.005283647282885644,0.0,-7.519417081938126e-05
0.0,200,18,16,20,2,16,5.775078640000605,0.0048481753011338,3.1168406738783583,356.5601343763829,0.0,355.5265903087577,0.012830240846471667,355.818013134721,0.010625838169011616,355.98320107340965,0.009561392545967492,1.0335440676251828,0.012830240846471667,0.012477865634916737,1.011324518433538,1.0598752251129726,0.11415269116297377,0.0037509714631930955,0.003687064767127403,0.10746251355487539,0.12168384493714428,0.6592407684338757,0.021662155176338262,0.02129308898093627,0.02166922366278479,214.41706897255784,0.00586660481378358,0.0,0.00024734973530823553
0.0,200,18,16,20,2,24,5.775078640000605,0.0048481753011338,3.1168406738783583,356.5601343763829,0.0,355.5181584585749,0.011357964722262907,355.805492909436,0.00868098936534087,355.98080250634695,0.007315536436571021,1.0419759178079981,0.011357964722262907,0.011026699167071705,1.0201914694664473,1.0635791862258348,0.11566101194301481,0.003036094046912756,0.00292715176459269,0.1099455907911979,0.12131909499052149,0.6679514395529598,0.017533681879358852,0.016904531631739324,0.017542646181410333,214.41706897255784,0.00586660481378358,0.0,0.000420414755997381
0.0,200,18,16,20,2,32,5.775078640000605,0.0048481753011338,3.1168406738783583,356.5601343763829,0.0,355.5158801781739,0.011340126916203178,355.80316566477825,0.006907964864661123,355.97582793082614,0.00695197784094364,1.0442541982090248,0.011340126916203177,0.01122480148567956,1.0221778522270937,1.0665441503724218,0.11498693816307037,0.0028846265365572855,0.002835204872953115,0.10955211902324921,0.12068715053515047,0.6640586104646181,0.016658945095650905,0.016373531101817166,0.016668270219787718,210.20082437378747,0.005958997902845618,0.0,0.0007006616046399921
0.0,200,18,16,20,2,40,5.775078640000605,0.0048481753011338,3.1168406738783583,356.5601343763829,0.0,355.514811149759,0.010307917995010012,355.79586570083086,0.007415926253993659,355.97599022627674,0.005828076921016845,1.0453232266239028,0.010307917995010012,0.00997318316137784,1.0261850534119026,1.0650202268493527,0.11529476912943508,0.002701110100611956,0.002673713234724176,0.11023227006685846,0.12053885066490938,0.6658363585032017,0.015599123246333993,0.015440904191342513,0.015609134911296249,210.20082437378747,0.005958997902845618,0.0,0.0004696744315818705
0.0,200,22,20,24,2,8,5.775078640000605,0.0048481753011338,3.8094719347402157,356.5601343763829,0.0,355.98715211613086,0.01568377582860738,356.1189813333549,0.012161768810196169,356.2374046044685,0.011336677869124753,0.5729822602520258,0.015683775828607378,0.014581270812917158,0.5443367438687383,0.6004512307758972,0.06256312208440917,0.004694213605663011,0.004388749813518959,0.054762192168275804,0.07167775780631551,0.36130695000142155,0.02710945272566468,0.025345375304359978,0.0271111495196603,220.94683771876967,0.00484924698901899,0.0,8.772330936337761e-05
0.0,200,22,20,24,2,16,5.775078640000605,0.0048481753011338,3.8094719347402157,356.5601343763829,0.0,355.98320107340965,0.009561392545967492,356.1151919959982,0.0076935154152431035,356.2210342042561,0.008455702593513489,0.5769333029732877,0.009561392545967492,0.009231426606393135,0.5599795902294327,0.595623041510713,0.05945828271161879,0.003160678966909355,0.0030653936614343617,0.053640188935126606,0.06584340138572937,0.34337625845898695,0.018253169589697398,0.01770288945734283,0.018255445661675678,214.41706897255784,0.005010961029374234,0.0,2.464695406577931e-05
0.0,200,22,20,24,2,24,5.775078640000605,0.0048481753011338,3.8094719347402157,356.5601343763829,0.0,355.98080250634695,0.007315536436571021,356.1202970945342,0.007930185224956341,356.2275938203008,0.007215628970199343,0.5793318700359388,0.007315536436571021,0.007202331698588071,0.5656052713071692,0.5939461913019501,0.061697828488445815,0.002394268277136968,0.0023376065721701328,0.057200142810240835,0.0662816933082936,0.35630981143804424,0.013827087585724753,0.013499861783664767,0.013830322664613095,214.41706897255784,0.005010961029374234,0.0,0.0001663445455668893
0.0,200,22,20,24,2,32,5.775078640000605,0.0048481753011338,3.8094719347402157,356.5601343763829,0.0,355.97582793082614,0.00695197784094364,356.12039841225806,0.0066943770114312965,356.22544002321285,0.005761130065505666,0.5843064455567433,0.00695197784094364,0.006963870997614165,0.5707405690930062,0.5979762131025675,0.062403023096661236,0.0021629984993469177,0.0021046810500230943,0.05830437620888368,0.06653897150672505,0.36038236575699273,0.012491486431931747,0.012154698576002418,0.012495149627433505,210.20082437378747,0.005123133979599122,0.0,0.00010661784642899887
0.0,200,22,20,24,2,40,5.775078640000605,0.0048481753011338,3.8094719347402157,356.5601343763829,0.0,355.97599022627674,0.005828076921016845,356.1183311524678,0.005963090864698115,356.22524415995906,0.005757074791969046,0.5841441501061624,0.005828076921016845,0.005828429919522852,0.5729151833354456,0.5955535903827077,0.06231348342057572,0.0019051921364228199,0.0018607828186644516,0.058647961277640104,0.06606347340113991,0.3598652670861987,0.011002634412152545,0.010746167109749193,0.011006781203439077,210.20082437378747,0.005123133979599122,0.0,0.0001806855506123406
0.3,200,16,14,18,2,8,7.547954539467724,0.0146480562237598,2.119779592780683,340.23019644275087,0.013572326529379258,337.92680668145033,0.026762376829790182,338.3704475412775,0.06589694095365539,338.7870540252884,0.039574413991818505,2.303389761300565,0.029637564287866555,0.027157904652447017,2.2490563680796205,2.353626106260203,0.21506183595951534,0.01354274243326631,0.012498617133912367,0.18898364644863302,0.2372608678368389,1.6232769609968867,0.10222000422601461,0.09433899393298292,0.10226853505634448,228.58208044251617,0.016401630387326303,8.81905763294385e-05,-0.0026085396217805593
0.3,200,16,14,18,2,16,7.547954539467724,0.0146480562237598,2.119779592780683,340.22324130680425,0.010949111293066522,337.89723254370625,0.023954560306689864,338.39195440857384,0.03722436181983239,338.8188105415341,0.0287309673526434,2.3260087630979704,0.02579498905990684,0.024473231049292415,2.2775794299436707,2.3738977994549297,0.230394499456958,0.011151672629515073,0.010811387676118733,0.20954589598582346,0.2521066724222813,1.7390072080445402,0.08417231804660627,0.08160386268790579,0.08423994666156796,228.58208044251617,0.016401630387326303,0.0002265802959526771,-0.004723739155748062
0.3,200,16,14,18,2,24,7.547954539467724,0.0146480562237598,2.119779592780683,340.22509198060385,0.008112151268821905,337.8760866118952,0.019527466814218967,338.39284148022733,0.029996374952040494,338.8127192353968,0.019685498567617508,2.3490053687086387,0.021197421772762518,0.02104015781754292,2.3071102691692476,2.389544206391636,0.23415815587540578,0.007943575399685116,0.007926493424859005,0.2184177579452458,0.24974392221199077,1.76741511559316,0.05995774599765741,0.05982881202822559,0.06005577360497583,228.58208044251617,0.026334157172595532,-2.6420777084575837e-05,-0.00288918513661952
0.3,200,16,14,18,2,32,7.547954539467724,0.0146480562237598,2.119779592780683,340.22434677213437,0.0062563811853019805,337.872289747143,0.021641224588766966,338.40183951314594,0.02575680886260765,338.8155852467994,0.017466542262122964,2.3520570249914314,0.02331629825443482,0.02289329230056797,2.306124948088138,2.3963396050279986,0.23582387491410106,0.007242993320863698,0.007222313033270709,0.22151232989871733,0.2501706595873248,1.7799878871727577,0.05466978431554755,0.05451369044493255,0.0547788091294688,228.58208044251617,0.026334157172595532,-0.000578637712840121,-0.0010552405702598173
0.3,200,16,14,18,2,40,7.547954539467724,0.0146480562237598,2.119779592780683,340.2178763664007,0.005872931435506783,337.8808057183466,0.019141441597470294,338.3920505337131,0.021926897335013542,338.81335114610494,0.01813669555030525,2.337070648053971,0.020804867466416774,0.020606189412835967,2.2968460791100553,2.3767689602288344,0.23313635693957374,0.006540024301925796,0.006511766300315704,0.2203533705847804,0.24603328704630867,1.7597026236770232,0.04936380611795004,0.04915051600642086,0.04948179000037734,228.58208044251617,0.026334157172595532,-0.0006391280043927444,0.00021967651994696602
0.3,200,20,18,22,2,8,7.547954539467724,0.0146480562237598,2.6497244909758537,340.23019644275087,0.013572326529379258,338.7870540252884,0.039574413991818505,339.1425559178732,0.03562849854107721,339.37559280895823,0.04031894106094531,1.4431424174625036,0.0477365166910377,0.04397046260572158,1.3585741963859668,1.5276209987518856,0.14713469591747597,0.013176483541346882,0.012273485447486129,0.1236283793431705,0.17117689636269587,1.110565995963516,0.09945549876013095,0.09263971019844397,0.09947884841230441,250.82839608739172,0.016401630387326303,-0.0021137309423111517,0.0016553430193026312
0.3,200,20,18,22,2,16,7.547954539467724,0.0146480562237598,2.6497244909758537,340.22324130680425,0.010949111293066522,338.8188105415341,0.0287309673526434,339.1184438761218,0.028505563189062597,339.3711197438754,0.022764150847219247,1.4044307652701384,0.030173879541729932,0.028955268027690887,1.3482767561657776,1.4625671535185445,0.13807730058532108,0.008293824506563005,0.008050516695765722,0.12239426762458276,0.15358781038070418,1.0422011877504236,0.0626014103338609,0.06076493403886558,0.06263407492071807,244.06562709111265,0.016401630387326303,0.0002791081322223161,0.001944597197463779
0.3,200,20,18,22,2,24,7.547954539467724,0.0146480562237598,2.6497244909758537,340.22509198060385,0.008112151268821905,338.8127192353968,0.019685498567617508,339.13079102079246,0.021889733620904343,339.37330101025447,0.018734715594602765,1.4123727452070156,0.020469903058418774,0.020261768881896236,1.3747624261946532,1.453040845265181,0.14014544371442325,0.0062805285016230535,0.006276064701922392,0.12823154869902675,0.15258177106438867,1.0578114380699994,0.04740514361408215,0.04737145105686827,0.04744957184666569,244.06562709111265,0.026334157172595532,0.00041170705011429106,0.0012886537213335695
0.3,200,20,18,22,2,32,7.547954539467724,0.0146480562237598,2.6497244909758537,340.22434677213437,0.0062563811853019805,338.8155852467994,0.017466542262122964,339.13528740225667,0.019160707825016304,339.36450039237104,0.01584446283993414,1.4087615253350272,0.018311229888848052,0.01850801473452054,1.3723811146481568,1.4449512298491949,0.1372287863929138,0.005506139522733132,0.005437974567410365,0.1268957922166593,0.14790608895338037,1.0357966412000403,0.04156009080555619,0.041045584821595094,0.04160867446096156,244.06562709111265,0.026334157172595532,0.00014274022540937523,0.0011367350748755203
0.3,200,20,18,22,2,40,7.547954539467724,0.0146480562237598,2.6497244909758537,340.2178763664007,0.005872931435506783,338.81335114610494,0.01813669555030525,339.1285274215994,0.01663447880102541,339.3679617917622,0.014208543440981346,1.404525220295676,0.018882206345161825,0.01861594580259475,1.3693986456262766,1.4416180224050021,0.13865266141430227,0.005505361254829712,0.00548433545579189,0.128048315711554,0.1496105205438862,1.046543985131364,0.04155421647480165,0.04139551469950818,0.041603819959919325,230.4378703739558,0.026334157172595532,0.00013786665338713164,0.0009175678291966674
0.3,200,24,22,26,2,8,7.547954539467724,0.0146480562237598,3.179669389171025,340.23019644275087,0.013572326529379258,339.37559280895823,0.04031894106094531,339.4877143431317,0.03161188031998648,339.606244568826,0.03237408457353713,0.8546036337925997,0.04505162300197947,0.04167217091210844,0.7770456421069198,0.9357614789272265,0.05766293996694216,0.013857867799236947,0.012858703820364418,0.030928271168631838,0.08173629788093514,0.4352372494825359,0.1045985561625941,0.09705691187259056,0.10460196644852965,262.54522483807796,0.016401630387326303,-0.0008792947176656495,-0.0015957985552301416
0.3,200,24,22,26,2,16,7.547954539467724,0.0146480562237598,3.179669389171025,340.22324130680425,0.010949111293066522,339.3711197438754,0.022764150847219247,339.48829616848127,0.01849943765902589,339.6485992084712,0.027930963937264776,0.8521215629288541,0.027839148238397785,0.02723437680970647,0.7982540900182649,0.9053837200615964,0.06936986614895346,0.01007594509936374,0.009604867782655808,0.0503038825614109,0.0879976430637283,0.5236005961012616,0.0760527755521701,0.0724971053810842,0.07605956348076286,262.54522483807796,0.016401630387326303,-0.001095428581892616,-0.0026083952325322963
0.3,200,24,22,26,2,24,7.547954539467724,0.0146480562237598,3.179669389171025,340.22509198060385,0.008112151268821905,339.37330101025447,0.018734715594602765,339.49138057476836,0.015414647936904452,339.62760061075693,0.024737524046411427,0.8517909703493226,0.0225038071297854,0.021855087725897223,0.8093965214739259,0.8948137493599597,0.063574900125604,0.008701931754383292,0.008520395806778032,0.04682386318533835,0.08020919177854302,0.4798604559992599,0.0656817852876357,0.064311560207832,0.0656883866656327,251.12733732772543,0.026334157172595532,-0.0010754972245881492,-0.0029837183492360682
0.3,200,24,22,26,2,32,7.547954539467724,0.0146480562237598,3.179669389171025,340.22434677213437,0.0062563811853019805,339.36450039237104,0.01584446283993414,339.49806209460087,0.014697713275895202,339.6295853016206,0.020549052446906885,0.859846379763372,0.01835095025640822,0.017850731429212174,0.8247825283632177,0.8951855509143201,0.06627122731237689,0.007090251348203091,0.007076856946905009,0.052410573893610014,0.08002438147846755,0.5002122110285525,0.05351689484963667,0.053415794517555355,0.053525698309775924,251.12733732772543,0.026334157172595532,-0.0007450890734610295,-0.0020965770838295723
0.3,200,24,22,26,2,40,7.547954539467724,0.0146480562237598,3.179669389171025,340.2178763664007,0.005872931435506783,339.3679617917622,0.014208543440981346,339.49391211012005,0.0147034213056831,339.64192675164395,0.0171536924152019,0.849914574638467,0.01627570560523273,0.01587075833404555,0.8200290072967628,0.881212358562879,0.06849123997045012,0.005964222223015785,0.005920382264526354,0.05684526130910445,0.08021196348514191,0.5169687656487322,0.04501767820260627,0.044686776188915894,0.0450288561754783,251.12733732772543,0.026334157172595532,-0.0005704912517557278,-0.001460385548372729
0.5,200,18,16,20,2,8,7.998446617153261,0.0196200078211687,2.250436973774091,333.5973661656867,0.02155145606432942,331.5944967180252,0.04189238775457069,332.0083323690627,0.022501978719247438,332.3597164107072,0.0479024886646571,2.0028694476615243,0.04897029439348782,0.046314963607162966,1.909030486230115,2.0888577196579563,0.1913049231705024,0.016807734186029426,0.015522347745831833,0.158833337383955,0.22068821557161122,1.5301422155778694,0.1344357646422583,0.12415466981792517,0.13448815136361542,180.29622296041865,0.05517082607933485,-0.0007146092908513586,-0.0018815131337786
0.5,200,18,16,20,2,16,7.998446617153261,0.0196200078211687,2.250436973774091,333.59860331326405,0.013421872206197233,331.60759655406616,0.025194620503447448,332.0707935420487,0.02737590533693879,332.3806613006865,0.028784680634885464,1.9910067591978517,0.029823589115300614,0.029016910809093677,1.933175707332029,2.047786628385469,0.1932661866550811,0.010153377264241011,0.009904107406439766,0.17247514966551386,0.2115869183190191,1.5458292768614443,0.08121124603184934,0.0792174743809607,0.0812997224289599,120.29725252086016,0.07157353238627581,-0.0005962472950884227,-0.0014890430108401272
0.5,200,18,16,20,2,24,7.998446617153261,0.0196200078211687,2.250436973774091,333.60981244173956,0.011374620519686414,331.59520250149814,0.022551040074197542,332.04725998679925,0.022899192970376712,332.3991646625827,0.02440429353178418,2.0146099402413973,0.025764023605418858,0.02524023916422345,1.9641517592800821,2.062197517988995,0.20099054027112118,0.008898006026871975,0.008824509817016676,0.1839369408312459,0.2176769237584337,1.6076121069113556,0.07117022620504349,0.07058237069395278,0.07127939243107445,120.29725252086016,0.07157353238627581,-0.00031024214334774596,-0.0019520787462534355
0.5,200,18,16,20,2,32,7.998446617153261,0.0196200078211687,2.250436973774091,333.6189169006252,0.010608838424706567,331.5941258458166,0.019787947276605784,332.03742329903287,0.022507072217300892,332.37861710757727,0.020225319343936222,2.024791054808608,0.023263857402871724,0.02268812929885434,1.9799359117561406,2.0682623115131493,0.19612281544017662,0.007218303640748056,0.007151822735358208,0.1822453337625029,0.20977640227618471,1.5686778697040542,0.05773521633692636,0.05720347236410564,0.057863302530901634,120.29725252086016,0.07157353238627581,-0.0005935480178862188,-0.0005285779074344823
0.5,200,18,16,20,2,40,7.998446617153261,0.0196200078211687,2.250436973774091,333.6124637349836,0.009558809977440606,331.5847211105315,0.01761019224181603,332.0387364479753,0.01887105891522155,332.3751155922738,0.018631506481501275,2.0277426244520327,0.020545999215264874,0.020095271918437563,1.9884114327803686,2.0678219362564563,0.19759862043557064,0.006494413297160496,0.0063949101981578054,0.18502534904927864,0.21005704265307693,1.5804820171770413,0.051945218067068526,0.05114934784145419,0.05208969119510777,120.29725252086016,0.07157353238627581,-0.0004129672955025894,-0.0003517312125083901
0.5,200,22,20,24,2,8,7.998446617153261,0.0196200078211687,2.750534079057222,333.5973661656867,0.02155145606432942,332.3597164107072,0.0479024886646571,332.5803219357607,0.03132685856294739,332.80141666862704,0.039386061258961276,1.2376497549795147,0.05201508099874743,0.04823096004035754,1.1327936887977188,1.3199375529111548,0.11042506447996026,0.01601509380406002,0.014822989399946843,0.08029223728030921,0.13828649985439867,0.8832289834386688,0.12809587286047602,0.11856088942210348,0.12811419336741445,180.29622296041865,0.05517082607933485,0.00021418010981627262,-0.0010312857243328594
0.5,200,22,20,24,2,16,7.998446617153261,0.0196200078211687,2.750534079057222,333.59860331326405,0.013421872206197233,332.3806613006865,0.028784680634885464,332.6104805171451,0.02669424652447286,332.758134485799,0.026628604572681763,1.2179420125775273,0.029490291114789968,0.028852292378867706,1.1583290380316855,1.2709209374239843,0.09436829627812848,0.0113380448392174,0.011045292489150992,0.07309000127476503,0.11616431326911206,0.7547997801323134,0.09068674638937041,0.08834518234531807,0.09070564507124702,120.29725252086016,0.07157353238627581,0.0011122177818942386,-0.004153438013416564
0.5,200,22,20,24,2,24,7.998446617153261,0.0196200078211687,2.750534079057222,333.60981244173956,0.011374620519686414,332.3991646625827,0.02440429353178418,332.61371651571193,0.01993431207332577,332.7910884151777,0.023564380887810446,1.2106477791569124,0.025053448275775027,0.024390731818189165,1.1614237446520181,1.2568825117146512,0.09798093814874302,0.009085253841503738,0.008923194012313082,0.08107080548200983,0.1160291322052106,0.7836953032813165,0.07266791785455425,0.07137169096198781,0.07269334120963553,120.29725252086016,0.07157353238627581,0.0011673151709450354,-0.002037837701059748
0.5,200,22,20,24,2,32,7.998446617153261,0.0196200078211687,2.750534079057222,333.6189169006252,0.010608838424706567,332.37861710757727,0.020225319343936222,332.6172964314959,0.01863409865204279,332.789417904122,0.01909580013489973,1.2402997930479014,0.022755055145402162,0.022532747376406138,1.1945382956285588,1.2833564549086893,0.10270019913617512,0.007092058753330106,0.007044749554184184,0.08896039109105414,0.11635617233956763,0.8214420603617062,0.05672545334422536,0.05634705324035643,0.05676122969343422,120.29725252086016,0.07157353238627581,6.109536984700297e-05,-0.0004966981186358611
0.5,200,22,20,24,2,40,7.998446617153261,0.0196200078211687,2.750534079057222,333.6124637349836,0.009558809977440606,332.3751155922738,0.018631506481501275,332.61033671418016,0.017237880409535614,332.79806748750804,0.017347945512725532,1.2373481427097501,0.019831342450274906,0.019771544222073348,1.1991205425424476,1.276010584802704,0.10573797380854977,0.006599803832420463,0.0064584429746004845,0.09333083398100837,0.11853782258712278,0.8457395389136351,0.05278817863729858,0.051657511362270495,0.05282892849086846,120.29725252086016,0.07157353238627581,0.0009044347714993315,-0.0009766864548038303
0.5,200,26,24,28,2,8,7.998446617153261,0.0196200078211687,3.2506311843403535,333.5973661656867,0.02155145606432942,332.80141666862704,0.039386061258961276,333.0208096848463,0.0451855138172292,333.01472971566045,0.03710395422038425,0.7959494970596737,0.03587861446647619,0.034206860426253594,0.7369959892013285,0.8716987978189626,0.053328261758334605,0.016154125010533066,0.015138536526846729,0.025676524590894003,0.0846589902225915,0.42654325485961503,0.1292079065435691,0.1210847762718083,0.1292121428464515,180.29622296041865,0.05517082607933485,0.0029138084158133503,-0.004989307349647431
0.5,200,26,24,28,2,16,7.998446617153261,0.0196200078211687,3.2506311843403535,333.59860331326405,0.013421872206197233,332.758134485799,0.026628604572681763,332.94764882285324,0.03331858849518763,333.04880059588413,0.02538635711094866,0.8404688274650134,0.02695572782907806,0.026415490096955135,0.7906854680019106,0.8930146525107097,0.07266652752127012,0.010589897610459675,0.010192213865205597,0.05224787779807243,0.09239915714298379,0.5812193412327773,0.0847027307183806,0.08152187851145627,0.08471472872237126,120.29725252086016,0.07157353238627581,0.001300943777699237,-0.0035262815483796065
0.5,200,26,24,28,2,24,7.998446617153261,0.0196200078211687,3.2506311843403535,333.60981244173956,0.011374620519686414,332.7910884151777,0.023564380887810446,332.92621975766974,0.02579369994817139,333.05928381752466,0.023475491928216827,0.8187240265619403,0.02534274245796696,0.02511928935290771,0.7692269779073676,0.8677875526047076,0.06704885058676761,0.008409069413433048,0.008277824954793556,0.05072171833367031,0.08314695910533478,0.5362866521597459,0.06725949280328053,0.06620974100705537,0.06727235620745181,120.29725252086016,0.07157353238627581,0.0005088893196220342,-0.00030024487801660785
0.5,200,26,24,28,2,32,7.998446617153261,0.0196200078211687,3.2506311843403535,333.6189169006252,0.010608838424706567,332.789417904122,0.01909580013489973,332.9369173406993,0.021589431871079444,333.06367185689646,0.020995503693113652,0.8294989965032009,0.021290127330805587,0.02077462425639848,0.7884534561722283,0.870054713130696,0.06856348819362212,0.007018311028605574,0.006895621871141182,0.055581933925744585,0.08239875973969661,0.5484014002025045,0.056135586104879676,0.05515426342839723,0.05615170196792596,120.29725252086016,0.07157353238627581,0.0003828402200264352,0.0002776595681862352
0.5,200,26,24,28,2,40,7.998446617153261,0.0196200078211687,3.2506311843403535,333.6124637349836,0.009558809977440606,332.79806748750804,0.017347945512725532,332.9370441689995,0.018656753564547126,333.0679504365413,0.017851665472737532,0.8143962474755512,0.019053628029281813,0.01897225582363612,0.7777531294242177,0.8517209499450045,0.06747073725833097,0.005983007656364778,0.005915234586877914,0.05596597526781348,0.07898573392932831,0.5396610901807338,0.04785476734945292,0.04731268807108162,0.047873073245908886,120.29725252086016,0.07157353238627581,0.0005856264123815694,0.0009378216761022118
