w,boundary,L_center,L_minus,L_plus,delta_L,blocks_used,Rg,L_over_Rg,force_kBT,force_err_kBT,fRg,fRg_err,min_ESS_endpoints,signed_estimates_retained,fRg_bootstrap_CI95_low,fRg_bootstrap_CI95_high
0.3,absorbing,10,8,12,2,8,7.547954539467724,1.3248622454879269,0.9723944991794529,0.01581999243355386,7.3395894742349945,0.11940858370318791,248.54540994778867,True,,
0.3,absorbing,12,10,14,2,8,7.547954539467724,1.5898346945855124,0.6029119351076524,0.009089946295162075,4.550751877495075,0.0686105014020864,227.72764829823757,True,,
0.3,absorbing,14,12,16,2,8,7.547954539467724,1.8548071436830977,0.3670366325430656,0.013359516227915426,2.770375816754379,0.10083702115758696,248.54540994778867,True,,
0.3,absorbing,16,14,18,2,8,7.547954539467724,2.119779592780683,0.2607523370134768,0.014461390349003237,1.9681467858376898,0.10915391693177372,278.06325501644176,True,,
0.3,absorbing,18,16,20,2,8,7.547954539467724,2.3847520418782686,0.1780071575978237,0.008314882090556185,1.34358993324824,0.06276035202055243,259.9253699686153,True,,
0.3,absorbing,20,18,22,2,8,7.547954539467724,2.6497244909758537,0.11920445291331028,0.008389408886490693,0.8997497914917868,0.06332287688823829,287.1159263665388,True,,
0.3,absorbing,22,20,24,2,8,7.547954539467724,2.9146969400734393,0.09069097247996716,0.011389329721297976,0.6845313374189105,0.08596614297136572,243.66577019566398,True,,
0.3,absorbing,24,22,26,2,8,7.547954539467724,3.179669389171025,0.06273844498288739,0.006294493922884734,0.4735469306077309,0.04751055397888983,272.7248038882732,True,,
0.3,absorbing,26,24,28,2,8,7.547954539467724,3.44464183826861,0.07029155653647834,0.009700998066571449,0.5305574732457639,0.07322269239394558,243.66577019566398,True,,
0.3,absorbing,28,26,30,2,8,7.547954539467724,3.7096142873661955,0.0518667648647515,0.008085860051882141,0.3914879833084061,0.06103170408410453,272.7248038882732,True,,
0.3,absorbing,30,28,32,2,8,7.547954539467724,3.974586736463781,0.04011308804757263,0.011512556662202024,0.3027717650207443,0.08689625431934715,282.39862127452255,True,,
0.3,absorbing,32,30,34,2,8,7.547954539467724,4.239559185561366,0.02133901186526188,0.012761617277463649,0.16106589147615905,0.09632410706038148,251.06784991465813,True,,
0.3,absorbing,34,32,36,2,8,7.547954539467724,4.504531634658951,0.011261170613353855,0.0067758305593992605,0.08499880385078476,0.05114366102948177,281.6722186251339,True,,
0.3,absorbing,10,8,12,2,16,7.547954539467724,1.3248622454879269,1.0014949941504367,0.01417300027553555,7.55923868735199,0.10697716176760586,248.54540994778867,True,,
0.3,absorbing,12,10,14,2,16,7.547954539467724,1.5898346945855124,0.5904283524418847,0.008197679317485584,4.456526363044173,0.061875710817515986,227.72764829823757,True,,
0.3,absorbing,14,12,16,2,16,7.547954539467724,1.8548071436830977,0.3527920327097229,0.0101330136753911,2.6628582247793986,0.07648352656965678,248.54540994778867,True,,
0.3,absorbing,16,14,18,2,16,7.547954539467724,2.119779592780683,0.2480704549314261,0.00947154708441528,1.8724245164074809,0.0714908068115946,252.34312436144845,True,,
0.3,absorbing,18,16,20,2,16,7.547954539467724,2.3847520418782686,0.1796462192820556,0.007882878254271693,1.3559614963282056,0.05949960670340143,258.40287935785,True,,
0.3,absorbing,20,18,22,2,16,7.547954539467724,2.6497244909758537,0.11725235843671467,0.008094229702166075,0.8850154711256971,0.06109487782395891,256.56505090671146,True,,
0.3,absorbing,22,20,24,2,16,7.547954539467724,2.9146969400734393,0.08807276632981065,0.00755274912529555,0.6647692364225743,0.05700780704573542,243.66577019566398,True,,
0.3,absorbing,24,22,26,2,16,7.547954539467724,3.179669389171025,0.08286879114325707,0.00915016682002667,0.6254898682899499,0.06906504318610725,258.684708007097,True,,
0.3,absorbing,26,24,28,2,16,7.547954539467724,3.44464183826861,0.06768102664922093,0.006431429300491313,0.5108533123328232,0.04854413598390913,243.66577019566398,True,,
0.3,absorbing,28,26,30,2,16,7.547954539467724,3.7096142873661955,0.05283197867556222,0.006084252159656185,0.39877337327327184,0.0459236587077432,271.1029172528111,True,,
0.3,absorbing,30,28,32,2,16,7.547954539467724,3.974586736463781,0.03813786529376095,0.00693014529068645,0.28786287346965156,0.05230842160600766,258.88087675505363,True,,
0.3,absorbing,32,30,34,2,16,7.547954539467724,4.239559185561366,0.029913495775901744,0.009122557524279403,0.22578570623306615,0.06885664947694016,251.06784991465813,True,,
0.3,absorbing,34,32,36,2,16,7.547954539467724,4.504531634658951,0.02113628871025064,0.006891521235959976,0.15953574631803671,0.05201688899680232,258.88087675505363,True,,
0.3,absorbing,10,8,12,2,24,7.547954539467724,1.3248622454879269,0.9932581672573141,0.01069064977979804,7.497067492413235,0.08069253853528624,248.54540994778867,True,,
0.3,absorbing,12,10,14,2,24,7.547954539467724,1.5898346945855124,0.5781199592413889,0.007999722378513305,4.363623170712937,0.06038154084138103,227.72764829823757,True,,
0.3,absorbing,14,12,16,2,24,7.547954539467724,1.8548071436830977,0.36265259459717153,0.009226138137206493,2.737285297639469,0.06963847123448404,248.54540994778867,True,,
0.3,absorbing,16,14,18,2,24,7.547954539467724,2.119779592780683,0.24849672588086946,0.007469051612028271,1.8756419901553751,0.05637606202052751,252.34312436144845,True,,
0.3,absorbing,18,16,20,2,24,7.547954539467724,2.3847520418782686,0.1751187456560602,0.006459429004287229,1.3217883312205534,0.048755476475279266,253.41799874334362,True,,
0.3,absorbing,20,18,22,2,24,7.547954539467724,2.6497244909758537,0.11939965648974038,0.007959249813250807,0.9012231792126227,0.060076055758684056,203.91737632478973,True,,
0.3,absorbing,22,20,24,2,24,7.547954539467724,2.9146969400734393,0.09110623381949405,0.006633511798496964,0.687665711131658,0.05006944549207786,243.66577019566398,True,,
0.3,absorbing,24,22,26,2,24,7.547954539467724,3.179669389171025,0.08615451145056181,0.008728377869869068,0.6502903357988921,0.06588139936506786,203.91737632478973,True,,
0.3,absorbing,26,24,28,2,24,7.547954539467724,3.44464183826861,0.06684752919020849,0.0054559505086784355,0.5045621114034353,0.04118126640909063,243.66577019566398,True,,
0.3,absorbing,28,26,30,2,24,7.547954539467724,3.7096142873661955,0.050258026022190094,0.0059320084653995886,0.3793452956588767,0.04477453022457379,263.8938012902503,True,,
0.3,absorbing,30,28,32,2,24,7.547954539467724,3.974586736463781,0.035413391415483865,0.0073504969178232755,0.26729866849244877,0.0554812165782277,232.96275957223241,True,,
0.3,absorbing,32,30,34,2,24,7.547954539467724,4.239559185561366,0.03103949746154792,0.007225539792546552,0.2342847157676875,0.05453804587725642,251.06784991465813,True,,
0.3,absorbing,34,32,36,2,24,7.547954539467724,4.504531634658951,0.01570354996601786,0.006810401736929741,0.11852968125176272,0.051404602705857706,232.96275957223241,True,,
0.3,absorbing,10,8,12,2,32,7.547954539467724,1.3248622454879269,0.9940576820880191,0.00958750672781953,7.503102194009028,0.07236606492842276,248.54540994778867,True,,
0.3,absorbing,12,10,14,2,32,7.547954539467724,1.5898346945855124,0.577437258942135,0.006647241153462609,4.358470179890087,0.05017307403921477,227.72764829823757,True,,
0.3,absorbing,14,12,16,2,32,7.547954539467724,1.8548071436830977,0.36321469189604505,0.007178235178354399,2.741527982498124,0.05418099279982699,248.54540994778867,True,,
0.3,absorbing,16,14,18,2,32,7.547954539467724,2.119779592780683,0.24784903782579137,0.006224334002404748,1.8707532701598895,0.04698099008861422,237.73738725116561,True,,
0.3,absorbing,18,16,20,2,32,7.547954539467724,2.3847520418782686,0.17339644327057968,0.005561562869693005,1.3087884711117295,0.04197842370883446,253.41799874334362,True,,
0.3,absorbing,20,18,22,2,32,7.547954539467724,2.6497244909758537,0.12465046861231865,0.006574526957233502,0.9408560704091296,0.04962423059170353,203.91737632478973,True,,
0.3,absorbing,22,20,24,2,32,7.547954539467724,2.9146969400734393,0.09367294901237333,0.005820971759341092,0.7070391607232719,0.04393643021503202,243.66577019566398,True,,
0.3,absorbing,24,22,26,2,32,7.547954539467724,3.179669389171025,0.08040026632724695,0.007169923784854152,0.6068575551991576,0.0541182587795275,203.91737632478973,True,,
0.3,absorbing,26,24,28,2,32,7.547954539467724,3.44464183826861,0.06460577162566317,0.005032578944131875,0.48764142721773934,0.03798567708658987,243.66577019566398,True,,
0.3,absorbing,28,26,30,2,32,7.547954539467724,3.7096142873661955,0.05263085692825298,0.005383728804505987,0.39725531546768333,0.04063614026923411,253.89639146800232,True,,
0.3,absorbing,30,28,32,2,32,7.547954539467724,3.974586736463781,0.03564424965339841,0.006747349695325943,0.2690411759772893,0.05092868876221161,222.1989797062729,True,,
0.3,absorbing,32,30,34,2,32,7.547954539467724,4.239559185561366,0.02879916887375833,0.00611260949803374,0.21737481743358175,0.046137698608677294,251.06784991465813,True,,
0.3,absorbing,34,32,36,2,32,7.547954539467724,4.504531634658951,0.02075298054494823,0.005897101536475053,0.15664255371172733,0.04451105431193896,222.1989797062729,True,,
0.3,absorbing,10,8,12,2,40,7.547954539467724,1.3248622454879269,0.9924291987664049,0.0087160248559651,7.490810475929202,0.06578815937769529,204.73921761988896,True,7.3625022854545445,7.616088682214587
0.3,absorbing,12,10,14,2,40,7.547954539467724,1.5898346945855124,0.5820111503956547,0.00665059130030219,4.392993704649713,0.050198360795260466,222.66035789576918,True,4.2963429666708794,4.48978387596384
0.3,absorbing,14,12,16,2,40,7.547954539467724,1.8548071436830977,0.3641523469291396,0.006380791873739889,2.748605360061625,0.048161926988793756,241.944777766782,True,2.652359937534046,2.8427074344579033
0.3,absorbing,16,14,18,2,40,7.547954539467724,2.119779592780683,0.24880969030607397,0.005501095466275258,1.8780042314092895,0.04152201849671765,237.73738725116561,True,1.797568991530235,1.959970101919042
0.3,absorbing,18,16,20,2,40,7.547954539467724,2.3847520418782686,0.17690848502023968,0.0049798268994124895,1.3352972025788759,0.03758750705118398,241.944777766782,True,1.2634477004464253,1.4067343059018453
0.3,absorbing,20,18,22,2,40,7.547954539467724,2.6497244909758537,0.12295461197356125,0.005630580975923012,0.9280558215943342,0.04249936923705871,203.91737632478973,True,0.8456939980539729,1.0102661777264828
0.3,absorbing,22,20,24,2,40,7.547954539467724,2.9146969400734393,0.09469786341593292,0.0052032165918993525,0.7147751680481854,0.039273642294660495,243.66577019566398,True,0.6337955798031716,0.7915494772357475
0.3,absorbing,24,22,26,2,40,7.547954539467724,3.179669389171025,0.07933273215796284,0.00586089184850456,0.5987998558200727,0.04423774523324937,203.91737632478973,True,0.5185124195035733,0.6866317285272688
0.3,absorbing,26,24,28,2,40,7.547954539467724,3.44464183826861,0.05838169573582164,0.004708089435227502,0.44066238535101837,0.03553644502484545,243.66577019566398,True,0.37341227494089324,0.5091057772812848
0.3,absorbing,28,26,30,2,40,7.547954539467724,3.7096142873661955,0.05542439958051624,0.004693763973101778,0.41834084841103053,0.03542831708796362,253.89639146800232,True,0.34847390445818516,0.4878498732609864
0.3,absorbing,30,28,32,2,40,7.547954539467724,3.974586736463781,0.03995386995771959,0.005679407117631736,0.3015699941166727,0.04286790673501376,222.1989797062729,True,0.21561943220765548,0.3805947386376593
0.3,absorbing,32,30,34,2,40,7.547954539467724,4.239559185561366,0.02595588392160373,0.005269074982137088,0.19591383187196618,0.03977073843021745,251.06784991465813,True,0.11831156089012278,0.2714637488258314
0.3,absorbing,34,32,36,2,40,7.547954539467724,4.504531634658951,0.02243448187068182,0.004873634761706705,0.1693344492764192,0.036785973623331816,222.1989797062729,True,0.09954244249771614,0.238967545013978
0.3,reflecting,10,8,12,2,8,7.547954539467724,1.3248622454879269,0.26019847365785154,0.013820635630924626,1.9639662504083535,0.1043175294487669,263.0156329464375,True,,
0.3,reflecting,12,10,14,2,8,7.547954539467724,1.5898346945855124,0.16168118751899563,0.006827546352701526,1.2203622532805354,0.051534009486299784,262.3805671003402,True,,
0.3,reflecting,14,12,16,2,8,7.547954539467724,1.8548071436830977,0.12047276665192541,0.008667962603468615,0.9093229659326362,0.0654253876807874,245.93857172460523,True,,
0.3,reflecting,16,14,18,2,8,7.547954539467724,2.119779592780683,0.09426122631290745,0.010851174641020516,0.7114794510443042,0.08190417289024784,262.3805671003402,True,,
0.3,reflecting,18,16,20,2,8,7.547954539467724,2.3847520418782686,0.07322990679663377,0.012846950480927275,0.5527360074304501,0.09696819820083208,245.93857172460523,True,,
0.3,reflecting,20,18,22,2,8,7.547954539467724,2.6497244909758537,0.04579348866328381,0.009283339775003289,0.3456471706340968,0.07007022659615735,293.4311674587813,True,,
0.3,reflecting,22,20,24,2,8,7.547954539467724,2.9146969400734393,0.03791693564748755,0.007871597195231804,0.28619530654315917,0.0594144577826113,253.66445107089518,True,,
0.3,reflecting,24,22,26,2,8,7.547954539467724,3.179669389171025,0.029449475758616117,0.00949150122224936,0.2222833042371912,0.0716414197368405,278.7008143866498,True,,
0.3,reflecting,26,24,28,2,8,7.547954539467724,3.44464183826861,0.02682853342843572,0.01651265736846652,0.20250055067842296,0.12463678714299203,253.66445107089518,True,,
0.3,reflecting,28,26,30,2,8,7.547954539467724,3.7096142873661955,0.029913237285958516,0.009395317612130265,0.22578375516272575,0.07091543022021969,278.7008143866498,True,,
0.3,reflecting,30,28,32,2,8,7.547954539467724,3.974586736463781,0.012983825691366135,0.014567218461989618,0.09800132606680467,0.10995270271759257,254.90546192159724,True,,
0.3,reflecting,32,30,34,2,8,7.547954539467724,4.239559185561366,0.017643493092952767,0.00905040511222733,0.13317228378302026,0.06831204635085818,289.1999066751558,True,,
0.3,reflecting,34,32,36,2,8,7.547954539467724,4.504531634658951,0.0322799344246274,0.010075774113365162,0.2436474775740868,0.07605148495762595,254.90546192159724,True,,
0.3,reflecting,10,8,12,2,16,7.547954539467724,1.3248622454879269,0.2624134798286111,0.010138972094466776,1.9806850162898868,0.07652850044596708,236.4894682654678,True,,
0.3,reflecting,12,10,14,2,16,7.547954539467724,1.5898346945855124,0.17387611344824805,0.007056587153602953,1.3124089998067088,0.05326279903918703,262.3805671003402,True,,
0.3,reflecting,14,12,16,2,16,7.547954539467724,1.8548071436830977,0.1290338247714402,0.006944992992357418,0.9739414434284749,0.05242049138323571,236.4894682654678,True,,
0.3,reflecting,16,14,18,2,16,7.547954539467724,2.119779592780683,0.07376078237276928,0.00875867392654448,0.5567430321452348,0.066110072623579,255.66460019555697,True,,
0.3,reflecting,18,16,20,2,16,7.547954539467724,2.3847520418782686,0.06684662878379122,0.0072364561981990575,0.5045553151767307,0.054620442410855924,245.93857172460523,True,,
0.3,reflecting,20,18,22,2,16,7.547954539467724,2.6497244909758537,0.05092924537788601,0.005630380819917042,0.3844116288416803,0.04249785846862484,238.64954465905453,True,,
0.3,reflecting,22,20,24,2,16,7.547954539467724,2.9146969400734393,0.039407000336503906,0.006880937952634511,0.2974422470767208,0.051937006855383404,253.66445107089518,True,,
0.3,reflecting,24,22,26,2,16,7.547954539467724,3.179669389171025,0.03686093170062499,0.007575070524732565,0.2782246367587421,0.05717628795394332,238.64954465905453,True,,
0.3,reflecting,26,24,28,2,16,7.547954539467724,3.44464183826861,0.030463629266762382,0.009476092023175946,0.22993808881272093,0.07152511180274476,253.66445107089518,True,,
0.3,reflecting,28,26,30,2,16,7.547954539467724,3.7096142873661955,0.022813892659740986,0.008138116459872911,0.17219822466402135,0.061426133076014744,262.273028776429,True,,
0.3,reflecting,30,28,32,2,16,7.547954539467724,3.974586736463781,0.021292175874224384,0.009968539366723116,0.1607123755449971,0.07524208196492045,254.90546192159724,True,,
0.3,reflecting,32,30,34,2,16,7.547954539467724,4.239559185561366,0.01953056326218583,0.0077002360936305305,0.14741580363317708,0.05812103197789177,262.273028776429,True,,
0.3,reflecting,34,32,36,2,16,7.547954539467724,4.504531634658951,0.017332289148518143,0.0083159780074632,0.1308233305579247,0.06276862395154562,254.90546192159724,True,,
0.3,reflecting,10,8,12,2,24,7.547954539467724,1.3248622454879269,0.26715823172598796,0.007267499285143197,2.0164981879123407,0.054854754219875033,236.4894682654678,True,,
0.3,reflecting,12,10,14,2,24,7.547954539467724,1.5898346945855124,0.16973201496597076,0.00509296452544722,1.2811295328554027,0.038441464709197425,262.3805671003402,True,,
0.3,reflecting,14,12,16,2,24,7.547954539467724,1.8548071436830977,0.12265013930830726,0.005749233295449774,0.9257576757584864,0.043394951550849103,236.4894682654678,True,,
0.3,reflecting,16,14,18,2,24,7.547954539467724,2.119779592780683,0.07992760688129093,0.006716819018917074,0.6032899431884315,0.050698244604618276,255.66460019555697,True,,
0.3,reflecting,18,16,20,2,24,7.547954539467724,2.3847520418782686,0.06903889591609295,0.005712056141269516,0.5211024478297135,0.043114340081189736,245.93857172460523,True,,
0.3,reflecting,20,18,22,2,24,7.547954539467724,2.6497244909758537,0.04921690818678215,0.004952739445952083,0.3714869855669885,0.03738305218387488,238.64954465905453,True,,
0.3,reflecting,22,20,24,2,24,7.547954539467724,2.9146969400734393,0.03669180777640454,0.005573486405942566,0.27694809706718976,0.04206842201839584,253.66445107089518,True,,
0.3,reflecting,24,22,26,2,24,7.547954539467724,3.179669389171025,0.03979752825274,0.0066707263712341095,0.30038993403486386,0.050350339395303555,238.64954465905453,True,,
0.3,reflecting,26,24,28,2,24,7.547954539467724,3.44464183826861,0.037598919800451824,0.007908459601388407,0.2837949373869032,0.05969269354849673,253.66445107089518,True,,
0.3,reflecting,28,26,30,2,24,7.547954539467724,3.7096142873661955,0.019699235612905024,0.006786523899976777,0.14868893486847073,0.05122437387803592,262.273028776429,True,,
0.3,reflecting,30,28,32,2,24,7.547954539467724,3.974586736463781,0.018931002248854984,0.007147066295263819,0.14289034436091866,0.05394573148721331,254.90546192159724,True,,
0.3,reflecting,32,30,34,2,24,7.547954539467724,4.239559185561366,0.022774737525508588,0.00600951788648516,0.17190268349084845,0.04535956781130815,262.273028776429,True,,
0.3,reflecting,34,32,36,2,24,7.547954539467724,4.504531634658951,0.015271441286143292,0.006467622446297423,0.11526814457996007,0.048817320203093977,254.90546192159724,True,,
0.3,reflecting,10,8,12,2,32,7.547954539467724,1.3248622454879269,0.27008448782793737,0.006803211156321231,2.038585435940695,0.051350328530312295,236.4894682654678,True,,
0.3,reflecting,12,10,14,2,32,7.547954539467724,1.5898346945855124,0.17036929065646733,0.004738035678632913,1.2859396607963787,0.035762477908697334,262.3805671003402,True,,
0.3,reflecting,14,12,16,2,32,7.547954539467724,1.8548071436830977,0.11793211316760521,0.005700982414981433,0.8901462289324471,0.043030756098584776,236.4894682654678,True,,
0.3,reflecting,16,14,18,2,32,7.547954539467724,2.119779592780683,0.07588936819996572,0.006062813374989092,0.5728095012022688,0.045761839735694546,255.66460019555697,True,,
0.3,reflecting,18,16,20,2,32,7.547954539467724,2.3847520418782686,0.06756005342042348,0.004940365032946942,0.5099402119013673,0.037289650677059485,245.93857172460523,True,,
0.3,reflecting,20,18,22,2,32,7.547954539467724,2.6497244909758537,0.05375713967130613,0.005090670426245999,0.4057564464108356,0.03842414895271758,238.64954465905453,True,,
0.3,reflecting,22,20,24,2,32,7.547954539467724,2.9146969400734393,0.04182552126215766,0.004866172394204911,0.3156971330763067,0.03672964801267148,253.66445107089518,True,,
0.3,reflecting,24,22,26,2,32,7.547954539467724,3.179669389171025,0.03970255643744469,0.005727288582762486,0.2996730910904842,0.043229313857103775,238.64954465905453,True,,
0.3,reflecting,26,24,28,2,32,7.547954539467724,3.44464183826861,0.035665006653467834,0.006660778974911358,0.2691978488701891,0.05027525690007336,253.66445107089518,True,,
0.3,reflecting,28,26,30,2,32,7.547954539467724,3.7096142873661955,0.017175725396067154,0.006090290934181108,0.12964159447189613,0.04596923910333142,259.1427688274206,True,,
0.3,reflecting,30,28,32,2,32,7.547954539467724,3.974586736463781,0.01798983073889815,0.006683745941825234,0.13578642458992227,0.05044861052224875,254.90546192159724,True,,
0.3,reflecting,32,30,34,2,32,7.547954539467724,4.239559185561366,0.01979537430002054,0.00514384319233961,0.14941458530830276,0.038825494573929906,259.1427688274206,True,,
0.3,reflecting,34,32,36,2,32,7.547954539467724,4.504531634658951,0.012803719746352193,0.005713027709280866,0.09664189458155158,0.0431216734323714,254.90546192159724,True,,
0.3,reflecting,10,8,12,2,40,7.547954539467724,1.3248622454879269,0.26754737237521553,0.005936663553174213,2.0194354038421696,0.044809666615473885,236.4894682654678,True,1.9335610968314931,2.1075936882105255
0.3,reflecting,12,10,14,2,40,7.547954539467724,1.5898346945855124,0.17036337190394732,0.004228130269773358,1.2858949863214273,0.03191373506319671,262.3805671003402,True,1.2266755524336053,1.348940652310931
0.3,reflecting,14,12,16,2,40,7.547954539467724,1.8548071436830977,0.11618895743206537,0.005010616853063072,0.8769889686853799,0.037819908221610896,236.4894682654678,True,0.8018461650572444,0.9462858775140874
0.3,reflecting,16,14,18,2,40,7.547954539467724,2.119779592780683,0.07642984273347189,0.005110114308159419,0.5768889784109134,0.03857091048947085,255.66460019555697,True,0.5028794275464389,0.6502265655678754
0.3,reflecting,18,16,20,2,40,7.547954539467724,2.3847520418782686,0.06710823616697859,0.004713203391316809,0.5065299158122181,0.03557504493292438,245.93857172460523,True,0.4377161534991987,0.5744734747065449
0.3,reflecting,20,18,22,2,40,7.547954539467724,2.6497244909758537,0.0512907776631085,0.004550942393659255,0.3871404580950895,0.03435030629907648,238.64954465905453,True,0.32041975587875976,0.45635513121042204
0.3,reflecting,22,20,24,2,40,7.547954539467724,2.9146969400734393,0.038111898632995175,0.004930319690539386,0.28766687829464965,0.03721382888923386,253.66445107089518,True,0.21435968916228093,0.3594081296152592
0.3,reflecting,24,22,26,2,40,7.547954539467724,3.179669389171025,0.040188210467652044,0.005398865083359921,0.3033387856323985,0.040750388213920304,238.64954465905453,True,0.2246041594623701,0.3825750580275429
0.3,reflecting,26,24,28,2,40,7.547954539467724,3.44464183826861,0.035993866595166325,0.0057006710017874565,0.2716800687599813,0.04302840556595365,253.66445107089518,True,0.18831601816198346,0.3543830101388635
0.3,reflecting,28,26,30,2,40,7.547954539467724,3.7096142873661955,0.018589303169350656,0.005444606890521591,0.14031121524264203,0.04109564529492969,259.1427688274206,True,0.06186798300603621,0.21874049183017666
0.3,reflecting,30,28,32,2,40,7.547954539467724,3.974586736463781,0.01924704938052706,0.005685248763281656,0.14527585374310867,0.04291199921081504,250.57297166325577,True,0.061622909869482,0.22841348987576665
0.3,reflecting,32,30,34,2,40,7.547954539467724,4.239559185561366,0.018714514161296235,0.004272531735355393,0.14125630211768891,0.03224887530689565,259.1427688274206,True,0.07826208266003742,0.20445131507224276
0.3,reflecting,34,32,36,2,40,7.547954539467724,4.504531634658951,0.01176905050373982,0.005484612284580346,0.08883225817492788,0.041397604190618664,250.57297166325577,True,0.009800038609703262,0.1705598845860743
0.5,absorbing,10,8,12,2,8,7.998446617153261,1.2502427632078283,1.068360595369093,0.01487467002237666,8.545225189929765,0.11897425412174963,190.4130824834288,True,,
0.5,absorbing,12,10,14,2,8,7.998446617153261,1.500291315849394,0.6183227074941868,0.008826681892323322,4.945621168065924,0.07059974392234142,204.91732050913203,True,,
0.5,absorbing,14,12,16,2,8,7.998446617153261,1.7503398684909597,0.41146995001592046,0.006577028014258789,3.2911204297650607,0.052606007471570446,262.1187910049956,True,,
0.5,absorbing,16,14,18,2,8,7.998446617153261,2.0003884211325254,0.27351585127300737,0.016846595261911013,2.1877019353523806,0.1347465928831823,212.46099162478293,True,,
0.5,absorbing,18,16,20,2,8,7.998446617153261,2.250436973774091,0.17304479364548087,0.010285766927697363,1.3840895443496806,0.08227015768766786,269.9893279945794,True,,
0.5,absorbing,20,18,22,2,8,7.998446617153261,2.5004855264156567,0.15459562019899842,0.020029960937136642,1.2365248154073893,0.16020857329935254,240.2766454196425,True,,
0.5,absorbing,22,20,24,2,8,7.998446617153261,2.750534079057222,0.11911075486362499,0.00997128840228286,0.9527010143055327,0.07975481798989889,269.9893279945794,True,,
0.5,absorbing,24,22,26,2,8,7.998446617153261,3.000582631698788,0.09221442037330974,0.009165887091772339,0.737572118687648,0.07331285860239521,268.2610713791986,True,,
0.5,absorbing,26,24,28,2,8,7.998446617153261,3.2506311843403535,0.08665258435697787,0.01404549662717039,0.6930860702176572,0.11234215498382855,285.90813225821853,True,,
0.5,absorbing,28,26,30,2,8,7.998446617153261,3.5006797369819194,0.03297476899725993,0.01094103468673465,0.2637469295375439,0.08751128187826926,246.55180006085516,True,,
0.5,absorbing,30,28,32,2,8,7.998446617153261,3.750728289623485,0.023924392019466723,0.01026892441601934,0.19135797241555208,0.08213544375711242,260.27624094143766,True,,
0.5,absorbing,32,30,34,2,8,7.998446617153261,4.000776842265051,0.03998472774605766,0.019059433629715024,0.319815710378249,0.15244586244045125,246.55180006085516,True,,
0.5,absorbing,34,32,36,2,8,7.998446617153261,4.250825394906616,0.04715029141885907,0.010389192566003782,0.3771290888969638,0.08309740213450677,260.27624094143766,True,,
0.5,absorbing,10,8,12,2,16,7.998446617153261,1.2502427632078283,1.0951031314162973,0.016982796916418647,8.759123936910626,0.13583599454592957,139.4916073301591,True,,
0.5,absorbing,12,10,14,2,16,7.998446617153261,1.500291315849394,0.6388348958536092,0.01242240170029779,5.109686811659756,0.09935991685666577,179.374694427186,True,,
0.5,absorbing,14,12,16,2,16,7.998446617153261,1.7503398684909597,0.39657208412474176,0.010943469365805147,3.1719606447249595,0.08753075552884453,254.0954179317339,True,,
0.5,absorbing,16,14,18,2,16,7.998446617153261,2.0003884211325254,0.2670472055171773,0.01202771244884978,2.135962817589099,0.09620301594859469,212.46099162478293,True,,
0.5,absorbing,18,16,20,2,16,7.998446617153261,2.250436973774091,0.18619763187717187,0.008569411956613471,1.4892918188099136,0.06854198407536773,254.0954179317339,True,,
0.5,absorbing,20,18,22,2,16,7.998446617153261,2.5004855264156567,0.15330858966169636,0.01351085147282759,1.2262305703601326,0.10806582425769799,237.47815142026033,True,,
0.5,absorbing,22,20,24,2,16,7.998446617153261,2.750534079057222,0.11053925803017162,0.0076056663090041604,0.8841423544540576,0.060833515960450855,262.43708678461536,True,,
0.5,absorbing,24,22,26,2,16,7.998446617153261,3.000582631698788,0.08272625976899217,0.008950556327243463,0.6616815725990374,0.07159054697728019,256.53001900814195,True,,
0.5,absorbing,26,24,28,2,16,7.998446617153261,3.2506311843403535,0.07866264565610948,0.011616240667977286,0.6291789720444345,0.09291188087482107,262.43708678461536,True,,
0.5,absorbing,28,26,30,2,16,7.998446617153261,3.5006797369819194,0.046368778983324255,0.007908278060116401,0.3708782034006971,0.06325393989744538,246.55180006085516,True,,
0.5,absorbing,30,28,32,2,16,7.998446617153261,3.750728289623485,0.037439629351781356,0.010200906726990528,0.29945887673622756,0.08159140790239333,260.27624094143766,True,,
0.5,absorbing,32,30,34,2,16,7.998446617153261,4.000776842265051,0.03870789480336878,0.010038160397130867,0.3096030302471293,0.08028969007087322,246.55180006085516,True,,
0.5,absorbing,34,32,36,2,16,7.998446617153261,4.250825394906616,0.03952996243144469,0.008440263304087786,0.31617829428598426,0.06750899547246376,260.27624094143766,True,,
0.5,absorbing,10,8,12,2,24,7.998446617153261,1.2502427632078283,1.098224461035258,0.013338700023495726,8.784089725242424,0.10668888008015152,139.4916073301591,True,,
0.5,absorbing,12,10,14,2,24,7.998446617153261,1.500291315849394,0.6389053382636133,0.01134063991078116,5.110250241515758,0.09070750293074083,179.374694427186,True,,
0.5,absorbing,14,12,16,2,24,7.998446617153261,1.7503398684909597,0.403869826205464,0.01043953321951172,3.2303312451833692,0.08350004916426261,211.34401079722988,True,,
0.5,absorbing,16,14,18,2,24,7.998446617153261,2.0003884211325254,0.26515875721217047,0.009402946949716079,2.120858164632248,0.07520896922122815,212.46099162478293,True,,
0.5,absorbing,18,16,20,2,24,7.998446617153261,2.250436973774091,0.18280294843116293,0.009005293339210137,1.4621396244848772,0.07202835804547811,254.0954179317339,True,,
0.5,absorbing,20,18,22,2,24,7.998446617153261,2.5004855264156567,0.14817774656413776,0.010451862633748395,1.185191795743321,0.08359866532585543,237.47815142026033,True,,
0.5,absorbing,22,20,24,2,24,7.998446617153261,2.750534079057222,0.10962054392016658,0.008719911584329922,0.8767940686887569,0.0697457473135592,251.34336923604354,True,,
0.5,absorbing,24,22,26,2,24,7.998446617153261,3.000582631698788,0.08400954668034959,0.008476191241165106,0.6719458744540211,0.06779636315924115,238.61943233635688,True,,
0.5,absorbing,26,24,28,2,24,7.998446617153261,3.2506311843403535,0.07228863387799578,0.010581327416559486,0.5781967791000859,0.08463418247997129,251.34336923604354,True,,
0.5,absorbing,28,26,30,2,24,7.998446617153261,3.5006797369819194,0.050010875119967345,0.007434754987231521,0.400009314924177,0.0594664908769853,238.61943233635688,True,,
0.5,absorbing,30,28,32,2,24,7.998446617153261,3.750728289623485,0.044707908461216306,0.008235136169830215,0.3575938191916132,0.06586829703937494,258.0542169179521,True,,
0.5,absorbing,32,30,34,2,24,7.998446617153261,4.000776842265051,0.03401602402061066,0.007741415750115447,0.2720753522566574,0.061919300618487876,246.55180006085516,True,,
0.5,absorbing,34,32,36,2,24,7.998446617153261,4.250825394906616,0.03433312505079892,0.006374961254070384,0.2746116679188625,0.05098978727710238,255.01763504924654,True,,
0.5,absorbing,10,8,12,2,32,7.998446617153261,1.2502427632078283,1.0968234936547447,0.012928856191357896,8.772884162437014,0.10341076606742756,139.4916073301591,True,,
0.5,absorbing,12,10,14,2,32,7.998446617153261,1.500291315849394,0.6315142511682268,0.009403582427792375,5.051133025940579,0.07521405205869777,179.374694427186,True,,
0.5,absorbing,14,12,16,2,32,7.998446617153261,1.7503398684909597,0.39607265776511325,0.009792290083147548,3.1679660096482714,0.07832310948973494,211.34401079722988,True,,
0.5,absorbing,16,14,18,2,32,7.998446617153261,2.0003884211325254,0.27402192381068247,0.007996451186572658,2.191749729529382,0.06395918794247327,212.46099162478293,True,,
0.5,absorbing,18,16,20,2,32,7.998446617153261,2.250436973774091,0.18654577618691537,0.007875364587705085,1.4920764324864626,0.06299068324537833,254.0954179317339,True,,
0.5,absorbing,20,18,22,2,32,7.998446617153261,2.5004855264156567,0.14368194763597453,0.008426325436598514,1.1492323880149524,0.06739751418339386,237.47815142026033,True,,
0.5,absorbing,22,20,24,2,32,7.998446617153261,2.750534079057222,0.1084996802535736,0.006823092706320922,0.8678289004864063,0.05457414277539567,251.34336923604354,True,,
0.5,absorbing,24,22,26,2,32,7.998446617153261,3.000582631698788,0.08985529754017385,0.0071668093922564,0.7187028006435033,0.05732334233927542,238.61943233635688,True,,
0.5,absorbing,26,24,28,2,32,7.998446617153261,3.2506311843403535,0.07505526857706846,0.00825128157878111,0.6003255590497827,0.0659974352309808,251.34336923604354,True,,
0.5,absorbing,28,26,30,2,32,7.998446617153261,3.5006797369819194,0.0467260818358759,0.006607499469352345,0.373736071192988,0.05284973177848323,234.05623018104959,True,,
0.5,absorbing,30,28,32,2,32,7.998446617153261,3.750728289623485,0.044689587917294826,0.0066965701358336245,0.35744728329906006,0.05356215874948801,258.0542169179521,True,,
0.5,absorbing,32,30,34,2,32,7.998446617153261,4.000776842265051,0.03539326373545526,0.007521091682705643,0.28309113059486535,0.06015705032683648,234.05623018104959,True,,
0.5,absorbing,34,32,36,2,32,7.998446617153261,4.250825394906616,0.03217982107897921,0.005522062218672566,0.2573885810497585,0.044167919872651416,255.01763504924654,True,,
0.5,absorbing,10,8,12,2,40,7.998446617153261,1.2502427632078283,1.0906078214421497,0.011500770987507979,8.72316844005485,0.09198830279968756,139.4916073301591,True,8.542252721584005,8.897266355219493
0.5,absorbing,12,10,14,2,40,7.998446617153261,1.500291315849394,0.6342683497191135,0.008079968313184974,5.073161536178225,0.06462719522129991,179.374694427186,True,4.945018252717999,5.1959405414451405
0.5,absorbing,14,12,16,2,40,7.998446617153261,1.7503398684909597,0.3990798541903377,0.00906373276691861,3.1920189097227234,0.07249578268834132,211.34401079722988,True,3.050599047530153,3.3301866947087526
0.5,absorbing,16,14,18,2,40,7.998446617153261,2.0003884211325254,0.27363988792434596,0.007354926588409116,2.1886940358866824,0.05882798769047147,212.46099162478293,True,2.073394872635836,2.301113259508756
0.5,absorbing,18,16,20,2,40,7.998446617153261,2.250436973774091,0.18722447509641604,0.0072743955234580975,1.4975049694832239,0.05818386426643825,254.0954179317339,True,1.3886909763644812,1.6059067722523788
0.5,absorbing,20,18,22,2,40,7.998446617153261,2.5004855264156567,0.14375108914744245,0.007460387112200791,1.149785412703458,0.0596715080602362,236.5640611483559,True,1.0297967485239892,1.2675460284323719
0.5,absorbing,22,20,24,2,40,7.998446617153261,2.750534079057222,0.10904975283546321,0.00599936493777691,0.87222862666821,0.04798560019162961,251.34336923604354,True,0.7773750388382927,0.9697160385679247
0.5,absorbing,24,22,26,2,40,7.998446617153261,3.000582631698788,0.08518112025234643,0.006155838923054548,0.6813166431277055,0.04923714900984603,238.61943233635688,True,0.5818625177106107,0.7764107814513312
0.5,absorbing,26,24,28,2,40,7.998446617153261,3.2506311843403535,0.07031617280790456,0.00693145125440027,0.5624201545265484,0.05544084283772057,251.34336923604354,True,0.4497730174156905,0.6672954406975985
0.5,absorbing,28,26,30,2,40,7.998446617153261,3.5006797369819194,0.047139936252797554,0.005690421332715968,0.377046263654009,0.04551453125883879,234.05623018104959,True,0.28966798025883556,0.4627802374354527
0.5,absorbing,30,28,32,2,40,7.998446617153261,3.750728289623485,0.050282675186843304,0.005901424526807391,0.40218329324962304,0.047202229042827865,258.0542169179521,True,0.3112718477354478,0.49504251801292415
0.5,absorbing,32,30,34,2,40,7.998446617153261,4.000776842265051,0.038014893747646286,0.0064963620463749615,0.30406009829730213,0.051960805033630646,234.05623018104959,True,0.20233579479188837,0.40332404421131773
0.5,absorbing,34,32,36,2,40,7.998446617153261,4.250825394906616,0.030288543914972266,0.004642586218369805,0.24226130161520792,0.03713347803316232,255.01763504924654,True,0.17054193805434636,0.31307746493699806
0.5,reflecting,10,8,12,2,8,7.998446617153261,1.2502427632078283,0.3605989919814121,0.015367101512302249,2.8842317875626016,0.12291294110652469,250.2128267994819,True,,
0.5,reflecting,12,10,14,2,8,7.998446617153261,1.500291315849394,0.22327315646607104,0.017689727535013165,1.7858384230371767,0.14149034136078895,239.44710849714178,True,,
0.5,reflecting,14,12,16,2,8,7.998446617153261,1.7503398684909597,0.1435278340822883,0.018253105708462378,1.1479997189828135,0.14599649160639178,250.2128267994819,True,,
0.5,reflecting,16,14,18,2,8,7.998446617153261,2.0003884211325254,0.13455554010812243,0.015400114383825958,1.0762353045970419,0.12317699279708602,239.44710849714178,True,,
0.5,reflecting,18,16,20,2,8,7.998446617153261,2.250436973774091,0.07675724988425969,0.0180515544656846,0.6139387656787445,0.14438439475041284,252.30425800714661,True,,
0.5,reflecting,20,18,22,2,8,7.998446617153261,2.5004855264156567,0.04281015280202993,0.01832947259148931,0.3424147218592105,0.1466073080436011,255.86629710227444,True,,
0.5,reflecting,22,20,24,2,8,7.998446617153261,2.750534079057222,0.043904957933332156,0.014743250022180633,0.35117146225811685,0.11792309826575544,252.30425800714661,True,,
0.5,reflecting,24,22,26,2,8,7.998446617153261,3.000582631698788,0.06072113018547043,0.015381821861452876,0.48567471832169873,0.12303068103339183,255.86629710227444,True,,
0.5,reflecting,26,24,28,2,8,7.998446617153261,3.2506311843403535,0.054445778556676316,0.012539482766227263,0.4354816533149233,0.10029638351238207,270.2395125734834,True,,
0.5,reflecting,28,26,30,2,8,7.998446617153261,3.5006797369819194,0.0068472248700093274,0.012696673461536448,0.054767162598413785,0.10155366489752579,236.48034739350277,True,,
0.5,reflecting,30,28,32,2,8,7.998446617153261,3.750728289623485,0.01624317165224376,0.017530776385472648,0.12992014135372884,0.14021897907645398,265.3832045311114,True,,
0.5,reflecting,32,30,34,2,8,7.998446617153261,4.000776842265051,0.04790804192908915,0.01261850211224377,0.38318991590215973,0.10092841553321746,236.48034739350277,True,,
0.5,reflecting,34,32,36,2,8,7.998446617153261,4.250825394906616,0.040496046056299306,0.013467030579779979,0.32390546258708985,0.1077153251839407,265.3832045311114,True,,
0.5,reflecting,10,8,12,2,16,7.998446617153261,1.2502427632078283,0.3600780196098423,0.010910965910530224,2.880064817859589,0.08727077837695503,222.01436858885043,True,,
0.5,reflecting,12,10,14,2,16,7.998446617153261,1.500291315849394,0.23180511069145293,0.011648144917915678,1.854080803448889,0.09316706531481361,230.2906857716232,True,,
0.5,reflecting,14,12,16,2,16,7.998446617153261,1.7503398684909597,0.1423205415735156,0.010386131790366116,1.138343254300106,0.08307292068396181,250.2128267994819,True,,
0.5,reflecting,16,14,18,2,16,7.998446617153261,2.0003884211325254,0.11543721974839904,0.010048450876092312,0.92331843979016,0.08037199791751128,239.44710849714178,True,,
0.5,reflecting,18,16,20,2,16,7.998446617153261,2.250436973774091,0.07825628078079827,0.011025480198442928,0.6259286842821717,0.08818671479572611,252.30425800714661,True,,
0.5,reflecting,20,18,22,2,16,7.998446617153261,2.5004855264156567,0.05541104589729429,0.011168358176397051,0.4432022926101376,0.08932951667515895,249.69094364502507,True,,
0.5,reflecting,22,20,24,2,16,7.998446617153261,2.750534079057222,0.05447238269936694,0.009972058491841669,0.4356944451300293,0.07976097751012545,252.30425800714661,True,,
0.5,reflecting,24,22,26,2,16,7.998446617153261,3.000582631698788,0.060146345361042464,0.010848258030288719,0.48107733258716184,0.08676921274436851,249.69094364502507,True,,
0.5,reflecting,26,24,28,2,16,7.998446617153261,3.2506311843403535,0.038227717340917344,0.010179082513611317,0.3057623564469514,0.08141684809671836,258.7082115381408,True,,
0.5,reflecting,28,26,30,2,16,7.998446617153261,3.5006797369819194,0.01859021829401364,0.009861605013140385,0.14869286862589406,0.07887752125705436,236.48034739350277,True,,
0.5,reflecting,30,28,32,2,16,7.998446617153261,3.750728289623485,0.028713344209277736,0.011087295479687197,0.22966215085785469,0.0886811410228827,258.7082115381408,True,,
0.5,reflecting,32,30,34,2,16,7.998446617153261,4.000776842265051,0.028893778446943408,0.008559840141945477,0.2311053444757303,0.06846542442671649,236.48034739350277,True,,
0.5,reflecting,34,32,36,2,16,7.998446617153261,4.250825394906616,0.024921043671124465,0.008151376256798846,0.19932963744723417,0.06519834784633614,262.06553877179806,True,,
0.5,reflecting,10,8,12,2,24,7.998446617153261,1.2502427632078283,0.3519481308379735,0.008471969262994945,2.8150383365144025,0.06776259389222833,222.01436858885043,True,,
0.5,reflecting,12,10,14,2,24,7.998446617153261,1.500291315849394,0.22848596952494304,0.009305141910816973,1.8275328300137639,0.07442668083870506,230.2906857716232,True,,
0.5,reflecting,14,12,16,2,24,7.998446617153261,1.7503398684909597,0.1502669823173767,0.008350033669860176,1.2019024363862507,0.06678729855980896,250.2128267994819,True,,
0.5,reflecting,16,14,18,2,24,7.998446617153261,2.0003884211325254,0.11633055234365723,0.007023136060524689,0.9304637128646955,0.05617417886511078,239.44710849714178,True,,
0.5,reflecting,18,16,20,2,24,7.998446617153261,2.250436973774091,0.07333982114980427,0.008440598266433709,0.5866046443782771,0.06751167465090638,252.30425800714661,True,,
0.5,reflecting,20,18,22,2,24,7.998446617153261,2.5004855264156567,0.056398726535557366,0.009881052703028635,0.4511022034700807,0.07903307256645248,249.69094364502507,True,,
0.5,reflecting,22,20,24,2,24,7.998446617153261,2.750534079057222,0.05617486255513349,0.007164567824130718,0.4493116393731568,0.05730541327628344,252.30425800714661,True,,
0.5,reflecting,24,22,26,2,24,7.998446617153261,3.000582631698788,0.05513482551560678,0.008265660795297431,0.4409929586326404,0.06611244662668307,249.69094364502507,True,,
0.5,reflecting,26,24,28,2,24,7.998446617153261,3.2506311843403535,0.037704049336695654,0.008439414469792725,0.30157382587007303,0.0675022061166679,257.32084992181035,True,,
0.5,reflecting,28,26,30,2,24,7.998446617153261,3.5006797369819194,0.025135859467455408,0.008543583537568102,0.2010478301267085,0.06833539684442788,236.48034739350277,True,,
0.5,reflecting,30,28,32,2,24,7.998446617153261,3.750728289623485,0.027416843490235838,0.008772361372400672,0.21929215906749724,0.0701652641435241,258.7082115381408,True,,
0.5,reflecting,32,30,34,2,24,7.998446617153261,4.000776842265051,0.015710363994842307,0.007779419816332017,0.12565850774879284,0.06222327411335587,234.7425548848667,True,,
0.5,reflecting,34,32,36,2,24,7.998446617153261,4.250825394906616,0.018198264392157288,0.008044442699358981,0.1455578462655111,0.06434304549557109,248.46156365299834,True,,
0.5,reflecting,10,8,12,2,32,7.998446617153261,1.2502427632078283,0.3424191577287119,0.007918792051672415,2.7388213537836847,0.06333803549763936,222.01436858885043,True,,
0.5,reflecting,12,10,14,2,32,7.998446617153261,1.500291315849394,0.22192521040658786,0.008138237771631874,1.7750569484375984,0.06509326037409786,230.2906857716232,True,,
0.5,reflecting,14,12,16,2,32,7.998446617153261,1.7503398684909597,0.15334297432766908,0.006643941655338567,1.2265055942753642,0.053141212657706396,250.2128267994819,True,,
0.5,reflecting,16,14,18,2,32,7.998446617153261,2.0003884211325254,0.11952031058199797,0.006350351036671578,0.9559768238556888,0.05079294376700149,239.44710849714178,True,,
0.5,reflecting,18,16,20,2,32,7.998446617153261,2.250436973774091,0.07711920736833955,0.007226710960090809,0.6168338632928363,0.05780246183188273,252.30425800714661,True,,
0.5,reflecting,20,18,22,2,32,7.998446617153261,2.5004855264156567,0.05405042172730434,0.007766332532381342,0.43231941282046454,0.062118596171312865,249.69094364502507,True,,
0.5,reflecting,22,20,24,2,32,7.998446617153261,2.750534079057222,0.058344884594272006,0.005979922043399018,0.46666844481125236,0.047830087238865095,252.30425800714661,True,,
0.5,reflecting,24,22,26,2,32,7.998446617153261,3.000582631698788,0.054618328734149735,0.006392288160501517,0.43686178669822473,0.051128375613232205,249.69094364502507,True,,
0.5,reflecting,26,24,28,2,32,7.998446617153261,3.2506311843403535,0.03535970000008337,0.006585512982701957,0.282822672849221,0.052673874038711356,257.32084992181035,True,,
0.5,reflecting,28,26,30,2,32,7.998446617153261,3.5006797369819194,0.02694966927669329,0.006809721352621336,0.21555549105956662,0.054467192716630454,236.48034739350277,True,,
0.5,reflecting,30,28,32,2,32,7.998446617153261,3.750728289623485,0.02351646298270893,0.007982286478643425,0.18809517379145813,0.06384589228225372,230.68520305718548,True,,
0.5,reflecting,32,30,34,2,32,7.998446617153261,4.000776842265051,0.017556234096156587,0.0068084454211624346,0.1404226012163544,0.054456987246969284,234.7425548848667,True,,
0.5,reflecting,34,32,36,2,32,7.998446617153261,4.250825394906616,0.02148803556559553,0.007816585382637908,0.17187090537890654,0.0625205409114498,230.68520305718548,True,,
0.5,reflecting,10,8,12,2,40,7.998446617153261,1.2502427632078283,0.3447714762462059,0.00673296912465462,2.7576362478724015,0.0538532941184911,222.01436858885043,True,2.656305153103839,2.8613068417208014
0.5,reflecting,12,10,14,2,40,7.998446617153261,1.500291315849394,0.22340800084502915,0.006994271708899368,1.7869169686038964,0.05594330888949691,230.2906857716232,True,1.6750504790112852,1.8910808165927209
0.5,reflecting,14,12,16,2,40,7.998446617153261,1.7503398684909597,0.15012123350999715,0.006012925973057391,1.2007366723309114,0.04809406740839387,250.2128267994819,True,1.1082263759217044,1.295746298770792
0.5,reflecting,16,14,18,2,40,7.998446617153261,2.0003884211325254,0.11588638823509925,0.005483421201891372,0.9269110899531391,0.043858851762694516,239.44710849714178,True,0.8434021683406863,1.0141428807929924
0.5,reflecting,18,16,20,2,40,7.998446617153261,2.250436973774091,0.07823901816394922,0.006243558512742456,0.6257906101628322,0.049938769465243345,251.4641366847629,True,0.5299704884300214,0.7209180471047989
0.5,reflecting,20,18,22,2,40,7.998446617153261,2.5004855264156567,0.06195060615206316,0.007037683451691723,0.4955086162075636,0.056290535396779154,248.79226377745485,True,0.38647812250166763,0.6042287265074123
0.5,reflecting,22,20,24,2,40,7.998446617153261,2.750534079057222,0.06175758420716768,0.004991379470372659,0.49396474048537803,0.039923282239730434,252.30425800714661,True,0.41562095869381305,0.5702400756920334
0.5,reflecting,24,22,26,2,40,7.998446617153261,3.000582631698788,0.05131196123009154,0.005347961566018768,0.410415982720325,0.04277538509638847,249.69094364502507,True,0.3299250704611994,0.4970508326075915
0.5,reflecting,26,24,28,2,40,7.998446617153261,3.2506311843403535,0.03495442335872347,0.005819016813662328,0.2795810892681247,0.0465430953483954,257.32084992181035,True,0.18839270027028182,0.3720613361943197
0.5,reflecting,28,26,30,2,40,7.998446617153261,3.5006797369819194,0.027304715447830575,0.005600595773530921,0.21839530890603287,0.04479606631884125,236.48034739350277,True,0.13212548613583486,0.306001357769958
0.5,reflecting,30,28,32,2,40,7.998446617153261,3.750728289623485,0.022584636258352477,0.0065199534800584125,0.18064200748025624,0.052149499856569845,230.68520305718548,True,0.0752088321158785,0.2790176629869236
0.5,reflecting,32,30,34,2,40,7.998446617153261,4.000776842265051,0.017590344537977386,0.0059123752212193155,0.14069543176434557,0.0472898175875024,234.7425548848667,True,0.04967934524484702,0.23277927884242017
0.5,reflecting,34,32,36,2,40,7.998446617153261,4.250825394906616,0.02241197308840164,0.006319134933376738,0.179260970332656,0.05054326343120217,230.68520305718548,True,0.081950712281235,0.276971964590645
