model,N,w,Rg,Rg_err,CI95_low,CI95_high,quality_flag,min_ESS,max_block_weight_fraction,valid_blocks,blocks,delta_vs_strict_SAW,z_vs_strict_SAW,CI_source,N200_strict_SAW_Rg_old,N200_strict_SAW_Rg_new,N200_strict_SAW_Rg_shift
DJ,200,0.0,5.775078640000605,0.0048481753011338,5.766154173891199,5.784604816331715,OK,4000.0,0.00025,30,30,-3.9694230168393814,-141.29851735059498,bootstrap_CI95,9.669317863734271,9.744501656839986,0.07518379310571532
DJ,200,0.1,6.667453938618453,0.0072708123937637,6.653854742760156,6.681098970428216,OK,2028.382846639104,0.0027804979122247,30,30,-3.0770477182215332,-107.55054630721199,bootstrap_CI95,9.669317863734271,9.744501656839986,0.07518379310571532
DJ,200,0.2,7.15909796659843,0.0105525934921017,7.13892323277967,7.179399115619888,OK,908.9384259085884,0.0118676461186286,30,30,-2.5854036902415567,-87.30095011038247,bootstrap_CI95,9.669317863734271,9.744501656839986,0.07518379310571532
DJ,200,0.3,7.547954539467724,0.0146480562237598,7.521267920426023,7.576209174270311,OK,523.4036530211924,0.0224008804511591,30,30,-2.196547117372263,-70.1572801578995,bootstrap_CI95,9.669317863734271,9.744501656839986,0.07518379310571532
DJ,200,0.4,7.807885302897903,0.021617663119327,7.767807741026536,7.850815620541077,OK,233.19211096964227,0.032215130515074,30,30,-1.9366163539420835,-55.15199099866899,bootstrap_CI95,9.669317863734271,9.744501656839986,0.07518379310571532
DJ,200,0.5,7.998446617153261,0.0196200078211687,7.962210032331452,8.036259219943041,OK,183.37725200739968,0.0457239537024288,30,30,-1.7460550396867252,-51.47434068731851,bootstrap_CI95,9.669317863734271,9.744501656839986,0.07518379310571532
DJ,200,1.0,8.78461668594379,0.0402953159684736,8.705614291847787,8.86621539555855,CAUTION,33.00819050576459,0.1620101932742469,30,30,-0.9598849708961961,-19.637007477530968,bootstrap_CI95,9.669317863734271,9.744501656839986,0.07518379310571532
DJ,200,2.0,9.296298623071644,0.0662962549294088,9.18315205663559,9.434674360486136,CAUTION,11.803228717762146,0.2767991574860536,30,30,-0.44820303376834225,-6.238973252890902,bootstrap_CI95,9.669317863734271,9.744501656839986,0.07518379310571532
DJ,200,4.0,9.624507812373585,0.0494706154490524,9.530311842787915,9.719829975619144,CAUTION,12.387078334869296,0.2688427943206249,30,30,-0.11999384446640171,-2.116908216771084,bootstrap_CI95,9.669317863734271,9.744501656839986,0.07518379310571532
DJ,200,8.0,9.71792892915347,0.0594512641129538,9.603290363980832,9.835467446612553,CAUTION,17.84543723235782,0.2188706583504487,30,30,-0.026572727686517084,-0.4052239683900167,bootstrap_CI95,9.669317863734271,9.744501656839986,0.07518379310571532
strict_SAW_endpoint,200,inf,9.744501656839986,0.0276709510674734,9.690649404460176,9.798977044825792,CAUTION,5.300508080119768,0.4283792984777954,30,30,0.0,0.0,bootstrap_CI95,9.669317863734271,9.744501656839986,0.07518379310571532
