L,L_minus,L_over_Rg,L_over_Rg_err,L_plus,N,Rg,Rg_err,deltaF,deltaF_bootstrap_high,deltaF_bootstrap_low,deltaF_err,f,fRg,fRg_bootstrap_high,fRg_bootstrap_low,fRg_err,fRg_err_block_only,fRg_exact,f_err,f_exact,minus_quality_flag,model,n_force_blocks,n_free_energy_blocks,plot_on_log_axis,plus_quality_flag,quality_flag,reference_quality_flag,signed_force_retained,width_quality_flag
8,6,1.3856406460551016,0.0,10,200,5.773502691896258,0.0,4.898854483630217,,,0.0,1.462163614975892,8.441805567056075,,,0.0,,7.419555674171949,,1.285104739725177,,Gaussian,,,,,EXACT,,,
10,8,1.7320508075688772,0.0,12,200,5.773502691896258,0.0,3.0483036584272,,,0.0,0.7139470766630456,4.121975368985558,,,0.0,,3.798812505138416,,0.6579736267327743,,Gaussian,,,,,EXACT,,,
12,10,2.0784609690826525,0.0,14,200,5.773502691896258,0.0,2.0430661769780345,,,0.0,0.4028408731914771,2.3258028657768324,,,0.0,,2.1983867987424657,,0.3807717630110646,,Gaussian,,,,,EXACT,,,
14,12,2.424871130596428,0.0,16,200,5.773502691896258,0.0,1.4369401656612917,,,0.0,0.2498786211320358,1.4426748917531338,,,0.0,,1.3844014507301103,,0.2397853650736612,,Gaussian,,,,,EXACT,,,
16,14,2.7712812921102032,0.0,18,200,5.773502691896258,0.0,1.043551692449891,,,0.0,0.1657535926486466,0.9569788133484372,,,0.0,,0.9273596681404505,,0.1606234062109473,,Gaussian,,,,,EXACT,,,
18,16,3.117691453623979,0.0,20,200,5.773502691896258,0.0,0.7739257950667051,,,0.0,0.1155465723200889,0.6671084463294192,,,0.0,,0.6508586447794953,,0.1127320241303509,,Gaussian,,,,,EXACT,,,
22,20,3.8105117766515297,0.0,24,200,5.773502691896258,0.0,0.4396110633617561,,,0.0,0.0620778130469901,0.3584064207338304,,,0.0,,0.3526195978173817,,0.0610755059164208,,Gaussian,,,,,EXACT,,,
26,24,4.50333209967908,0.0,28,200,5.773502691896258,0.0,0.2519163024186184,,,0.0,0.0358300189540901,0.2068647108821334,,,0.0,,0.2043201701522634,,0.0353892915714838,,Gaussian,,,,,EXACT,,,
30,28,5.196152422706631,0.0,32,200,5.773502691896258,0.0,0.1420073127944534,,,0.0,0.0210692125324759,0.1216431552723841,,,0.0,,0.1202885615759919,,0.0208345900218995,,Gaussian,,,,,EXACT,,,
34,32,5.888972745734182,0.0,36,200,5.773502691896258,0.0,0.0776079077894757,,,0.0,0.0122289478726692,0.070603863461915,,,0.0,,0.0697905180124261,,0.0120880723084072,,Gaussian,,,,,EXACT,,,
38,36,6.581793068761733,0.0,40,200,5.773502691896258,0.0,0.0407479416419999,,,0.0,0.0068780953460404,0.0397107019954838,,,0.0,,0.0391984919943171,,0.0067893779714239,,Gaussian,,,,,EXACT,,,
8,6,0.827359293875816,0.0054498912104016,10,200,9.669317863734271,0.0636926796208264,10.258580699541849,10.622106548922044,9.84506972815402,0.2080789560694489,2.467964295026004,23.863531244953297,24.969201481484053,22.63089934916384,0.6318901084528353,0.6120261572879291,,0.0632956911659087,,CHECK_ESS+WMAX,SAW,20.0,20.0,True,CHECK_ESS+WMAX,,CHECK_ESS+WMAX,True,CHECK_ESS+WMAX
10,8,1.03419911734477,0.0068123640130021,12,200,9.669317863734271,0.0636926796208264,7.13099559140787,7.348817131647971,6.876117555239392,0.1230779472526729,1.3319412259087948,12.878963089124037,13.98794643800542,11.64180358933126,0.6341467862921728,0.6284466447732371,,0.0649938965322764,,CHECK_ESS+WMAX,SAW,20.0,20.0,True,CHECK_ESS+WMAX,,CHECK_ESS+WMAX,True,CHECK_ESS+WMAX
12,10,1.241038940813724,0.0081748368156025,14,200,9.669317863734271,0.0636926796208264,4.930815795906668,5.211704157145184,4.608926259672362,0.156745067513446,0.8334856907160948,8.059238078408033,8.762423798406605,7.362730809190402,0.3649531465116414,0.3610714281988504,,0.0373419752341666,,CHECK_ESS+WMAX,SAW,20.0,20.0,True,CHECK_ESS+WMAX,,CHECK_ESS+WMAX,True,CHECK_ESS+WMAX
14,12,1.447878764282678,0.0095373096182029,16,200,9.669317863734271,0.0636926796208264,3.797052828543491,3.970774197804568,3.5869589351197506,0.1019314485585659,0.5092662405870285,4.92425715750495,5.763473757119124,3.929573656326175,0.4808867382907004,0.4797915448274351,,0.0496199992170017,,CHECK_ESS+WMAX,SAW,20.0,20.0,True,CHECK_ESS+WMAX,,CHECK_ESS+WMAX,True,CHECK_ESS+WMAX
16,14,1.654718587751632,0.0108997824208033,18,200,9.669317863734271,0.0636926796208264,2.8937508335585536,3.057991954065495,2.7344925435328484,0.085302138406322,0.3974884859090885,3.843442517429437,4.315040323481283,3.3002663863275115,0.2636282599613218,0.2624098007968105,,0.0271383984366678,,CHECK_ESS+WMAX,SAW,20.0,20.0,True,CHECK_ESS+WMAX,,CHECK_ESS+WMAX,True,CHECK_ESS+WMAX
18,16,1.8615584112205856,0.0122622552234038,20,200,9.669317863734271,0.0636926796208264,2.207098884907137,2.3469443878063307,2.074151653989079,0.0718938818808259,0.3015438296592087,2.915723138822631,3.4391293086708905,2.363920007805649,0.2843307810867062,0.2836813660951909,,0.0293383018422805,,CHECK_ESS+WMAX,SAW,20.0,20.0,True,CHECK_ESS+WMAX,,CHECK_ESS+WMAX,True,CHECK_ESS+WMAX
22,20,2.275238058158494,0.0149872008286046,24,200,9.669317863734271,0.0636926796208264,1.4329321367144443,1.586625353795425,1.2481710722110868,0.0883342528297273,0.126258137840027,1.2208300676583972,1.7923924009042291,0.5700534955761865,0.3197202309080691,0.3196190807906442,,0.0330549771240231,,CHECK_ESS+WMAX,SAW,20.0,20.0,True,CHECK_ESS+WMAX,,CHECK_ESS+WMAX,True,CHECK_ESS+WMAX
26,24,2.6889177050964017,0.0177121464338055,28,200,9.669317863734271,0.0636926796208264,1.1206274753240393,1.2306728855158815,1.0161339725195335,0.0558142077702652,0.0795236121526471,0.7689390835762671,1.1369505039756769,0.4115036339702605,0.1905539440640394,0.1904866153946018,,0.0197001089507089,,CHECK_ESS+WMAX,SAW,20.0,20.0,True,CHECK_ESS+WMAX,,CHECK_ESS+WMAX,True,CHECK_ESS+WMAX
30,28,3.10259735203431,0.0204370920390063,32,200,9.669317863734271,0.0636926796208264,0.7491792302462272,0.8788790445934319,0.6110840853803038,0.06992994723745,0.069087179239208,0.6680258963726858,0.957377357879036,0.3775993974367165,0.1515952853746081,0.151531407599362,,0.015671364798927,,CHECK_ESS+WMAX,SAW,20.0,20.0,True,CHECK_ESS+WMAX,,CHECK_ESS+WMAX,True,CHECK_ESS+WMAX
34,32,3.516276998972218,0.0231620376442072,36,200,9.669317863734271,0.0636926796208264,0.5033184110604652,0.6379805344937232,0.3788610665774318,0.0677539761979271,0.0386186956755878,0.373416443970079,0.6114728767686891,0.152134790441209,0.1223804521017208,0.1223557305308966,,0.0126540188517127,,CHECK_ESS+WMAX,SAW,20.0,20.0,True,CHECK_ESS+WMAX,,CHECK_ESS+WMAX,True,CHECK_ESS+WMAX
38,36,3.929956645910126,0.025886983249408,40,200,9.669317863734271,0.0636926796208264,0.4059105979525611,0.5073990968948898,0.3135351297761723,0.0507616550204505,0.0262272269321179,0.253599393890941,0.5477026041636027,-0.037242643520874,0.1531300939894565,0.1531209821477674,,0.0158357584584185,,CHECK_ESS+WMAX,SAW,20.0,20.0,True,CHECK_ESS+WMAX,,CHECK_ESS+WMAX,True,CHECK_ESS+WMAX
