w,boundary,L_center,L_minus,L_plus,delta_L,blocks_used,Rg,L_over_Rg,lnZ_minus,lnZ_plus,force_kBT,force_err_kBT,fRg,fRg_err,min_ESS_endpoints,fRg_bootstrap_CI95_low,fRg_bootstrap_CI95_high,fRg_bootstrap_err_low,fRg_bootstrap_err_high
0.3,fold-back reflecting,10,8,12,2,8,7.547954539467724,1.3248622454879269,337.87325183348355,339.02251941445286,0.28731689524232706,0.011651636130544894,2.168654863710095,0.08794601982377248,262.8106718369021,,,,
0.3,fold-back reflecting,12,10,14,2,8,7.547954539467724,1.5898346945855124,338.5518338596056,339.2266102773453,0.16869410443491972,0.01586673390704891,1.2732954313509945,0.11976138622023627,255.57348283497876,,,,
0.3,fold-back reflecting,14,12,16,2,8,7.547954539467724,1.8548071436830977,339.02251941445286,339.4508934865929,0.10709351803501477,0.012364510171420063,0.8083370055999582,0.0933267606766649,278.0334438027874,,,,
0.3,fold-back reflecting,16,14,18,2,8,7.547954539467724,2.119779592780683,339.2266102773453,339.562435075094,0.08395619943718202,0.012900369590640717,0.6336975766583356,0.09737140321248798,264.312795118756,,,,
0.3,fold-back reflecting,18,16,20,2,8,7.547954539467724,2.3847520418782686,339.4508934865929,339.7047306269609,0.06345928509199439,0.013538808085715885,0.47898779898149546,0.10219030794956153,275.17282764524253,,,,
0.3,fold-back reflecting,20,18,22,2,8,7.547954539467724,2.6497244909758537,339.562435075094,339.8388525446987,0.06910436740116666,0.011532282373492915,0.5215966236226812,0.08704514309142947,267.9474769689226,,,,
0.3,fold-back reflecting,22,20,24,2,8,7.547954539467724,2.9146969400734393,339.7047306269609,339.8902472689014,0.04637916048513091,0.011215196010457512,0.35006779492044593,0.08465178963815308,275.17282764524253,,,,
0.3,fold-back reflecting,24,22,26,2,8,7.547954539467724,3.179669389171025,339.8388525446987,339.91106985015205,0.018054326363341033,0.010803710044911081,0.13627323463121174,0.08154591227657965,270.2543590562435,,,,
0.3,fold-back reflecting,26,24,28,2,8,7.547954539467724,3.44464183826861,339.8902472689014,339.9685023915939,0.019563780673124143,0.0078090326290107225,0.1476665271408583,0.05894222328099306,285.4886477010135,,,,
0.3,fold-back reflecting,28,26,30,2,8,7.547954539467724,3.7096142873661955,339.91106985015205,340.0573588539861,0.03657225095851402,0.009396579880637987,0.2760456876408687,0.07092495776553256,289.05349572102864,,,,
0.3,fold-back reflecting,30,28,32,2,8,7.547954539467724,3.974586736463781,339.9685023915939,340.0617196200912,0.02330430712432019,0.013339569291297376,0.17589985074816258,0.10068646258679227,250.2729551110705,,,,
0.3,fold-back reflecting,32,30,34,2,8,7.547954539467724,4.239559185561366,340.0573588539861,340.1213426389419,0.01599594623894518,0.009773578410776985,0.12073667502732793,0.07377052553246788,289.160830735529,,,,
0.3,fold-back reflecting,10,8,12,2,16,7.547954539467724,1.3248622454879269,337.87186060781045,339.0229908954756,0.2877825719162814,0.008569446743633096,2.172169770075193,0.06468179444933232,257.9959105045399,,,,
0.3,fold-back reflecting,12,10,14,2,16,7.547954539467724,1.5898346945855124,338.5598195330946,339.2073287607153,0.16187730690518265,0.009175822279149086,1.2218425534917832,0.06925868942525241,255.57348283497876,,,,
0.3,fold-back reflecting,14,12,16,2,16,7.547954539467724,1.8548071436830977,339.0229908954756,339.433277542582,0.10257166177660793,0.008840911315439987,0.7742062401274958,0.06673079669640682,275.78058572881963,,,,
0.3,fold-back reflecting,16,14,18,2,16,7.547954539467724,2.119779592780683,339.2073287607153,339.56623275652214,0.08972599895170674,0.008110796568742858,0.6772477610958111,0.06121992377974189,259.2130075541639,,,,
0.3,fold-back reflecting,18,16,20,2,16,7.547954539467724,2.3847520418782686,339.433277542582,339.69787035489924,0.06614820307930813,0.008652445029518493,0.49928362971009665,0.06530826173804906,275.17282764524253,,,,
0.3,fold-back reflecting,20,18,22,2,16,7.547954539467724,2.6497244909758537,339.56623275652214,339.8161928359975,0.0624900198688465,0.007648419975125321,0.4716718291404882,0.05772992627100278,267.9474769689226,,,,
0.3,fold-back reflecting,22,20,24,2,16,7.547954539467724,2.9146969400734393,339.69787035489924,339.8848186083243,0.04673706335626093,0.008174584555626705,0.3527692295212803,0.06170139260490533,253.0770906383132,,,,
0.3,fold-back reflecting,24,22,26,2,16,7.547954539467724,3.179669389171025,339.8161928359975,339.9045465927163,0.02208843917969716,0.007607031493668154,0.1667225347761519,0.057417527894506486,270.2543590562435,,,,
0.3,fold-back reflecting,26,24,28,2,16,7.547954539467724,3.44464183826861,339.8848186083243,339.9813622056296,0.02413589932632476,0.007360187987353453,0.18217667088426895,0.055554364330480305,253.0770906383132,,,,
0.3,fold-back reflecting,28,26,30,2,16,7.547954539467724,3.7096142873661955,339.9045465927163,340.01792282886055,0.02834405903605841,0.006693431292077114,0.21393966906815823,0.05052171510564876,281.1557199713663,,,,
0.3,fold-back reflecting,30,28,32,2,16,7.547954539467724,3.974586736463781,339.9813622056296,340.0516711774234,0.017577242948448202,0.00851106899772478,0.13267223070406664,0.06424116187709976,250.2729551110705,,,,
0.3,fold-back reflecting,32,30,34,2,16,7.547954539467724,4.239559185561366,340.01792282886055,340.1074741672204,0.022387834589963518,0.006301724892950484,0.16898235772216766,0.047565133012222365,282.19555092645373,,,,
0.3,fold-back reflecting,10,8,12,2,24,7.547954539467724,1.3248622454879269,337.86998958689253,339.0174544667857,0.286866219973291,0.007336175334344136,2.165253187267348,0.055373117917193966,257.9959105045399,,,,
0.3,fold-back reflecting,12,10,14,2,24,7.547954539467724,1.5898346945855124,338.55946508903696,339.23176762512867,0.16807563402292658,0.00796659850002578,1.2686272447972644,0.06013152331238634,255.57348283497876,,,,
0.3,fold-back reflecting,14,12,16,2,24,7.547954539467724,1.8548071436830977,339.0174544667857,339.4538972457063,0.10911069473014834,0.00706552686473135,0.8235625635929001,0.05333027557238015,264.202779691208,,,,
0.3,fold-back reflecting,16,14,18,2,24,7.547954539467724,2.119779592780683,339.23176762512867,339.5988481700437,0.09177013622876018,0.007402917635305571,0.6926768163354418,0.05587688577071035,259.2130075541639,,,,
0.3,fold-back reflecting,18,16,20,2,24,7.547954539467724,2.3847520418782686,339.4538972457063,339.69400698291946,0.0600274343032936,0.006723866859836431,0.4530843452421455,0.050751441387478974,275.17282764524253,,,,
0.3,fold-back reflecting,20,18,22,2,24,7.547954539467724,2.6497244909758537,339.5988481700437,339.8051106404733,0.05156561760739464,0.006778008894181129,0.38921493750019115,0.051160103001387056,267.9474769689226,,,,
0.3,fold-back reflecting,22,20,24,2,24,7.547954539467724,2.9146969400734393,339.69400698291946,339.8739340101598,0.044981756810088314,0.006417862948511886,0.3395202555079393,0.048441737775902,253.0770906383132,,,,
0.3,fold-back reflecting,24,22,26,2,24,7.547954539467724,3.179669389171025,339.8051106404733,339.8966118479,0.02287530185667208,0.006741258016759556,0.1726617384907625,0.05088270904932348,245.5540268286765,,,,
0.3,fold-back reflecting,26,24,28,2,24,7.547954539467724,3.44464183826861,339.8739340101598,339.97039195731895,0.02411448678978445,0.006306846981582089,0.182015050031888,0.04760379430436084,251.8577518025427,,,,
0.3,fold-back reflecting,28,26,30,2,24,7.547954539467724,3.7096142873661955,339.8966118479,340.0206803673142,0.031017129853552206,0.006414704159011929,0.23411588607937922,0.04841789537635657,245.5540268286765,,,,
0.3,fold-back reflecting,30,28,32,2,24,7.547954539467724,3.974586736463781,339.97039195731895,340.0452763448382,0.01872109687981549,0.006977313918933604,0.14130598817781836,0.052664448267706235,250.2729551110705,,,,
0.3,fold-back reflecting,32,30,34,2,24,7.547954539467724,4.239559185561366,340.0206803673142,340.09296010954864,0.018069935558614247,0.0053758913263855955,0.13639105212753164,0.04057698334067732,280.3631385195218,,,,
0.3,fold-back reflecting,10,8,12,2,32,7.547954539467724,1.3248622454879269,337.85451594380623,339.0063653942892,0.28796236262074615,0.006759992964155816,2.1735268221391117,0.051024119580569766,233.29134568104934,,,,
0.3,fold-back reflecting,12,10,14,2,32,7.547954539467724,1.5898346945855124,338.57835963004254,339.2322611492659,0.16347537980584548,0.006543541946572364,1.2339047350967416,0.04939035713982834,255.57348283497876,,,,
0.3,fold-back reflecting,14,12,16,2,32,7.547954539467724,1.8548071436830977,339.0063653942892,339.45550923434,0.11228596001269864,0.0058579407687586954,0.84752932159634,0.04421547061748524,259.6828667780618,,,,
0.3,fold-back reflecting,16,14,18,2,32,7.547954539467724,2.119779592780683,339.2322611492659,339.58809469647514,0.08895838680230383,0.00607544889516407,0.6714538594881748,0.04585721206755781,246.74413246597524,,,,
0.3,fold-back reflecting,18,16,20,2,32,7.547954539467724,2.3847520418782686,339.45550923434,339.6889664227134,0.05836429709334823,0.005736996549959803,0.4405310611885806,0.043302589152179764,255.92375050876336,,,,
0.3,fold-back reflecting,20,18,22,2,32,7.547954539467724,2.6497244909758537,339.58809469647514,339.79765358332384,0.052389721712174264,0.005827673330151939,0.3954352378188565,0.043987013366855315,246.74413246597524,,,,
0.3,fold-back reflecting,22,20,24,2,32,7.547954539467724,2.9146969400734393,339.6889664227134,339.86981255734634,0.04521153365823238,0.0056078199708152095,0.3412546007119529,0.042327570205232416,253.0770906383132,,,,
0.3,fold-back reflecting,24,22,26,2,32,7.547954539467724,3.179669389171025,339.79765358332384,339.89514840793817,0.024373706153582475,0.005470733311399328,0.18397162600558523,0.04129284633199385,245.5540268286765,,,,
0.3,fold-back reflecting,26,24,28,2,32,7.547954539467724,3.44464183826861,339.86981255734634,339.9632452055795,0.02335816205828678,0.005351774277515778,0.17630634534146844,0.04039494895218181,251.8577518025427,,,,
0.3,fold-back reflecting,28,26,30,2,32,7.547954539467724,3.7096142873661955,339.89514840793817,340.03518250358036,0.035008523910548206,0.005337897302382357,0.26424274697068667,0.04029020617472943,245.5540268286765,,,,
0.3,fold-back reflecting,30,28,32,2,32,7.547954539467724,3.974586736463781,339.9632452055795,340.0392391827854,0.018998494301484925,0.005757429747966062,0.1433997713059448,0.04345681800182695,250.2729551110705,,,,
0.3,fold-back reflecting,32,30,34,2,32,7.547954539467724,4.239559185561366,340.03518250358036,340.08293149171845,0.011937247034524034,0.00480043885776232,0.09010179794298331,0.03623349426788436,276.14031045458245,,,,
0.3,fold-back reflecting,10,8,12,2,40,7.547954539467724,1.3248622454879269,337.8591710122375,338.99113206486965,0.282990263158041,0.006200049783335804,2.1359976414289013,0.04679769390705536,233.29134568104934,2.0457275573796134,2.225233601225911,0.09027008404928782,0.08923595979700982
0.3,fold-back reflecting,12,10,14,2,40,7.547954539467724,1.5898346945855124,338.58180940799764,339.2379238225345,0.16402860363422178,0.005790854430114259,1.2380804434034762,0.0437091059831777,255.57348283497876,1.152930796470915,1.3237258675933237,0.08514964693256122,0.08564542418984744
0.3,fold-back reflecting,14,12,16,2,40,7.547954539467724,1.8548071436830977,338.99113206486965,339.449522600483,0.11459763390334388,0.005740748837991924,0.8649777310330047,0.0433309112516652,249.5453040703251,0.7800693008774259,0.9503456610160238,0.0849084301555788,0.08536792998301912
0.3,fold-back reflecting,16,14,18,2,40,7.547954539467724,2.119779592780683,339.2379238225345,339.59994115661607,0.09050433352038567,0.005641095324457005,0.6831225950366959,0.0425787310618054,246.74413246597524,0.6012672329622046,0.7678768572759009,0.08185536207449129,0.08475426223920501
0.3,fold-back reflecting,18,16,20,2,40,7.547954539467724,2.3847520418782686,339.449522600483,339.68752945017525,0.059501712423056574,0.005533839562754817,0.44911622038971294,0.041769169448381306,255.92375050876336,0.369130182322012,0.5282575478095616,0.07998603806770094,0.07914132741984864
0.3,fold-back reflecting,20,18,22,2,40,7.547954539467724,2.6497244909758537,339.59994115661607,339.79621219899946,0.04906776059584672,0.005135064657541036,0.37036122633093677,0.03875923459234714,246.74413246597524,0.29414267269752636,0.444220816787425,0.0762185536334104,0.07385959045648821
0.3,fold-back reflecting,22,20,24,2,40,7.547954539467724,2.9146969400734393,339.68752945017525,339.8741010508842,0.046642900177232605,0.005114780195726606,0.3520584901266827,0.03860612839671425,253.0770906383132,0.28025095941519484,0.4281160652292385,0.07180753071148788,0.07605757510255579
0.3,fold-back reflecting,24,22,26,2,40,7.547954539467724,3.179669389171025,339.79621219899946,339.90437665295184,0.027041113488095903,0.004767772504846561,0.20410509530473536,0.035986930121106,245.5540268286765,0.13541715218766737,0.27387117740410793,0.068687943117068,0.06976608209937257
0.3,fold-back reflecting,26,24,28,2,40,7.547954539467724,3.44464183826861,339.8741010508842,339.97074399496705,0.024160736020718332,0.00479952146540362,0.18236413712446228,0.036226569832066034,251.8577518025427,0.11400120402036477,0.2536554356588672,0.06836293310409751,0.07129129853440494
0.3,fold-back reflecting,28,26,30,2,40,7.547954539467724,3.7096142873661955,339.90437665295184,340.0364888333296,0.03302804509444002,0.004922641174792352,0.2492941829003232,0.03715587180144466,245.5540268286765,0.17560036175814328,0.32130300524152683,0.07369382114217993,0.07200882234120362
0.3,fold-back reflecting,30,28,32,2,40,7.547954539467724,3.974586736463781,339.97074399496705,340.04673668410794,0.01899817228522238,0.005219529980788444,0.14339734074183416,0.039396775012380016,250.2729551110705,0.06847359390408747,0.22145386809642295,0.07492374683774669,0.07805652735458879
0.3,fold-back reflecting,32,30,34,2,40,7.547954539467724,4.239559185561366,340.0364888333296,340.08447756727,0.011997183485107143,0.00456212314704565,0.09055419554724167,0.034434698117353994,263.6928177551326,0.02608876020382608,0.1573915137068772,0.06446543534341559,0.06683731815963553
0.5,fold-back reflecting,10,8,12,2,8,7.998446617153261,1.2502427632078283,330.5975414996208,331.9615707354137,0.3410073089482353,0.017878880770116505,2.7275287566815494,0.14300327341422486,232.92118194930794,,,,
0.5,fold-back reflecting,12,10,14,2,8,7.998446617153261,1.500291315849394,331.45840376931034,332.3716039206347,0.2283000378310902,0.013462163642356317,1.826045665286045,0.1076763972447685,251.43096129783052,,,,
0.5,fold-back reflecting,14,12,16,2,8,7.998446617153261,1.7503398684909597,331.9615707354137,332.57882205246756,0.15431282926346057,0.013445371927598359,1.234262927205675,0.10754208961066651,248.52016755884233,,,,
0.5,fold-back reflecting,16,14,18,2,8,7.998446617153261,2.0003884211325254,332.3716039206347,332.82230519200965,0.1126753178437383,0.01381778306419233,0.901227514843917,0.11052080020634678,251.43096129783052,,,,
0.5,fold-back reflecting,18,16,20,2,8,7.998446617153261,2.250436973774091,332.57882205246756,332.9473253963928,0.09212583598130664,0.0074570182028472765,0.7368635811570983,0.05964456201861409,294.1182232573709,,,,
0.5,fold-back reflecting,20,18,22,2,8,7.998446617153261,2.5004855264156567,332.82230519200965,333.14277001957555,0.08011620689147492,0.01499703123746638,0.6408052039902683,0.11995295376865477,268.3925148873668,,,,
0.5,fold-back reflecting,22,20,24,2,8,7.998446617153261,2.750534079057222,332.9473253963928,333.1385969479061,0.04781788787832397,0.013063598391069117,0.38246882353979433,0.10448849435889557,264.06280046279807,,,,
0.5,fold-back reflecting,24,22,26,2,8,7.998446617153261,3.000582631698788,333.14277001957555,333.1578134188368,0.0037608498153076653,0.013821782828193328,0.030080956482869063,0.11055279210518996,241.01317660837188,,,,
0.5,fold-back reflecting,26,24,28,2,8,7.998446617153261,3.2506311843403535,333.1385969479061,333.3415961654872,0.05074980439528076,0.016024455153822115,0.40591960128662313,0.12817074911681264,264.06280046279807,,,,
0.5,fold-back reflecting,28,26,30,2,8,7.998446617153261,3.5006797369819194,333.1578134188368,333.2951714963849,0.03433951938703217,0.013574631495741576,0.2746628126758763,0.10857596536621633,241.01317660837188,,,,
0.5,fold-back reflecting,30,28,32,2,8,7.998446617153261,3.750728289623485,333.3415961654872,333.4139911207641,0.018098738819219307,0.012793436704847201,0.14476179628332508,0.10232762053364947,266.0341564789677,,,,
0.5,fold-back reflecting,32,30,34,2,8,7.998446617153261,4.000776842265051,333.2951714963849,333.42211134436445,0.03173496199488568,0.013818022963187767,0.2538303994134807,0.11052271902565527,242.11262773870422,,,,
0.5,fold-back reflecting,10,8,12,2,16,7.998446617153261,1.2502427632078283,330.61190403118553,332.0008066523004,0.34722565527872007,0.011473499071472952,2.777265867852903,0.09177016983513392,232.92118194930794,,,,
0.5,fold-back reflecting,12,10,14,2,16,7.998446617153261,1.500291315849394,331.42740817537424,332.38115496548414,0.23843669752747587,0.009202668778832915,1.9071231967438347,0.07360705496283806,224.5755004966368,,,,
0.5,fold-back reflecting,14,12,16,2,16,7.998446617153261,1.7503398684909597,332.0008066523004,332.5551827430178,0.1385940226793423,0.007927166776598566,1.1085368918572478,0.06340502028789452,248.52016755884233,,,,
0.5,fold-back reflecting,16,14,18,2,16,7.998446617153261,2.0003884211325254,332.38115496548414,332.82486030392073,0.11092633460914669,0.008336032706958747,0.8872383658077401,0.06667531260545313,251.43096129783052,,,,
0.5,fold-back reflecting,18,16,20,2,16,7.998446617153261,2.250436973774091,332.5551827430178,332.9274510992699,0.09306708906302674,0.006957058805984155,0.7443921436844675,0.05564566347206027,268.69764808161335,,,,
0.5,fold-back reflecting,20,18,22,2,16,7.998446617153261,2.5004855264156567,332.82486030392073,333.0780545221921,0.06329855456783662,0.010524014710122037,0.5062901096538039,0.08417576985704676,268.3925148873668,,,,
0.5,fold-back reflecting,22,20,24,2,16,7.998446617153261,2.750534079057222,332.9274510992699,333.1613908288167,0.05848493238670471,0.009707402749989215,0.46778860960287555,0.0776441426869955,264.06280046279807,,,,
0.5,fold-back reflecting,24,22,26,2,16,7.998446617153261,3.000582631698788,333.0780545221921,333.23270066770283,0.03866153637768832,0.011861850884091713,0.3092322348540689,0.09487638107703979,241.01317660837188,,,,
0.5,fold-back reflecting,26,24,28,2,16,7.998446617153261,3.2506311843403535,333.1613908288167,333.3587238616327,0.04933325820400114,0.010207684462616986,0.3945894321949413,0.08164561925898674,264.06280046279807,,,,
0.5,fold-back reflecting,28,26,30,2,16,7.998446617153261,3.5006797369819194,333.23270066770283,333.31981078341687,0.021777528928510037,0.0134877756853399,0.1741864025881984,0.10788125380332893,229.2760729557731,,,,
0.5,fold-back reflecting,30,28,32,2,16,7.998446617153261,3.750728289623485,333.3587238616327,333.39909446023785,0.010092649651284091,0.008311387968535469,0.08072551946142628,0.06647819298078084,266.0341564789677,,,,
0.5,fold-back reflecting,32,30,34,2,16,7.998446617153261,4.000776842265051,333.31981078341687,333.4245450037708,0.026183555088479693,0.012476503560588777,0.20942776762249646,0.09979264769809192,229.2760729557731,,,,
0.5,fold-back reflecting,10,8,12,2,24,7.998446617153261,1.2502427632078283,330.585878163411,331.98118216328857,0.34882599996939234,0.009033132836656544,2.79006613943029,0.07225103077965157,232.92118194930794,,,,
0.5,fold-back reflecting,12,10,14,2,24,7.998446617153261,1.500291315849394,331.4424381377148,332.3576739871028,0.22880896234700288,0.008183434098255537,1.830116270858733,0.06545476077988865,224.5755004966368,,,,
0.5,fold-back reflecting,14,12,16,2,24,7.998446617153261,1.7503398684909597,331.98118216328857,332.5754652566348,0.14857077333655866,0.006172807832391919,1.1883353994016415,0.0493728739253323,248.52016755884233,,,,
0.5,fold-back reflecting,16,14,18,2,24,7.998446617153261,2.0003884211325254,332.3576739871028,332.8214977516648,0.11595594114049845,0.0073924544791414025,0.9274674051540426,0.059128152521148024,233.02913868532647,,,,
0.5,fold-back reflecting,18,16,20,2,24,7.998446617153261,2.250436973774091,332.5754652566348,332.9347192056385,0.08981348725092175,0.006585959269900765,0.7183683832768727,0.05267744364304693,268.69764808161335,,,,
0.5,fold-back reflecting,20,18,22,2,24,7.998446617153261,2.5004855264156567,332.8214977516648,333.057139840538,0.058910522218297956,0.008009129212847892,0.47119266715167735,0.06406059245884659,268.3925148873668,,,,
0.5,fold-back reflecting,22,20,24,2,24,7.998446617153261,2.750534079057222,332.9347192056385,333.1695520545852,0.05870821223668088,0.007606135468545389,0.46957450156359587,0.060837268507996305,264.06280046279807,,,,
0.5,fold-back reflecting,24,22,26,2,24,7.998446617153261,3.000582631698788,333.057139840538,333.2333895748257,0.04406243357192352,0.009794772626354992,0.352431022746892,0.07834296597905445,223.23284777246673,,,,
0.5,fold-back reflecting,26,24,28,2,24,7.998446617153261,3.2506311843403535,333.1695520545852,333.33217127447966,0.04065480497361307,0.00814938680406164,0.325175287312221,0.06518243531482025,248.14223700531377,,,,
0.5,fold-back reflecting,28,26,30,2,24,7.998446617153261,3.5006797369819194,333.2333895748257,333.3321908100342,0.024700308802124482,0.010674671045336204,0.19756410138099348,0.08538078651179323,223.23284777246673,,,,
0.5,fold-back reflecting,30,28,32,2,24,7.998446617153261,3.750728289623485,333.33217127447966,333.39609290491785,0.015980407609546887,0.007974839554572555,0.12781843718531052,0.06378632845761088,248.14223700531377,,,,
0.5,fold-back reflecting,32,30,34,2,24,7.998446617153261,4.000776842265051,333.3321908100342,333.42643369275686,0.023560720680663394,0.009705856910177432,0.18844916662594502,0.07763177836978229,229.2760729557731,,,,
0.5,fold-back reflecting,10,8,12,2,32,7.998446617153261,1.2502427632078283,330.58044517273123,332.00104384496643,0.3551496680588002,0.00771292672020134,2.8406456610680144,0.0616914326335454,232.92118194930794,,,,
0.5,fold-back reflecting,12,10,14,2,32,7.998446617153261,1.500291315849394,331.4468210493417,332.36649687384306,0.22991895612534563,0.006977698274008013,1.83899449684018,0.055810747155255545,224.5755004966368,,,,
0.5,fold-back reflecting,14,12,16,2,32,7.998446617153261,1.7503398684909597,332.00104384496643,332.58204896211606,0.14525127928740744,0.005988487937377244,1.1617846034535477,0.04789860108457813,248.52016755884233,,,,
0.5,fold-back reflecting,16,14,18,2,32,7.998446617153261,2.0003884211325254,332.36649687384306,332.8192321653953,0.11318382288806106,0.006828112081812576,0.9052947652954858,0.054614289982317106,233.02913868532647,,,,
0.5,fold-back reflecting,18,16,20,2,32,7.998446617153261,2.250436973774091,332.58204896211606,332.92404886012787,0.08549997450295166,0.00642426149325869,0.6838669818298238,0.05138411260846293,268.69764808161335,,,,
0.5,fold-back reflecting,20,18,22,2,32,7.998446617153261,2.5004855264156567,332.8192321653953,333.0659141143857,0.061670487247596384,0.007055070332265206,0.4932681001037306,0.05642960343288497,260.75948128705653,,,,
0.5,fold-back reflecting,22,20,24,2,32,7.998446617153261,2.750534079057222,332.92404886012787,333.1733602256651,0.062327841384302474,0.006907043541113816,0.4985259120747392,0.055245619045952085,264.06280046279807,,,,
0.5,fold-back reflecting,24,22,26,2,32,7.998446617153261,3.000582631698788,333.0659141143857,333.23433516310956,0.042105262180967884,0.008228323787703029,0.33677669185571374,0.065813808564595,223.23284777246673,,,,
0.5,fold-back reflecting,26,24,28,2,32,7.998446617153261,3.2506311843403535,333.1733602256651,333.33834212594746,0.04124547507059617,0.007104018262677875,0.3298997305512891,0.05682111084131084,248.14223700531377,,,,
0.5,fold-back reflecting,28,26,30,2,32,7.998446617153261,3.5006797369819194,333.23433516310956,333.33794580483817,0.025902660432151947,0.00860245047731701,0.20718104670881538,0.0688062409195247,223.23284777246673,,,,
0.5,fold-back reflecting,30,28,32,2,32,7.998446617153261,3.750728289623485,333.33834212594746,333.39428676051665,0.013986158642296687,0.006988056094386897,0.11186754327944678,0.05589359362862611,248.14223700531377,,,,
0.5,fold-back reflecting,32,30,34,2,32,7.998446617153261,4.000776842265051,333.33794580483817,333.4295572772187,0.022902868095130202,0.007817567482305972,0.1831873678386015,0.06252839618321754,229.2760729557731,,,,
0.5,fold-back reflecting,10,8,12,2,40,7.998446617153261,1.2502427632078283,330.5888760553069,331.9890845951214,0.3500521349536285,0.0071877896858303135,2.799873314647127,0.057491152097438575,230.7361281473492,2.6868282586880294,2.9095064317498656,0.11304505595909742,0.10963311710273871
0.5,fold-back reflecting,12,10,14,2,40,7.998446617153261,1.500291315849394,331.43216896855154,332.3677266493389,0.23388942019684578,0.00688049581736693,1.8707520417613988,0.055033278494755686,201.4806532584873,1.763775798965436,1.9741761538508074,0.10697624279596285,0.1034241120894086
0.5,fold-back reflecting,14,12,16,2,40,7.998446617153261,1.7503398684909597,331.9890845951214,332.5971287724904,0.15201104434224533,0.005903160671180853,1.2158522233891667,0.04721611550091867,230.7361281473492,1.1244182155860938,1.3075128095497155,0.09143400780307287,0.09166058616054884
0.5,fold-back reflecting,16,14,18,2,40,7.998446617153261,2.0003884211325254,332.3677266493389,332.82576272496465,0.11450901890643195,0.006119431775578811,0.9158942749056894,0.048945948384278515,233.02913868532647,0.823895301672788,1.0086325606008721,0.0919989732329014,0.09273828569518272
0.5,fold-back reflecting,18,16,20,2,40,7.998446617153261,2.250436973774091,332.5971287724904,332.92474488660827,0.08190402852946477,0.005737485253699234,0.6551049999227216,0.04589096951841736,263.21099036291696,0.5671117640051789,0.7480756345852265,0.08799323591754271,0.09297063466250488
0.5,fold-back reflecting,20,18,22,2,40,7.998446617153261,2.5004855264156567,332.82576272496465,333.051705100027,0.05648559376558637,0.0064090669621124875,0.4517970063722477,0.05126257996221736,260.75948128705653,0.351973208926178,0.5501531728390056,0.09982379744606967,0.09835616646675788
0.5,fold-back reflecting,22,20,24,2,40,7.998446617153261,2.750534079057222,332.92474488660827,333.16045468894606,0.05892745058444859,0.006270055386826879,0.4713280677846488,0.05015070329812903,256.62905124535996,0.37336887480509157,0.5662613105836247,0.09795919297955724,0.09493324279897591
0.5,fold-back reflecting,24,22,26,2,40,7.998446617153261,3.000582631698788,333.051705100027,333.2231816756583,0.04286914390782215,0.007305871680283477,0.3428865590697764,0.058435624626519196,223.23284777246673,0.2303786486766778,0.45608895939445593,0.1125079103930986,0.11320240032467954
0.5,fold-back reflecting,26,24,28,2,40,7.998446617153261,3.2506311843403535,333.16045468894606,333.33466298895166,0.04355207500140068,0.006497103961888694,0.3483489469649584,0.05196673920526168,248.14223700531377,0.24746412826751557,0.44937375066731683,0.10088481869744281,0.10102480370235845
0.5,fold-back reflecting,28,26,30,2,40,7.998446617153261,3.5006797369819194,333.2231816756583,333.33345256246383,0.02756772170138788,0.0074076263875878165,0.22049895038508846,0.059249504220937006,223.23284777246673,0.10589856215252923,0.33551355112776665,0.11460038823255923,0.11501460074267819
0.5,fold-back reflecting,30,28,32,2,40,7.998446617153261,3.750728289623485,333.33466298895166,333.39618378365515,0.015380198675870815,0.006109640783120839,0.123017698070164,0.04886763565377448,248.14223700531377,0.027627760844427966,0.22226594650344192,0.09538993722573602,0.09924824843327792
0.5,fold-back reflecting,32,30,34,2,40,7.998446617153261,4.000776842265051,333.33345256246383,333.43171483391023,0.024565567861600357,0.0068582767173471304,0.19648638316106626,0.054855560209366126,229.2760729557731,0.09127818235642776,0.30588782259472663,0.1052082008046385,0.10940143943366037
